name,nameid
Fernando José,44000
Torres Sanz,44001
Fernando Torres,44002
Marinette,44003
Pichon,44004
Beckenbauer,44005
van Persie,44006
v. Persie,44007
Zozaya,44008
Avom Ebong,44009
A.Avom,44010
Bermont,44011
Nhoa,44012
Sangui,44013
Coutinho da Silva,44014
Ricardo Coutinho,44015
Amougou,44016
Quevedo Barber,44017
Álex Quevedo,44018
Quevedo,44019
Brandtman,44020
Adyn,44021
Chisomnazu,44022
Chika Chidi,44023
Ruward,44024
Hasa,44025
Gay,44026
Ünyay,44027
Oliveras Codina,44028
Jan Oliveras,44029
Amando,44030
Lapage,44031
Wändin,44032
Masuero,44033
Benaissa,44034
Nuha,44035
Dehmaine,44036
Assoumani,44037
Tabibou,44038
De La Fuente Lozano,44039
Alba De La Fuente,44040
Karetsas,44041
Vennegoor of Hess.,44042
Pona,44043
Potsi,44044
Kayza,44045
Alves Soares,44046
Yoon Jae Seok,44047
Vanlalrinchhana,44048
Francisco Edgar,44049
Chissumba Rodrigues,44050
Chissumba,44051
Zanocelo,44052
Ramirez Cardozo,44053
Uneken,44054
H. Regragui,44055
Felden,44056
Ebayilin,44057
Lauton,44058
Gaetino,44059
Brinkmann,44060
Davîd,44061
Pereira Cardoso,44062
Winners,44063
Osawe,44064
Vetkal,44065
Thamer.K,44066
Bzdyl,44067
Kornel,44068
Lisman,44069
L. Kastrati,44070
Bi Abdoul Kader,44071
Jun Yeong,44072
Choi Jun Yeong,44073
JunYeong,44074
YoSeb,44075
Min-Hyeok,44076
Gibson Nana,44077
Walle Egeli,44078
Umut Mert,44079
Toy,44080
Tanmay,44081
SangGyu,44082
IlYeon,44083
YunGeon,44084
WonHyeong,44085
SeungBae,44086
Do Young,44087
Yun Do Young,44088
Sung Hun,44089
Kwak Sung Hun,44090
Sunghun,44091
C. Solano,44092
A. Rangel,44093
Gyu Dong,44094
Lee Gyu Dong,44095
Gyudong,44096
JaeYun,44097
Joane,44098
Gadou,44099
Jorthy,44100
Mokio,44101
YeongWoo,44102
Mesanvi,44103
Kumi,44104
Seok Hyun,44105
Choi Seok Hyun,44106
Seokhyun,44107
Louey,44108
Ben Farhat,44109
Sohaïb,44110
Alcides B.,44111
Fairclough,44112
Aboubaka,44113
Bräuer,44114
Papu Velasquez,44115
Tiago C.,44116
Roki,44117
M. Guilabert,44118
Rucy,44119
Grunenberg,44120
Clemence,44121
Mairot,44122
Bozicevic,44123
Fernando Andrés,44124
Camacaro,44125
Martinez-Jullien,44126
Carballo,44127
David Carballo,44128
Kimmi,44129
Ascanio,44130
Irusta,44131
Tirado,44132
Lippert,44133
M.Ndiaye,44134
Salenko,44135
Angély,44136
Díaz Robles,44137
S. Sosa,44138
Zimovski,44139
Mikolaj,44140
Lenarcik,44141
Peglow,44142
Bauza,44143
Naolia,44144
Deger,44145
Tolf,44146
Farkarlun,44147
Jimmy Farkarlun,44148
Keyliane,44149
Corradi,44150
Maat Daniel,44151
Caprini,44152
Tidstrand,44153
Wendel,44154
Wendel Silva,44155
Wendel S.,44156
Frédérique,44157
Abrogoua,44158
Bakola,44159
Messali,44160
Kovalevskis,44161
Kimmen,44162
Nennesson,44163
Elias Johnsson,44164
Arania,44165
Pinto Pedrosa,44166
Šaljić,44167
Torriani,44168
Fortini,44169
Remmem,44170
Enoch,44171
Mastoras,44172
S.Ortiz,44173
Di Vico,44174
Yaël,44175
Tobolik,44176
Miguel Pedro,44177
Menino,44178
Miguel Menino,44179
Seno Luís Rego,44180
Carrasco Sojo,44181
Óscar Carrasco,44182
Moi,44183
Batzula,44184
Raquel G.,44185
Monteagudo,44186
Michi A.,44187
Djomar,44188
Giersthove,44189
De La Torre,44190
Cabanes,44191
Baião Teixeira,44192
Rafael Teixeira,44193
Minoungou,44194
Jhosías,44195
Campss,44196
J. Campss,44197
Tobias Solheim,44198
Enes Melih,44199
Gökçek,44200
Bedirhan,44201
Borja Vázquez,44202
Brau,44203
Yoel Lago,44204
Fernández Melián,44205
Dani Fernández,44206
Al Sahli,44207
N Alsahli,44208
Kmeť,44209
Kóša,44210
S. Kóša,44211
Martín Luis,44212
Aarón Martín,44213
Aarón M.,44214
Hernández Romero,44215
Gerard Hernández,44216
Bondhus,44217
Jesper Johnsson,44218
Lucas Moura,44219
J.Ndiaye,44220
Wełniak,44221
Ibrian,44222
J. Mercado,44223
Eunate,44224
Eunate Astralaga,44225
Rizo Galiano,44226
Inés Rizo,44227
Lalie,44228
Rageot,44229
Intza,44230
Eguiguren Beraza,44231
Intza Eguiguren,44232
Novo Saborido,44233
Paula Novo,44234
Ntoi,44235
İsaev,44236
Heráldez,44237
Oduoye,44238
S. Oduoye,44239
Alonso González,44240
Tiago Mamede,44241
Vázquez Brandón,44242
Elena Vázquez,44243
Henrique P.,44244
Ulisses R.,44245
Dors,44246
de Nijs,44247
C. Puga,44248
Smir,44249
M. Narváez,44250
M.Artero,44251
Rafa Rodrigues,44252
Jason Daði,44253
Svanþórs­son,44254
Svanthorsson,44255
Messy,44256
Manitu,44257
Łukasiak,44258
Jozhua V.,44259
B. Cipenga,44260
de Miguel Alameda,44261
De Miguel,44262
M.Bokele,44263
Musa DRJ,44264
Loun,44265
Srdanovic,44266
J. Gnakpa,44267
Cercel,44268
Gabri,44269
Gândilă,44270
Kikis,44271
Giandro,44272
Al Arab,44273
A. Rahim,44274
Cala,44275
Bouzaidi Diouri,44276
Simo Bouzaidi,44277
Kena Kabeya,44278
K.Kabeya,44279
David G.,44280
Puric,44281
Djalma,44282
Sofia S.,44283
Al Khorayef,44284
J. Tomé,44285
Mwimba Isala,44286
Mwimba,44287
Guy Noël,44288
Zohouri,44289
Elezaj,44290
Sopuruchukwu,44291
Obieri,44292
L. Nene,44293
Yirenkyi,44294
Bung Meng,44295
Freimann,44296
Akosah-Bempah,44297
Bempah,44298
Oscar Anthony,44299
Peyton,44300
Templier,44301
Manguelle,44302
A. Kraev,44303
Fahad.Z,44304
Bugg,44305
McCammon,44306
Soiniemi,44307
A.Alrashidi,44308
Santos da Silva,44309
Jamar,44310
Reguła,44311
García Taboada,44312
Başyiğit,44313
Sylejmani,44314
Radelet,44315
S.Alruwalli,44316
M. Dias,44317
Calba,44318
Gorrotxa,44319
Aguiar Tomich,44320
Liberali,44321
Ghassan,44322
Arévalo Arrebola,44323
Alejandro Arévalo,44324
Papakanellos,44325
E. Brown,44326
Cleall-Harding,44327
Borikó,44328
I. Punzano,44329
Polcarová,44330
Budinauckas,44331
Robesten,44332
Nedeljković,44333
Değişmez,44334
Cordero Campillo,44335
Antoñito Cordero,44336
Antoñito C.,44337
Izan,44338
Merino Rodríguez,44339
Izan Merino,44340
Izan M.,44341
Céspedes Rubio,44342
Andrés Céspedes,44343
Zdravko,44344
Nilsen-Modebe,44345
Bekir Turaç,44346
Böke,44347
Hartzell,44348
Leenhan,44349
Robert Vinicius,44350
Rodrigues Silva,44351
Inchaud,44352
Al Ganehi,44353
Sayavedra,44354
Antzelo,44355
Sina,44356
Scicluna,44357
Olney Jr,44358
CJ Olney Jr,44359
Olney,44360
Jahić,44361
Arseniy,44362
Batagov,44363
Torjus,44364
Engebakken,44365
Bradić,44366
Cairus,44367
van der Spa,44368
J. Oyono,44369
Babic,44370
Kherbache,44371
Savona,44372
Farouck,44373
Adekami,44374
Chiheb,44375
Labidi,44376
Iruretagoiena,44377
Izeta,44378
Kayky Henrique,44379
Almeida B. da Silva,44380
Kayky Almeida,44381
Abagna,44382
Boris Enow,44383
Takang,44384
Enow,44385
Jostin Damian,44386
Miladinović,44387
Miladinovic,44388
Garci,44389
Alaeddine,44390
Ajaraie,44391
S. Ajaraie,44392
Rouhi,44393
Harrie,44394
Beleza Figueiredo,44395
Gui Beleza,44396
van Reeuwijk,44397
Kirkman,44398
Ties,44399
Oostra,44400
Rallis,44401
Leicester,44402
Speelman,44403
Eggens,44404
Bouland,44405
Bartolo,44406
Pllana,44407
Karanatsios,44408
Schiestl,44409
Safin,44410
Lebersorger,44411
Östman,44412
Amìn-Elias,44413
Gröller,44414
Bassinga,44415
Pezzolesi,44416
Vandeplas,44417
Adem Eren,44418
Lukas Pivetta,44419
Lukas Brambilla,44420
Canchimbo,44421
Navia,44422
Bergsvik,44423
Kaján,44424
A. Fernandez,44425
Sánchez Comuñas,44426
Laura Sánchez,44427
Mamatsashvili,44428
Aytemur,44429
Bostan,44430
Coba,44431
Gomes da Costa,44432
Coba da Costa,44433
Kafaji,44434
Berti,44435
Argyris,44436
Darelas,44437
Reinders,44438
Dams,44439
van de Blaak,44440
Affo,44441
Femia,44442
Sojka,44443
Ricciardi,44444
Jauny,44445
Rockson,44446
Cyriaque,44447
Irié,44448
Lincon,44449
Nascimento Saraiva,44450
Habraão,44451
Tola,44452
Showunmi,44453
Tsukada,44454
Tiendrebeogo,44455
T.Josue,44456
Chasco Ruiz,44457
Raúl Chasco,44458
R.Chasco,44459
Wael,44460
Debbiche,44461
Folino,44462
Mikołajewski,44463
Carlos Ventura,44464
Cauê,44465
Vinicius dos Santos,44466
Marwann,44467
Nzuzi,44468
Oufkir,44469
Stancovici,44470
Martín Langreo,44471
Gerard Martín,44472
Bernal Casas,44473
Marc Bernal,44474
Micheler,44475
Gastesi Serrano,44476
Oier Gastesi,44477
Bahereba,44478
Džodić,44479
Chennahi,44480
Nandjou,44481
Orakpo,44482
Alexi,44483
Koum,44484
Honest,44485
Ahanor,44486
Jeff,44487
Ekhator,44488
Tutu,44489
Dayann,44490
Methalie,44491
Sabri,44492
Guendouz,44493
Tieri,44494
Godame,44495
Coli,44496
Saco,44497
Zahui,44498
Milliner,44499
Russo F.,44500
Maybach,44501
Tolga,44502
Kalender,44503
Akpakoun,44504
Fage,44505
Sankhoun,44506
Gebel,44507
Bayesh,44508
Frode,44509
Aronsson,44510
Calvani,44511
Ante Matej,44512
Cichella,44513
Bracaglia,44514
Garguez,44515
Domínguez Viloria,44516
Sergi Domínguez,44517
Guirao Mora,44518
Carlos Guirao,44519
João Andrés,44520
Urbáez Gómez,44521
João Urbáez,44522
Lartitegi Ugarte,44523
Julen Lartitegi,44524
Hernández Hernández,44525
Adrián Pica,44526
Pica,44527
de las Sías López,44528
Marco de las Sías,44529
Ruiz Rubio,44530
Chupete,44531
Chupe,44532
Ochoa Moloney,44533
Aarón Ochoa,44534
Aaron Ochoa,44535
José Nicolás,44536
González Richart,44537
Houary Jeddoub,44538
Ali Houary,44539
A. Houary,44540
Dídac,44541
Castellà Alfonso,44542
Matia,44543
Barzic Gutiérrez,44544
Matia Barzic,44545
M. Barzic,44546
Akaegbobi,44547
Neininger,44548
Mbangula,44549
Bonalair,44550
Cassa,44551
Cabral da Cruz,44552
Gabriel Cabral,44553
G. Cabral,44554
Marselino,44555
Ferdinan,44556
Blumenberg,44557
Domènech,44558
Marc Domènech,44559
Alcázar Moreno,44560
Lucas Alcázar,44561
Collado López,44562
Alberto Collado,44563
Alexsander,44564
Rivera Cruz,44565
Pablo Rivera,44566
Rodrigo Abajas,44567
Jiménez Latorre,44568
Raúl Jiménez,44569
Ramos Fernández,44570
Mario Ramos,44571
de la Casa Simarro,44572
Eduardo de la Casa,44573
P. Pérez-Griffo,44574
Hugo Pascual,44575
Idriss,44576
Planeix,44577
Rastrilla L. Gómez,44578
Hugo Rastrilla,44579
Rastri,44580
Yun Ho,44581
Kim Yun Ho,44582
Almagro Évora,44583
Samu Almagro,44584
S. Almagro,44585
Andugar García,44586
Ángel Andugar,44587
Andugar,44588
Naasei Oppong,44589
Fernández Durán,44590
Víctor Fernández,44591
Salinas Viadero,44592
Jorge Salinas,44593
Carrascal García,44594
Marco Carrascal,44595
Iker Martínez,44596
Vogels,44597
Noode,44598
Lauraleen,44599
Le Lan,44600
De Lima,44601
Agoune,44602
Mazo,44603
Tawfik,44604
Bentayeb,44605
Exon Saturnino,44606
Arzú Suazo,44607
Exon Arzú,44608
Cavallius,44609
Bugaj,44610
Durdov,44611
Panoš,44612
Haarala,44613
Jelicic,44614
Plug,44615
Queißer,44616
Viadere,44617
Tevreden,44618
Imourane,44619
Belmar,44620
Fidèle,44621
Bongelo,44622
Mwanalima Adam,44623
Jereko,44624
da Silva Cunha,44625
Gustavo Silva,44626
Daniel Borges,44627
Daniel B.,44628
Rinaldo,44629
Ćutuk,44630
El Haddad,44631
Karayiğit,44632
Mellado,44633
Al Hussain,44634
Redha,44635
Scipioni,44636
Yassir,44637
Zabiri,44638
Jehad,44639
Thekri,44640
Aziz Alothman,44641
Al Zarie,44642
H.AlZarie,44643
Montadhar,44644
Al Shaqaq,44645
Anghelè,44646
Paví,44647
Ferencova,44648
Åke,44649
Jan Salas Franch,44650
Jan Salas,44651
González Pallarés,44652
Manu González,44653
Gómez Mirón,44654
Valen,44655
Bresser,44656
Toth,44657
Masaka,44658
Theodor Martin,44659
Agelin,44660
Soumaela,44661
Donavin,44662
Sumaila,44663
Awudu,44664
Christ Ravynel,44665
Inao Oulaï,44666
Inao,44667
Badey,44668
Håheim-Elveseter,44669
Auee,44670
Skuseth,44671
Lexi,44672
Youssoupha,44673
Amaru,44674
Roni,44675
Hudd,44676
Cuenca Cejudo,44677
Andrés Cuenca,44678
Meisel,44679
Stepanov,44680
Fehler,44681
Prince Kwabena,44682
Dalangunypole,44683
Vidackovic,44684
Victor Hugo,44685
Gomes Silva,44686
Gustavo Nunes,44687
Fernandes Gomes,44688
Balhareth,44689
Qasmi,44690
Othniël,44691
Raterink,44692
Al Makahasi,44693
AlMakahasi,44694
Oses,44695
Hernándes,44696
Ugo,44697
Raghouber,44698
Dalmasso,44699
Mendía,44700
Mendia,44701
Zufiaurre,44702
Corbalán,44703
Minerva,44704
Córdoba Sánchez,44705
Iker Córdoba,44706
Valero Elía,44707
Maite Valero,44708
Bosnjak,44709
Edvard Sundbø,44710
Köpp,44711
Terlinden,44712
Bernabéu,44713
Daedelow,44714
Merlo,44715
Primante,44716
Ardiles,44717
de Irastorza,44718
L. Cardozo,44719
Gerez,44720
Mihovilcevich,44721
Lencina,44722
Seyral,44723
Marsengo,44724
Dayro,44725
Bussio,44726
Porcel,44727
Cover,44728
Kapocs,44729
Oluwaseun,44730
Adewumi,44731
Aaryan,44732
Saroha,44733
S Murmu,44734
Largura Chaves,44735
Arthur Chaves,44736
Kahvic,44737
Plamen,44738
Denoon,44739
Javorček,44740
Shiogai,44741
Vasconcelos F. G.,44742
João Vasconcelos,44743
Maguette,44744
Puig Iglesias,44745
Victor Puig,44746
Molebe,44747
Serigne Saliou,44748
Marike-Aurora,44749
Dommasch,44750
Lemke,44751
Scherer,44752
Assis de Carvalho,44753
Emily Assis,44754
Ivanovic,44755
Klimowicz,44756
Easdon,44757
Wesley Gassova,44758
Ribeiro Teixeira,44759
Sanoussi,44760
D. Sanoussi,44761
Tilde,44762
Tanimu,44763
Rajab,44764
Kaheim,44765
Adrian Kurd,44766
Cato,44767
Lior,44768
Kasa,44769
Hjalte,44770
Umaro Candé,44771
Hagmann,44772
Igor Jesus,44773
I. Jesus,44774
de Sousa Ferreira,44775
Diego Sousa,44776
Aldry,44777
Robert Renan,44778
Alves Barbosa,44779
Mammadzada,44780
Sadig,44781
Polak,44782
Sträßer,44783
Stabile,44784
Darwish,44785
Paulo Victor,44786
de Almeida Barbosa,44787
PV,44788
Al Orayni,44789
Ebube,44790
Faissal,44791
Al Mazyani,44792
Semm,44793
Renders,44794
Nikolaus,44795
Wurmbrand,44796
Chibuike,44797
Nwaiwu,44798
Zickler,44799
Vartuli,44800
Soumaïla,44801
Sosu,44802
Al Baloushi,44803
Koumare,44804
Awad Alla,44805
Faxon,44806
Pasiek,44807
Luisa,44808
Blumenthal,44809
Sury,44810
Lamontana,44811
Estrella Gil,44812
Ylenia Estrella,44813
Yle,44814
Mouhcine,44815
Bouriga,44816
Amor Leigh,44817
Martín Esteban,44818
Uetz,44819
Alketa,44820
Makerlo,44821
Tellez,44822
Adamek,44823
Zsóri,44824
Pérez Vázquez,44825
Ángel Pérez,44826
Torra Serra,44827
Marc Torra,44828
Temelkovski,44829
Pelekanos,44830
Barceló,44831
Moreno Torres,44832
Emma Moreno,44833
Karakasidis,44834
Aristide,44835
Zossou,44836
Vinith,44837
Venkatesh,44838
Rodríguez Caraballo,44839
Jesús Rodríguez,44840
Jesús R.,44841
Andrés Baixauli,44842
Chema Andrés,44843
Naoufel,44844
El Hannach,44845
Wellisol,44846
Agote Aguirre,44847
Daniela Agote,44848
Agote,44849
Vilariño Mendinueta,44850
Maitane Vilariño,44851
Vilariño,44852
Luque Fernández,44853
Daniela Luque,44854
Martínez Moreno,44855
Raúl Martínez,44856
Hernández Mesas,44857
Jesús Hernández,44858
Andino,44859
Stanic,44860
Adžić,44861
Ayden,44862
Heaven,44863
Kacurri,44864
Steffi,44865
Lany,44866
Bäcker,44867
Dziewiatowski,44868
Sulaiman,44869
Corban,44870
Struick,44871
Yusov,44872
Rangel da Silva,44873
Sheyko,44874
Petrusenko,44875
Vanlalzuidika,44876
Chhakchhuak,44877
Mirjalol,44878
Kasimov,44879
Zodingliana,44880
Lalremsanga,44881
França Freires,44882
França,44883
Laishram,44884
Lalrinfela,44885
Khiangte,44886
K,44887
Sourav K,44888
Marfella,44889
Fleuriau Chateau,44890
Tijn,44891
Smolenaars,44892
Brazete,44893
Kasawaya,44894
Gordić,44895
Elano Lorenzo,44896
Yegen,44897
Abdulai Juma,44898
Simões,44899
João Simões,44900
J. Simões,44901
Arsénio Candeias,44902
André Candeias,44903
Candeias,44904
Usma,44905
J. Usma,44906
Keita Keita,44907
Abdoulaye Keita,44908
Jónatas Xavier,44909
Noro,44910
Jónatas Noro,44911
Jónatas,44912
Sarapata,44913
Mailin,44914
Tenhagen,44915
Moussier,44916
Kaïs,44917
Benabdelouahed,44918
Léane,44919
Lescop,44920
Élisa,44921
Rambaud,44922
Adjabi,44923
Csiki,44924
Juan Segundo,44925
Morán,44926
Elias Hovdahl,44927
Sandrød,44928
Miranyan,44929
Ayberk,44930
Karapo,44931
Jovo,44932
Flores Lozano,44933
Mateo Flores,44934
Mamuzah Lum,44935
Cardillo,44936
de Souza Miranda,44937
Allan Paulista,44938
Fretes,44939
Fellipe,44940
Fellipe Jack,44941
Hasip,44942
Korkmazyürek,44943
Korkmazyurek,44944
Agueissa,44945
Frøya,44946
Jeevan,44947
Badwal,44948
Bombino,44949
Ramos Jr,44950
Pérez Fernández,44951
Silvia Pérez,44952
Fenyö,44953
Cara,44954
Niama Pape,44955
Šapić,44956
Fatou D.,44957
Lalthangliana,44958
Lalvenkima,44959
Abawiha,44960
Peio,44961
Peio Canales,44962
Edmund,44963
Napsugár,44964
Sinka,44965
Gleiber,44966
Llorente,44967
Mereles,44968
Codie,44969
Idan,44970
Toklomati,44971
Kpakio,44972
Auton,44973
Luque,44974
D. Luque,44975
Neide,44976
Chaves Guedes,44977
Neide Guedes,44978
Pinho Silva,44979
Joana Silva,44980
Ramming,44981
Jandry,44982
Zyed,44983
Beltaief,44984
Borsum,44985
Ismaëlo,44986
Ganiou,44987
López Cañero,44988
Marnie,44989
Tobio Burgos,44990
Markulin,44991
Esdras,44992
Jhunior,44993
Kadzere,44994
Cavar,44995
Kurzka,44996
Iraia,44997
Yerobi,44998
Iraia Yerobi,44999
Botan,45000
Galarza Altuna,45001
Aitor Galarza,45002
Sabina Rodríguez,45003
Fran Sabina,45004
Cvrčková,45005
Al Marwani,45006
Mlok,45007
Emmi,45008
Clarismario,45009
Rivas Moure,45010
Lucía Rivas,45011
L.Rivas,45012
A. Parra,45013
A.Hisham,45014
Al Yazidi,45015
AlYazidi,45016
Rivas Soto,45017
Martina Rivas,45018
Yerover,45019
Gómez Vera,45020
Pérez Galiano,45021
Adrián Pérez,45022
Lezeta Iturbe,45023
Maren Lezeta,45024
Lezeta,45025
J. Sánchez,45026
Schiffarth,45027
Maillo Sánchez,45028
Julia Maillo,45029
J. Maillo,45030
Matías Oscar,45031
K'Marni,45032
García Madrigal,45033
Lucas García,45034
Min-Su,45035
García Hurtado,45036
Enric García,45037
Cillian,45038
Tollett,45039
Cichero,45040
Barcella,45041
Öhman,45042
Ozzi,45043
Leo Haug,45044
Utkilen,45045
Kavian,45046
Makanza,45047
Adeh,45048
Keyan,45049
E.Paniagua,45050
Dos Santos C.,45051
Weiland,45052
Seibt,45053
Băsceanu,45054
Ashqar,45055
Fajardo Serrano,45056
José Fajardo,45057
Haraj,45058
Qaysi,45059
Bravo Sanchez,45060
Basse,45061
Sharabura,45062
Pech,45063
Salko,45064
Hamzic,45065
Willy Tomás,45066
Chatiliez,45067
Ro-Zangelo,45068
Daal,45069
Taha Osman,45070
Özmert,45071
Usluoğlu,45072
Felix Emmanuel,45073
Tsimba,45074
Markuss,45075
Strods,45076
Faberski,45077
Vergaz,45078
Alajbegovic,45079
Gourab,45080
Sliti,45081
Sofo,45082
Almansa López,45083
Alex Almansa,45084
Almansa,45085
Sofía,45086
Agostina,45087
Holzheier,45088
Nea,45089
Lehtola,45090
Lopes Marqués,45091
Adri Lopes,45092
A. Lopes,45093
Lachaab,45094
Rubino,45095
Prachit,45096
Gaonkar,45097
Ferrán,45098
Ruiz Martí,45099
Ferrán Ruiz,45100
Dominguez Velasco,45101
Isra Dominguez,45102
Isra,45103
Sjöholm,45104
Vasović,45105
Jahmai,45106
Simpson-Pusey,45107
Nahet,45108
Mohamed Kader,45109
Meiser,45110
Zépiqueno,45111
Asencio del Rosario,45112
Asencio,45113
R. Asencio,45114
Yhonnier,45115
Lozada,45116
Aspajo,45117
S. Aspajo,45118
Foa Sam,45119
Diego Alejandro,45120
Jailerth,45121
E. Navarro,45122
Tome,45123
López González,45124
Fer López,45125
Díaz Cacho,45126
Diego Díaz,45127
Ladstatter,45128
Maamar,45129
Fischerström,45130
Thorstensen,45131
Maldar,45132
Casárez,45133
Don-Angelo,45134
Mateos García,45135
Ángela Mateos,45136
Ángela M.,45137
Cantero Mariño,45138
Mario Cantero,45139
Borrell,45140
Baljawsh,45141
Troncoso,45142
Nicosia,45143
Alanen,45144
Halttunen,45145
van der Zanden,45146
Liefting,45147
Woldvik,45148
Salz,45149
Yalcin,45150
A.Diatta,45151
Viciana Rodríguez,45152
Marco Viciana,45153
Pastor Sánchez,45154
Gonzalo Pastor,45155
Montivero,45156
Staugaard,45157
Al Khathami,45158
Abu Dahi,45159
Abudahi,45160
Ruairi,45161
Bony,45162
Bujupi,45163
Davide-Danilo,45164
Sekulovic,45165
Ugwu,45166
Jeppsson,45167
Niklasson Petrovic,45168
Byars,45169
Marlène,45170
Tikkanen,45171
Kallinen,45172
Laqeretabua,45173
Nađa,45174
Stanovic,45175
Annest,45176
Žufánková,45177
Amil,45178
Siljevic,45179
Reverson,45180
Bacci,45181
Pugno,45182
Kitz,45183
Zawieschitzky,45184
Way,45185
Aguado Herrera,45186
Lorenzo Aguado,45187
Jovial,45188
Faik,45189
Sakar,45190
Leonardo Oliveira,45191
Valentim Sousa,45192
Winterburn,45193
Jay David,45194
Mbalanda,45195
Roguski,45196
Tugra,45197
Turhan,45198
Jeż,45199
Blé,45200
Uriël,45201
van Aalst,45202
Luş,45203
Berat Luş,45204
Verschuren,45205
Kottas,45206
Yiğit Ali,45207
Buz,45208
A. Doherty,45209
Yáñez Barla,45210
Daniel Yáñez,45211
Mentu,45212
Gryzio,45213
Scheel,45214
Díaz Peregrina,45215
Juan Díaz,45216
Penner,45217
Morales Arboleda,45218
Luis Morales,45219
El Arguioui,45220
Ajvazi,45221
Korkut,45222
Tjalling,45223
van Keimpema,45224
Mangondo,45225
Mackiewicz,45226
Briciu,45227
Rychta,45228
Arsic,45229
Derin,45230
Degirmenler,45231
Hinder,45232
Krapyvtsov,45233
Benoný Breki,45234
Campaniello,45235
Cherny,45236
Swider,45237
Pesch,45238
Nguene,45239
García Pascual,45240
Álvaro Pascual,45241
Pirot Álvarez,45242
César Pirot,45243
Schoppitsch,45244
Uranga Callejo,45245
Malen Uranga,45246
Uranga,45247
Aigbekaen,45248
Hennrich,45249
Di Biasi,45250
Prüfrock,45251
Regiardo,45252
Guaraz,45253
Henrique Miguel,45254
Sousa Arreiol,45255
Henrique Arreiol,45256
H. Arreiol,45257
Ćatović,45258
Gómez Martinez,45259
Esther Gómez,45260
Corrales,45261
Zec,45262
Benkara,45263
Aragües Bernal,45264
Chema Aragües,45265
Laatsch,45266
Ritari,45267
Bouwman,45268
Michelbrink,45269
Eduardo Manuel,45270
Felicíssimo,45271
Eduardo Felicíssimo,45272
Bonnar,45273
Kiantay,45274
Licorish-Mullings,45275
Azzouz,45276
Bouw,45277
Kharabara,45278
Doğru,45279
Bergholt,45280
Olewinski,45281
Ki Wan,45282
Sung Ki Wan,45283
KiWan,45284
Siren Diao,45285
Jun Jin,45286
Yu Jun Jin,45287
JunJin,45288
Seung Bin,45289
Jung Seung Bin,45290
SeungBin,45291
Bracco,45292
Venturino,45293
Linnéa,45294
Laupstad,45295
Ra'ees,45296
Bangura-Williams,45297
Dieu-Merci,45298
Emilía,45299
Ghimfuș,45300
Ghimfus,45301
Peddemors,45302
Lefter,45303
Sørbo,45304
Sorbo,45305
Karlie,45306
Schupansky,45307
Courtnall,45308
Munn,45309
Oseni,45310
Tunguliadi,45311
Galešić,45312
Badreldin,45313
Bahaa Mamdouh,45314
Ellethy,45315
Bahaa,45316
Metwali,45317
A.Metwali,45318
Ji Ho,45319
Lee Ji Ho,45320
JiHo,45321
Rabeh,45322
Boussaffi,45323
Mobark,45324
Diego Henrique,45325
Diego Rodrigues,45326
Mohamed Khaled,45327
Gouda,45328
M.Khaled,45329
Hafiz Umar,45330
Kilyan,45331
Jusseron Veniere,45332
Jusseron,45333
Ghossaini,45334
Guèye,45335
Rees-Dottin,45336
Mohiuddin,45337
Juncaj,45338
Hewitson,45339
Alexandre Brito,45340
Alexandre B.,45341
Dantas Fernandes,45342
Adedokun,45343
Nikky,45344
Goguadze,45345
Ebnoutalib,45346
Gaines-Ramos,45347
Moussounda,45348
A.Moussounda,45349
Versluis,45350
Climent Plá,45351
Climent,45352
M. Climent,45353
Fuhna,45354
Nsolo,45355
Et-Taibi,45356
De Roeve,45357
Himpe,45358
Ehrlich,45359
Þórðarson,45360
Thordarson,45361
Pöpperl,45362
Moses Turay,45363
Eko,45364
Leandro H.,45365
Sousa Santos,45366
Leandro Santos,45367
Trummer,45368
Giakoumakis,45369
Robi,45370
Junttila Nelhage,45371
Kingue,45372
Hiiro,45373
Komori,45374
Pante,45375
Gagne,45376
Lilly,45377
Reale,45378
Khyah,45379
Milović,45380
Dahlien,45381
Tordin,45382
Hawighorst,45383
Klanac,45384
Jemiah,45385
Umolu,45386
Pennsäter,45387
Salomon,45388
Tweh,45389
Sm.Tweh,45390
Hong Sung Min,45391
Baek Seung Won,45392
Sang Hyeok,45393
Cho Sang Hyeok,45394
SangHyeok,45395
Ji Woo,45396
Hong Ji Woo,45397
Kang Min Jun,45398
Jun young,45399
Cha Jun Young,45400
JunYoung,45401
Heon Jae,45402
Lee Heon Jae,45403
HeonJae,45404
Lee Chang Woo,45405
Hyeon Seo,45406
Han Hyeon Seo,45407
HyeonSeo,45408
Natali,45409
Edú,45410
Azareño,45411
Ademar,45412
Gašper,45413
Tratnik,45414
Robinio,45415
I.Gueye,45416
Eemil,45417
Kaius,45418
Simojoki,45419
Vuorinen,45420
Kofane,45421
Samuel Cruz,45422
Cortés Cortés,45423
Samu Cortés,45424
García Fernández,45425
Germán García,45426
Al Ghumail,45427
Rendell,45428
Omoregbe,45429
López de Guereñu,45430
Marta López,45431
Guereñu,45432
Nkulikiyimana,45433
Anela,45434
Nigito,45435
Mimbacas,45436
Alladoh,45437
Hagg,45438
Martín Queralt,45439
Emma Martín,45440
Sekine,45441
Losas,45442
Šego,45443
Ásdís Karen,45444
Burcea,45445
Delabre,45446
Solórzano,45447
Chavoshi,45448
Amarfil,45449
Ramsak,45450
López Gómez,45451
Pablo López,45452
Yousri,45453
Bouzok,45454
B.Yousri,45455
Dermane,45456
Nunes Júnior,45457
Cimpoeşu,45458
Creţ,45459
El-Kathemi,45460
Sion,45461
Oppong,45462
Masnom,45463
Desio,45464
Herdes,45465
Telle,45466
João Paulino,45467
Plamedi,45468
Viera García,45469
Sergio Viera,45470
Dias De Souza,45471
Sánchez Martínez,45472
Loren Sánchez,45473
Husser,45474
Ludovico,45475
Gelmi,45476
Gökçe,45477
Miras Blanco,45478
Nacho Miras,45479
Vanrafelghem,45480
Silcott-Duberry,45481
Keisuke,45482
Damienus,45483
Aemu,45484
Oyama,45485
Codey,45486
Candy,45487
Memić,45488
Merchas,45489
Doski,45490
Petryak,45491
Serrés,45492
Cándido De Siqueira,45493
Gustavo Siqueira,45494
Loke,45495
Allie,45496
Favour,45497
Vitor Reis,45498
Chaku,45499
Aleksejs,45500
Saveļjevs,45501
Nkor,45502
B. Nkor,45503
Almqvist,45504
Cardinali,45505
Saga,45506
Enehov,45507
Jaque,45508
Nassiep,45509
Postel,45510
Gómez Pérez,45511
Diego Gómez,45512
V.Lopez,45513
Volanakis,45514
Polydefkis,45515
Hofvander,45516
Shinomi,45517
Koyama,45518
Maggie,45519
Nekić,45520
Vando,45521
Baifas Félix,45522
Vando Félix,45523
Westley,45524
Bottari,45525
Jappert,45526
Panneflek,45527
Bourgault,45528
Abbati,45529
Mikuláš,45530
Konečný,45531
Funes,45532
Pablo G.,45533
Ortiz Monterrey,45534
Ángel Ortiz,45535
Á.Ortiz,45536
Arshaf,45537
Gomez van Hoogen,45538
Mussolo Sola,45539
Alex Sola,45540
Gazal,45541
Hristiyan,45542
Eser,45543
Abed,45544
Cossier,45545
Zabi,45546
Skorup,45547
Nsio,45548
Xuyanlin,45549
Deng Xuyanlin,45550
Motunrayo,45551
Cursons,45552
Pobric,45553
Emersonn,45554
Gandín,45555
Neung,45556
Kwon Neung,45557
KwonNeung,45558
Rey Domenech,45559
Peñaranda,45560
Genderson,45561
Do Yeong,45562
Kwon Do Yeong,45563
DoYeong,45564
Grayson,45565
Dettoni,45566
Barkovskiy,45567
Alders,45568
Vinarčík,45569
Sofja,45570
Nesterova,45571
Jang Min Gyu,45572
MinGyu,45573
Kresche,45574
Leandro Viana,45575
da Silva Gama,45576
Leandrinho,45577
Merolla,45578
de Brienne,45579
Schyberg,45580
Ndjeungoue,45581
Czubak,45582
Ševínský,45583
Måns,45584
Elohim,45585
Redkin,45586
Gentian,45587
Lajqi,45588
Siltanen,45589
Róbert Frosti,45590
Þorkelsson,45591
Colazo,45592
Gbato Seloh,45593
Pays,45594
Ki Wook,45595
Yun Ki Wook,45596
KiWook,45597
Sheldon,45598
Osella,45599
Juambeltz,45600
Hennadii,45601
Synchuk,45602
de Oliveira Afonso,45603
João Afonso,45604
Cavadia,45605
Awodesu,45606
Escorcia,45607
Auzmendi,45608
Hennes,45609
Erlein,45610
Gravante,45611
Workou,45612
Bounida,45613
Maroan,45614
Sannadi Harrouch,45615
Maroan Sannadi,45616
Vallejo Mellado,45617
Jaime Vallejo,45618
Carrillo Mariscal,45619
Hugo Carrillo,45620
Tanarro Suárez,45621
Laura Tanarro,45622
Tanarro,45623
Et-Taïbi,45624
Et Taibi,45625
Jánó,45626
Głogowski,45627
Grzywacz,45628
Stachowicz,45629
Josiah,45630
Nejad,45631
Mazou,45632
Bambara,45633
Vojvodic,45634
Ludwik,45635
Nasif,45636
Bondo Francisco,45637
Pedro Bondo,45638
Luis Ignacio,45639
Santiago Lopez,45640
Rybrink,45641
Mavilla,45642
Bracamonte,45643
Tovo,45644
Fagúndez,45645
Obredor,45646
Villarreal,45647
Rick Jhonatan,45648
Lima Morais,45649
Joon,45650
Kobei,45651
Gomes C. Santos,45652
William Gomes,45653
Dávid-Turi,45654
Semeu,45655
Commey,45656
Hyllarion,45657
Goore,45658
Devon,45659
Kanjinga,45660
Retamar,45661
Wilson-Brown,45662
Čelik,45663
Celik,45664
Stéphano,45665
Nayomi,45666
Buikema,45667
Palande,45668
Tevez,45669
João Henrique,45670
Mendes da Silva,45671
Esquerdinha,45672
Nwachukwu,45673
Filip Andrei,45674
Sletsjøe,45675
Ismael Petcho,45676
Ola Nikolai,45677
Rye,45678
Hanstad,45679
Øhlenschlæger,45680
Dzabic,45681
Daga,45682
Flex,45683
Kukleci,45684
Teixeira Aragão,45685
Biel,45686
Prestmo,45687
Aksel Baran,45688
Potur,45689
Graham-Roache,45690
Shin Ji,45691
Kim Shin Ji,45692
S J Kim,45693
Mamageishvili,45694
Yan Lincon,45695
Farias de Sousa,45696
Yan Maranhão,45697
Michel Augusto,45698
dos Santos da Silva,45699
Gabriel Vareta,45700
Mustafe,45701
Abdullahu,45702
Isnaba,45703
Tincres,45704
Neelakandan,45705
Rosu,45706
Beyatt,45707
Lekoueiry,45708
B. Lekoueiry,45709
Calione,45710
Volken,45711
Tomatis,45712
Marsenić,45713
Schmetgens,45714
Collodi,45715
Adisa,45716
López Gálvez,45717
J.Àngel,45718
Neiser,45719
Urie-Michel,45720
Mboula,45721
M.Mboula,45722
de la Cuesta,45723
Steur,45724
Endika,45725
Buján de Rueda,45726
Endika Buján,45727
Ruiz González,45728
Romero Martinez,45729
Elías Romero,45730
Ndiaye Dione,45731
Assane Ndiaye,45732
Bebar,45733
Castellini,45734
van Duijn,45735
Shandre,45736
Taorem Kelvin,45737
Sahhari,45738
Foyo,45739
Silia,45740
Plöchinger,45741
Brahic,45742
Oluwakorede,45743
David Osundina,45744
Korede Osundina,45745
João Gonçalo,45746
Carapinha Carvalho,45747
João Carvalho,45748
J. Carvalho,45749
Nsungusi,45750
In Woo,45751
Baek In Woo,45752
InWoo,45753
Dong Hwa,45754
Kim Dong Hwa,45755
DongHwa,45756
Hui su,45757
Kang Hui su,45758
Byung Wook,45759
Choi Byung Wook,45760
ByungWook,45761
Kang Min Jae,45762
Jun Ha,45763
Kim Jun Ha,45764
JunHa,45765
Joo Seung Min,45766
SeungMin,45767
Ji Woon,45768
Kim Ji Woon,45769
JiWoon,45770
Élan,45771
Tae Young,45772
Kwon Tae Young,45773
TaeYoung,45774
Jae Hwan,45775
Lee Jae Hwan,45776
JaeHwan,45777
Hong Yong Jun,45778
YongJun,45779
Jónatan Guðni,45780
Arnarsson,45781
Ryu Seong Min,45782
SeongMin,45783
Burkenroad,45784
Seong Bin,45785
Jung Seong Bin,45786
SeongBin,45787
Pená,45788
Lindon,45789
Emërllahu,45790
Milicic,45791
van der Vliet,45792
Engesvik,45793
Shukurat,45794
Oladipo,45795
Tae Ho,45796
Jin Tae Ho,45797
TaeHo,45798
Jeong Hyeok,45799
Seo Jeong Hyeok,45800
JeongHyeok,45801
Ademo,45802
Jasper Silva,45803
Torkildsen,45804
Ieltsin,45805
Semedo Camões,45806
Ieltsin Camões,45807
Min Sung,45808
Kang Min Sung,45809
MinSung,45810
Him Chan,45811
Sung Him Chan,45812
HimChan,45813
Gyeong Seop,45814
Park Gyeong Seop,45815
GyeongSeop,45816
Lee Sang Hyeon,45817
Astor,45818
Dancey,45819
Aryssa,45820
Mahrt,45821
DeAira,45822
Sidoine,45823
Fogning,45824
Höök,45825
Jakirović,45826
M. Fernandes Félix,45827
Nuno Félix,45828
N. Félix,45829
Domingos José,45830
Gabriel Bandeira,45831
Khaly,45832
Fikaj,45833
Amoussou-Tchibara,45834
Tchibara,45835
Ilama,45836
Burney,45837
Chido,45838
van den Elshout,45839
vd Elshout,45840
Arturia,45841
Louati,45842
Alaat,45843
Abdul-Rahman,45844
Al Oufi,45845
Mutni,45846
Al Timawi,45847
Oluwabori,45848
Lambe,45849
Favero,45850
C. Favero,45851
Asiedu,45852
Nijstad,45853
Pasadore,45854
Azarias,45855
Mulazzi,45856
Conall,45857
Azcárate,45858
Hunor Vajk,45859
Castro Neto,45860
Lider,45861
Yanarico,45862
Puzzo,45863
Renyer Luan,45864
Renyer,45865
Wynder,45866
Marhaug,45867
Arou,45868
Alemany Sánchez,45869
Marta Alemany,45870
Westfield,45871
Harbor,45872
te Fruchte,45873
Leonardo José,45874
Leonardo Barroso,45875
Mykhi,45876
Joyner,45877
Glasgow,45878
Zborowski,45879
Chirilă,45880
Belcar,45881
Lähteenmäki,45882
Escleizon,45883
Freita,45884
Modou Kéba,45885
Queyrell,45886
Tchicamboud,45887
Kopczyński,45888
Luken,45889
Beitia,45890
Luken Beitia,45891
Al Shubili,45892
Nardini,45893
Dudu Nardini,45894
Shumaira,45895
Mheuka,45896
Edney Henrique,45897
Edney,45898
Villum,45899
Ilay,45900
Feingold,45901
Beau,45902
Sbai,45903
Jočić,45904
Jocic,45905
Engman,45906
Braut,45907
Dickes,45908
Koß,45909
Ridha,45910
Amedo,45911
Jhoao,45912
Borén,45913
Aleksandr,45914
Guboglo,45915
Kinn,45916
Gazdov,45917
Ramula,45918
Revelant,45919
Orseer,45920
Achihi,45921
Fofana.R,45922
Łukowicz,45923
Barratt,45924
Paul-Lavaly,45925
Lauvli,45926
Prince Amoako,45927
de Araújo Martins,45928
Samer-Amer,45929
Sarar,45930
Dias da Silva,45931
Luan Dias,45932
Kraaijeveld,45933
Kalani,45934
Kossa-Rienzi,45935
Fruk,45936
Bassco,45937
Soyer,45938
El-Hadji Fallou,45939
Fallou Faye,45940
Korherr,45941
Durrington,45942
Hinojo Estrada,45943
Roger Hinojo,45944
Hinojo,45945
Costantini,45946
da Cruz Patrão,45947
Afonso Patrão,45948
Patrão,45949
Dewsbury,45950
José Augusto,45951
José Silva,45952
Santos López,45953
Elsa Santos,45954
Jose Sosa,45955
Adanuy,45956
Oyerze,45957
Cordeso,45958
Iribarra,45959
Currimila,45960
Carteldo,45961
Vienda,45962
Madrez,45963
Jelverado,45964
Moncora,45965
Dorlans,45966
Escavari,45967
Herlyn,45968
Buenatierra,45969
Baredia,45970
Labran,45971
Lorcado,45972
Aldanada,45973
Isleras,45974
Suleziano,45975
Cambados,45976
Edher,45977
Albavera,45978
Desenda,45979
Ruvios,45980
Baedas,45981
Giakumis,45982
Ballega,45983
Scatopano,45984
Briceldo,45985
Jonia,45986
Elarra,45987
Yeiker,45988
Higuerrez,45989
Davilo,45990
Rocora,45991
Risendo,45992
Herreras,45993
Fauño,45994
Gamonales,45995
Cerrión,45996
Parediso,45997
Mercelán,45998
Iturrado,45999
Latorres,46000
Daralla,46001
Fardenal,46002
Aguileda,46003
Perosas,46004
Acorada,46005
Danteón,46006
Bosquedo,46007
Adánguiz,46008
Cespeda,46009
Arandero,46010
Coldado,46011
Goldeiro,46012
Lederos,46013
Merraño,46014
Safildo,46015
Manjedo,46016
Agoste,46017
Alexer,46018
Romales,46019
Dunavante,46020
Eros Roque,46021
Revolledo,46022
Gaetaños,46023
Ibañado,46024
Meñarez,46025
Rentador,46026
Evandro,46027
Elgueta,46028
Vendil,46029
Cestedo,46030
Moraganoz,46031
Gairamos,46032
Eryin,46033
Marcinal,46034
Camura,46035
Inostros,46036
Ermazabales,46037
Riocel,46038
Venlero,46039
Baiva,46040
Juan Eduardo,46041
Adelalla,46042
Lagunares,46043
Tapiano,46044
Hierro Ruiz,46045
Fernando Hierro,46046
Hierro,46047
Hugo Sanchez,46048
Antunes Coimbra,46049
Radamel Falcao,46050
García Zarate,46051
Falcao,46052
Abedi,46053
Abedi Pelé,46054
O.Ustari,46055
Miku,46056
Asmir,46057
Begović,46058
Felipao,46059
Lasse Ladegaard,46060
Mackay DL,46061
R.Patrício,46062
Mata García,46063
Juan Mata,46064
Giroud,46065
Hylton,46066
Eric Maxim,46067
Ogbonna,46068
Petric,46069
I.Traoré,46070
van Aanholt,46071
Olivas Alba,46072
Kiko Olivas,46073
Čelůstka,46074
van La Parra,46075
Eloy,46076
Room,46077
Gróf,46078
Fleck,46079
Coquelin,46080
Latza,46081
Hoilett,46082
Bengali-Fodé,46083
Muniain Goñi,46084
Muniain,46085
Dorielton,46086
Gomes Nascimento,46087
Dori,46088
Diego Armando,46089
Maradona,46090
Cruyff,46091
Sócrates,46092
Vieira de Oliveira,46093
Gerd,46094
Karl-Johan,46095
Johnsson,46096
Ortuño.Y,46097
Lamanna,46098
Eirik Holmen,46099
Holmen Johansen,46100
N'Sakala,46101
NSakala,46102
van Basten,46103
Cabral Barbosa,46104
Yuste Canton,46105
de Sousa Vitória,46106
Steven Vitória,46107
S. Vitória,46108
Alonso Mendoza,46109
Marcos Alonso,46110
Marcos A.,46111
Allan-Roméo,46112
Nyom,46113
Djurić,46114
Keylor,46115
K.Navas,46116
De Gea Quintana,46117
De Gea,46118
Jaume Vicent,46119
Costa Jordá,46120
Jaume Costa,46121
Gatito,46122
Portillo Soler,46123
Delort,46124
González Tomás,46125
Borja Bastón,46126
Teófilo,46127
Kadeem,46128
S. Coates,46129
Seculin,46130
Cestor,46131
Afonso Fernandes,46132
Pizzi,46133
Josuha,46134
Celso,46135
C. Ortiz,46136
Stambouli,46137
Bourabia,46138
Simões Domingues,46139
Sainsbury,46140
Luna Rodríguez,46141
Antonio Luna,46142
A. Luna,46143
DongWon,46144
Aguirregaray,46145
M. Aguirregaray,46146
Mariño Villar,46147
Diego Mariño,46148
D. Mariño,46149
Roberto Carnicer,46150
Sergi Roberto,46151
S. Roberto,46152
Praet,46153
A. Sepúlveda,46154
van Ginkel,46155
v. Ginkel,46156
M. Matias,46157
Blandi,46158
Tello Herrera,46159
Cristian Tello,46160
S.Walker,46161
Jenkinson,46162
Ogier,46163
Marchesín,46164
A.Donnarumma,46165
La Mantia,46166
G.Paulista,46167
Layvin,46168
Hinteregger,46169
Piccini,46170
Geis,46171
Abdoulay,46172
Defrel,46173
Piazon,46174
L.Mendes,46175
Klaassen,46176
Misidjan,46177
Bahoken,46178
Mendes Andrade,46179
Zé Luís,46180
Djeras,46181
Karius,46182
Veseli,46183
Pozuelo Melero,46184
Pozuelo,46185
C. Sørensen,46186
M'Baye,46187
Vaclík,46188
Reach,46189
Herrera Pérez,46190
Cristian Herrera,46191
Vico Villegas,46192
Fede Vico,46193
F. Vico,46194
Dummett,46195
Menno,46196
Blackman,46197
I.Sánchez,46198
Ortolá Vaño,46199
Adrián Ortolá,46200
Ortolá,46201
Fayçal,46202
Fajr,46203
F.Fajr,46204
Borjan,46205
Boli. K,46206
Kemar,46207
Roofe,46208
Nastasić,46209
Soualiho,46210
Meïte,46211
Jean-Paul,46212
Boëtius,46213
Verre,46214
A. Lemos,46215
Luckassen,46216
Kapino,46217
Đoković,46218
Djokovic,46219
César Bernardo,46220
Vietto,46221
Świerczok,46222
Malkolm,46223
Nilsson Säfqvist,46224
N. Lopez,46225
A.Fareed,46226
Dwyer,46227
Irobiso,46228
M.Dituro,46229
Kourbelis,46230
Santos Júnior,46231
Francisco Júnior,46232
Karanjit,46233
R. Sobrino,46234
Roberto Antonio,46235
Correa Silva,46236
Rober Correa,46237
Bicfalvi,46238
C.Matei,46239
Al-Qarni,46240
Bahebri,46241
Moberg Karlsson,46242
Westermark,46243
Al.Shuwaysh,46244
Alexander Ian,46245
Alex Grant,46246
Kévin Manuel,46247
Kévin Rodrigues,46248
Haye,46249
Alowayshir,46250
Janoi,46251
Donacien,46252
Benavente,46253
Alzubaidi,46254
Mendes Rodrigues,46255
Garry Rodrigues,46256
Kuen,46257
Marc Andre,46258
Schmerböck,46259
Marcondes,46260
H. Aleesami,46261
Dack,46262
Puerto Pineda,46263
Israel Puerto,46264
J. Lowe,46265
Marc-Aurèle,46266
Caillard,46267
Cassiano,46268
Dias Moreira,46269
Tavares Gomes,46270
Gape,46271
M. Lowe,46272
Desler,46273
Martínez García,46274
Nacho Martínez,46275
Roco,46276
Ivan Ricardo,46277
Cavaleiro,46278
Ivan Cavaleiro,46279
N'Jie,46280
Lystsov,46281
Cavion,46282
Hakeeb,46283
Adelakun,46284
António José,46285
Pinheiro Carvalho,46286
Tozé,46287
J.Mario,46288
Jón Daði,46289
Böðvarsson,46290
Bödvarsson,46291
De Silva,46292
Une,46293
Serge-Junior,46294
Martinsson Ngouali,46295
Hervin,46296
Ongenda,46297
E. Balanta,46298
Wahlqvist Egnell,46299
Aketxe Barrutia,46300
Aketxe,46301
Biraschi,46302
Helton Brant,46303
Aleixo Leite,46304
Helton Leite,46305
Helton,46306
S. Mosquera,46307
Miranchuk,46308
Rijkaard,46309
Chunga,46310
D. Asprilla,46311
Iván Mauricio,46312
J. Ramirez,46313
Qassim,46314
Gbamin,46315
J.Musso,46316
V. Cuesta,46317
Urruti,46318
Bertocchi,46319
Menossi,46320
Albutat,46321
Diellos,46322
Auzqui,46323
Alario,46324
Voltan,46325
Elio,46326
Capradossi,46327
Moschen Benetti,46328
M. Maignan,46329
Wily M.,46330
Keita Baldé,46331
Alireza,46332
Jahanbakhsh,46333
R.Alrowiliy,46334
Elsey,46335
Tariqe,46336
Fosu,46337
Carlgren,46338
M.Thiam,46339
Matricardi,46340
Bourard,46341
Ribeiro Dias,46342
Cafú,46343
Pieros,46344
Pozo la Rosa,46345
José Pozo,46346
Helibelton,46347
H. Palacios,46348
Galdames,46349
Pulga Vidal,46350
Vuletich,46351
Vojtuš,46352
Dussaut,46353
T. Sanabria,46354
Sonko Sundberg,46355
Avenatti,46356
Rebić,46357
Saîf-Eddine,46358
Khaoui,46359
Gyömbér,46360
Santos de Jesus,46361
Fabrício Baiano,46362
Fabrício J.,46363
A. Balboa,46364
El Haddadi,46365
M. Haddadi,46366
S. Moyita,46367
Y. Mina,46368
Ilaimaharitra,46369
Hólmbert Aron,46370
Friðjónsson,46371
Fridjónsson,46372
Badou,46373
G. Hauche,46374
Onyedinma,46375
Gboly,46376
Ariyibi,46377
Jaïro,46378
Riedewald,46379
Deni,46380
Milosevic,46381
Nagasawa,46382
Maroši,46383
Marosi,46384
Omenuke,46385
Mfulu,46386
Lys,46387
Mousset,46388
Laudrup,46389
Onomah,46390
Granli,46391
Vergos,46392
A. Tello,46393
Nelson Monte,46394
Petros Matheus,46395
dos Santos Araujo,46396
João Rafael,46397
de Brito Teixeira,46398
J. Teixeira,46399
D. Garcia,46400
F. Cervi,46401
Oberlin,46402
Jach,46403
Johansson Schellhas,46404
Taşdemir,46405
Cecchini,46406
Al Somah,46407
O.Somah,46408
Recep,46409
Niyaz,46410
Recep Niyaz,46411
Schützenauer,46412
Bammou,46413
García Alonso,46414
Manu García,46415
S. C. Tenés,46416
Dyego Wilverson,46417
Ferreira Sousa,46418
Dyego Sousa,46419
Ciranni,46420
Kamano,46421
Strauss,46422
Cueto,46423
Simic,46424
N. Giraldo,46425
Belkebla,46426
Gargiulo,46427
Royón,46428
Gregorio Sierra,46429
Vidales,46430
Tagueu,46431
J. Tagueu,46432
Kuruçay,46433
K. Balanta,46434
Vincent-Young,46435
Adams Nuhu,46436
Cangá,46437
L. Cangá,46438
Trauco,46439
Marlos,46440
Kreuzer,46441
Mario L.,46442
Shamal,46443
Covea,46444
Leonardo Lopes,46445
ter Avest,46446
Namli,46447
B.Zaneratto,46448
Gama,46449
S. Mayor,46450
C. Corral,46451
Buș,46452
Bus,46453
Dugandžić,46454
Ducs,46455
Osayi,46456
Wintle,46457
Jang Yun Ho,46458
YunHo,46459
In Beom,46460
Hwang In Beom,46461
Dessai,46462
Ortiz Mendoza,46463
Jorge Ortiz,46464
B. Olivan,46465
Edmilson Junior,46466
EDMILSON JR.,46467
Joelsson,46468
Reine-Adélaïde,46469
Oliveira Geraldes,46470
Francisco Geraldes,46471
F. Geraldes,46472
B. Valdez,46473
Mrčela,46474
Mrcela,46475
N'Doram,46476
K.N'Doram,46477
A.Kante,46478
Khadim,46479
Bossin,46480
Ouwejan,46481
In Hyeok,46482
Park In Hyeok,46483
InHyeok,46484
Linnér,46485
Ferati,46486
Humphrys,46487
Matviyenko,46488
Guardiola Navarro,46489
Sergi Guardiola,46490
Guardiola L.R,46491
Hermoso Canseco,46492
Mario Hermoso,46493
Hermoso,46494
Iñigo Córdoba,46495
I. Córdoba,46496
Affonso,46497
M. Affonso,46498
Sensi,46499
Al Khalaf,46500
Alkhalaf,46501
Tangil,46502
Morriños,46503
Jariane,46504
Baumer,46505
Fersand,46506
S.Bakis,46507
Kakay,46508
Pepín,46509
F.Selemani,46510
D. Vergara,46511
Bassogog,46512
Jamiro Gregory,46513
Monteiro Alvarenga,46514
Jamiro Monteiro,46515
Antunes Carvalho,46516
Santos da Costa,46517
Mosevich,46518
J. Ontiveros,46519
Livolant,46520
A. Ömür,46521
A.Tejero,46522
Yazıcı,46523
Seo Jae Min,46524
JaeMin,46525
Oelschlägel,46526
Shaq Moore,46527
Joaquín F.,46528
S. Ascacibar,46529
Cy,46530
Shiwei,46531
Che Shiwei,46532
Che Sh.W.,46533
Hatsuse,46534
Juklerød,46535
Ominami,46536
Togashi,46537
Kota,46538
Mizunuma,46539
Kota.M,46540
Aldosari,46541
Han Do,46542
Lee Han Do,46543
HanDo,46544
F. Gil,46545
Pena Picos,46546
Héber Pena,46547
Zornoza Sánchez,46548
Claudia Zornoza,46549
Zornoza,46550
Misao,46551
Dozzell,46552
Park Dong Jin,46553
DongJin,46554
JJ. Rojas,46555
Oliveira dos Santos,46556
Matheus L.,46557
Sales Cardoso,46558
Matheusinho,46559
Adamonis,46560
Silva Torrejón,46561
Inessa,46562
Kaagman,46563
Herranes,46564
Josafat,46565
Trigo,46566
Ferramanes,46567
Rostero,46568
Serigne Mor,46569
Chancellor,46570
J. Chancellor,46571
Fernandes da Silva,46572
Lucas Fernandes,46573
L. Fernandes,46574
Lucas Kal,46575
Schenfeld Prigioli,46576
Damil,46577
Dankerlui,46578
Wadilie,46579
Bruno Viana,46580
Willemen Da Silva,46581
Dae Hoon,46582
Park Dae Hoon,46583
DaeHoon,46584
Andrei Alba,46585
J. Müller,46586
Al Shwaier,46587
J. Ikone,46588
Walstad,46589
Lamkel Zé,46590
Ze Didier,46591
Laifis,46592
J.A Caro,46593
Piñatares,46594
B. Piñatares,46595
Coucke,46596
Serje,46597
de Souza Sena,46598
Léo Sena,46599
F.Kadioğlu,46600
Mohanad,46601
Jeahze,46602
A. Herrero,46603
I. Torres,46604
Homer,46605
A.Al Yousif,46606
R. Marin,46607
Rodrigues Santos,46608
Léo Santos,46609
Marillat,46610
Araújo Ferreira,46611
Vitó,46612
Jacobo González,46613
Soldivia,46614
Luis Evanio,46615
Michelin,46616
A. Cardozo,46617
Claude-Maurice,46618
Díaz Fanjul,46619
Pedro Díaz,46620
Fernández Llorente,46621
A. Ferlo,46622
Alzate,46623
Pavlenka,46624
L. Sandoval,46625
Xeka,46626
Spenkelink,46627
Y. Zaydou,46628
Seydel,46629
Perotti,46630
Chala,46631
Léa Siliki,46632
Léa-Siliki,46633
Moon Jung In,46634
JungIn,46635
Demba Thiam,46636
P.Lewis,46637
Oliveira Ribeiro,46638
Yuri Ribeiro,46639
Y. Ribeiro,46640
Nicke,46641
Kabamba,46642
Abedz,46643
Förster,46644
Lorenco,46645
Edgardo,46646
Rito,46647
JoonSoo,46648
Holsgrove,46649
Tovar,46650
Receveur,46651
Al Khayri,46652
S.Alkhayri,46653
Tagliamonte,46654
Tissera,46655
Guille,46656
Nacho V.M.,46657
Chang Rae,46658
Ha Chang Rae,46659
ChangRae,46660
Yashin,46661
Wiebe,46662
Bum Keun,46663
Song Bum Keun,46664
BumKeun,46665
Pestaña,46666
Julián Delmás,46667
H.Alqahtani,46668
Antwi-Adjei,46669
Țîru,46670
Tiru,46671
Bevic,46672
Moussiti-Oko,46673
Nwakali,46674
Morer Cabrera,46675
Dani Morer,46676
Morer,46677
Anestis,46678
Navajo,46679
Bakboord,46680
Teenage,46681
Hadebe,46682
Mboula Queralt,46683
Jordi Mboula,46684
T.Morente,46685
Bertel,46686
O. Bertel,46687
B.Soumare,46688
Silva Costa,46689
Rui Costa,46690
Nikolai Baden,46691
Perg,46692
M. Perg,46693
Goduine,46694
Koyalipou,46695
Magomed-Shapi,46696
Shapi,46697
Pacheco Seabra,46698
Pedro Pacheco,46699
P. Pacheco,46700
Panutche Amadu,46701
Pereira Camará,46702
Panutche Camará,46703
Moutoussamy,46704
Z. AlHunayti,46705
Alasana,46706
Al Terais,46707
N.Gonzalez,46708
Rajot,46709
Hamed Junior,46710
Carević,46711
Elizalde,46712
Nat,46713
Zazpe,46714
L. Zazpe,46715
Melluso,46716
Mândroiu,46717
Mandroiu,46718
F. Carballo,46719
Neyder,46720
F.Garcés,46721
Keanan,46722
Bennetts,46723
TJ,46724
Eyoma,46725
Božo,46726
Mikulić,46727
Kušej,46728
Stynes,46729
Olimpiu,46730
Moruțan,46731
Morutan,46732
Abdurrahim,46733
Bguir,46734
Y.G.ElYamiq,46735
Steinfeldt,46736
Stavitski,46737
Martinović,46738
Martinovic,46739
Tass,46740
Mourdoukoutas,46741
Cándido,46742
C. Candido,46743
Aladesanmi,46744
Pattier,46745
Eusébio,46746
Dybowski,46747
Ćirković,46748
Cirkovic,46749
John-Jules,46750
Hideki,46751
Lawley,46752
K. Palacios,46753
I.Kone,46754
J.Clarke,46755
Caraballo,46756
K. Viveros,46757
Vettorel,46758
J. García,46759
Tupta,46760
Paulius,46761
Golubickas,46762
Türkmen,46763
Mert Müldür,46764
TaeHan,46765
Tallig,46766
Silvester,46767
van der Water,46768
Ludewig,46769
Urho,46770
Nissilä,46771
Efkan,46772
Bekiroğlu,46773
Efkan B.,46774
Almeida Mendes,46775
Diogo Mendes,46776
Łabojko,46777
Díez Salomón,46778
Ale Díez,46779
Zarfino,46780
Krauss,46781
Jiménez Núñez,46782
Jesús Jiménez,46783
Mailat,46784
Klassen,46785
De Busser,46786
Eric Veiga,46787
Eryc,46788
Castillo E.,46789
Marcos Robson,46790
Marquinhos Cipriano,46791
Quindt,46792
Kaïboue,46793
Ávila Gordón,46794
Pipa,46795
Eladio,46796
Zorrilla Jiménez,46797
Elady,46798
Bastián,46799
Lee Si Young,46800
Evangelos,46801
Patoulidis,46802
Frantzdy,46803
Ivanildo Jorge,46804
Mendes Fernandes,46805
Ivanildo Fernandes,46806
I. Fernandes,46807
Racic,46808
Alfio,46809
Galoppo,46810
Uldriķis,46811
B. Arce,46812
Bruno José,46813
Pavani Lamas,46814
Bruno Lamas,46815
B. Lamas,46816
M. Alyami,46817
Franco Tavares,46818
Tomás Tavares,46819
T. Tavares,46820
G. Yalçin,46821
Botos,46822
AlNajjar,46823
Gaich,46824
Yazeid,46825
Al Qaydhi,46826
Mohand.A,46827
Al Thani,46828
M. Fuad,46829
Almuqati,46830
E. Ceïde,46831
S. Gassama,46832
Quaranta,46833
Tripaldelli,46834
Paulinho Bóia,46835
L.Cabrera,46836
Chambost,46837
Jean-Claude,46838
Ngando,46839
J.C. Ngando,46840
F.Lara,46841
Byeong Chan,46842
Choi Byeong Chan,46843
ByeongChan,46844
Han Sol,46845
Choi Han Sol,46846
Hansol,46847
Mago,46848
Pierre-Louis,46849
Luis Felipe,46850
Mnoga,46851
Swaby,46852
Chantelle,46853
Trudi,46854
Kyeremateng,46855
Martos Campillo,46856
Iván Martos,46857
Bernad,46858
Martín Sosa,46859
Stábile,46860
Kili Rojas,46861
Ramón Parra,46862
Pablo Ramón,46863
A. Lottin,46864
G. Velazquez,46865
L. Traore,46866
A. Kader,46867
Falabella,46868
Rodrigues Gouveia,46869
Gerson Rodrigues,46870
Manasse,46871
Kusu,46872
Ihattaren,46873
Widell Zetterström,46874
Godwin-Malifé,46875
Malifé,46876
Colorado,46877
S.Pedroza,46878
Pacha,46879
Olayinka,46880
J.Duran,46881
McNicholas,46882
Isidor,46883
Evelio,46884
Boller,46885
Ranjitsingh,46886
Nautnes,46887
Franc. dos Santos,46888
Garrincha,46889
Charrupí,46890
Y. Mena,46891
Al Hajj,46892
Grosso,46893
Ghezali,46894
D. Valdez,46895
Cordano,46896
S. Torres,46897
Enriko,46898
Relu,46899
Bărbut,46900
de Nooijer,46901
Pitu,46902
F.Tomi,46903
M.Stępień,46904
Isa Luna,46905
Dagur Thorhallsson,46906
Hernan Lopez,46907
Vanmalsawma,46908
Albino,46909
Shubham Sa,46910
Seriton,46911
Nim Dorjee,46912
Nim,46913
Gozzi,46914
Gonçalves Sacalumbo,46915
Chico Banza,46916
Joon Suk,46917
Lee Joon Suk,46918
JoonSuk,46919
D. Aguilar,46920
Phliponeau,46921
Mbe Soh,46922
Linguet,46923
Ísak,46924
Nkada,46925
Shaquil,46926
Delos,46927
Guinness-Walker,46928
Bandiougou,46929
B.Fadiga,46930
Amarjit,46931
Singh Kiyam,46932
Yeral,46933
Dumitrașcu,46934
Dumitrascu,46935
Holten,46936
Hussain.A,46937
Thompson-Sommers,46938
A. Bermejo,46939
L. Díaz,46940
Magnée,46941
Schnegg,46942
Niangbo,46943
Manu Schez,46944
Zamorado,46945
Aguilmera,46946
Alfárnez,46947
Sancero,46948
Veria,46949
Monsario,46950
Berlaso,46951
Guerreyro,46952
Mandíquez,46953
Sabanter,46954
Vaquizo,46955
Borgueray,46956
Mejídez,46957
Breitez,46958
Morenzo,46959
Caymara,46960
Conderia,46961
Jhonathan,46962
Doriado,46963
Sariguez,46964
Santigaro,46965
Lendezo,46966
Lorbia,46967
Balloni,46968
Dileras,46969
Herreyra,46970
Vendaza,46971
Farrero,46972
Mandive,46973
Huard,46974
JuYeop,46975
Loric,46976
Da Luz,46977
M. Da Luz,46978
Markovič,46979
Oluwa,46980
Cornud,46981
P.Cornud,46982
Nikola Sipcic,46983
C.Evans,46984
Maistro,46985
Devid Eugene,46986
Bouah,46987
Oluwayemi,46988
Svetozar,46989
Park Min Seo,46990
Choi Jeong Hoon,46991
JeongHoon,46992
Jordan Attah,46993
Kadiri,46994
Dong Ryul,46995
Lee Dong Ryul,46996
DongRyul,46997
Ohata,46998
Horlison,46999
Edvard Tagseth,47000
Y.Gboho,47001
Hwang Jae Hwan,47002
Linárez,47003
A.AlSalem,47004
Aditya,47005
Kone Ben,47006
Nicolussi C.,47007
Ho Young,47008
Park Ho Young,47009
Hoyoung,47010
Cedres,47011
Florentín,47012
R. Redes,47013
E. Martinez,47014
Cantera,47015
Realpe,47016
Leo Realpe,47017
Viñas,47018
F. Viñas,47019
Ifill,47020
Messi Bouli,47021
Messi B,47022
Yongwa.D,47023
Demiquel,47024
Gaurav Bora,47025
Lavandeira,47026
A. Ferro,47027
Giancarlo,47028
Schiavone,47029
G. Schiavone,47030
Fereira,47031
Jeizon,47032
Celis,47033
Rabouille,47034
Suhr,47035
L. Suhr,47036
Valpuia,47037
F. Chaverra,47038
McInroy,47039
Queiroz,47040
B. Carabali,47041
Touaizi Zoubdi,47042
Nabil Touaizi,47043
Poulolo,47044
Padilla Soler,47045
Jorge Padilla,47046
Archimbaud,47047
Egloff,47048
Meïssa Ba,47049
N. Rodríguez,47050
Indjai Correia,47051
Edmilson Correia,47052
J. Benitez,47053
S. Fretes,47054
A. Marin,47055
Pepe Sánchez,47056
M. Araújo,47057
Won Chang,47058
Choi Won Chang,47059
WonChang,47060
N.Ünüvar,47061
Bartouche-S,47062
Albu,47063
Edi Maurício,47064
Sanches Semedo,47065
Edi Semedo,47066
Ravy,47067
Tsouka,47068
Milovanov,47069
B. Milovanov,47070
Kim Jae Sung,47071
JaeSung,47072
L.Tramoni,47073
Tah Anunga,47074
Colassin,47075
O. Clemente,47076
L. Owusu,47077
M.Perez,47078
Sylvester,47079
Seong Yoon,47080
Kwon Seong Yoon,47081
Seongyoon,47082
Jherson,47083
Uzodimma,47084
Galletto,47085
T. Galletto,47086
Hardley,47087
M. Fernández,47088
A. Vazquez,47089
Juan Mosquera,47090
R. Rentería,47091
Onana Jr,47092
A. Benitez,47093
Ćuže,47094
A. Pérez,47095
Abanda,47096
M. Maciel,47097
Assad,47098
Al Hamlawi,47099
Ábrego,47100
Santos Amador,47101
Pedro Amador,47102
Amador,47103
Lungoyi,47104
Morroni,47105
Augustine Asokan,47106
Leon. A,47107
Shepperd,47108
Falchener,47109
Sienra,47110
Name,47111
M.Name,47112
Boranijašević,47113
Array - Mbi,47114
Caton,47115
Udrea,47116
Lobry,47117
Isak Ralte,47118
Zoherliana,47119
Tangkhulnao,47120
Hannola,47121
Mitchy,47122
Ntelo,47123
Ekitiké,47124
López Carracedo,47125
Iago López,47126
Pape Ibnou,47127
Ibnou Ba,47128
K.Evans,47129
Lefteris,47130
Lyratzis,47131
Dadok,47132
Colakovski,47133
Lira,47134
Hrezdac,47135
Amadé,47136
Lagator,47137
Quiroz,47138
Larralde,47139
Mitaj,47140
José Mateo,47141
Mejía Piedrahita,47142
Mateo Mejía,47143
D. Duarte,47144
P. Ferreira,47145
D. Larrubia,47146
F. Mwepu,47147
Mipo,47148
Odubeko,47149
Teguia Noubi,47150
Cedric Teguia,47151
van den Heuvel,47152
Gruszkowski,47153
Zié,47154
Ilic,47155
Cueni,47156
Á. Álvarez,47157
Júnior R.,47158
Dyche,47159
M. Ceïde,47160
Lukas H.,47161
Ángel Fortuño,47162
S.Touré,47163
Elies,47164
Jianxiang,47165
Sun Jianxiang,47166
Sun J.X.,47167
C.Barrett,47168
S.Sow,47169
Qamili,47170
David Da Costa,47171
A.N.Ndiaye,47172
V. Chust,47173
Val,47174
F. Parada,47175
Ideho,47176
Segovinha,47177
Ægidius,47178
Nico C.,47179
Argüelles Álvarez,47180
David Argüelles,47181
Argüelles,47182
F. Gonzalez,47183
Yankov,47184
Brasil,47185
M.Brasil,47186
M'Mombwa,47187
Mehtab Singh,47188
Jersson,47189
P.M.Sarr,47190
De Arruabarrena,47191
D. Hernandez,47192
Ellborg,47193
Edvardsson,47194
Tabares,47195
Carlo Adriano,47196
García Prades,47197
Carlo García,47198
Oppegard,47199
Rochharzela,47200
Chhara,47201
Jae Hyuk,47202
Oh Jae Hyuk,47203
JaeHyuk,47204
J.Patrick,47205
Lacava,47206
Supayabe,47207
Parente,47208
Atsuki,47209
Ribera,47210
C. Ribera,47211
Dubán,47212
Brandan,47213
Lomónaco,47214
Hazzaa,47215
Succar,47216
Recio Ortega,47217
Iker Recio,47218
G. Wagner,47219
Duin,47220
Issouf,47221
Macalou,47222
Fábio Roberto,47223
Gomes Netto,47224
Faisal Al Ghamdi,47225
Godfrey Bitok,47226
F.Conceição,47227
A. Costa,47228
Ilarregui,47229
KyungHo,47230
Ryun Seong,47231
Kim Ryun Seong,47232
RyunSeong,47233
Javain,47234
DJ Taylor,47235
Affengruber,47236
Trige,47237
Eto'o Pineda,47238
Etienne Eto'o,47239
E. Eto'o,47240
Laméndola,47241
Kleber,47242
Pinargote,47243
Panaro,47244
Maï,47245
B. Alcocer,47246
Teuten,47247
Di Luciano,47248
Lou Fung,47249
F. Lou Fung,47250
Saiwei,47251
Fu Saiwei,47252
F. Saiwei,47253
Renshu,47254
Gao Renshu,47255
G. Renshu,47256
Peraza,47257
F. Peraza,47258
Llansana,47259
Bangre,47260
Yazbek,47261
Paulo Afonso,47262
da Rocha Júnior,47263
Juninho Rocha,47264
Liu Jiahui,47265
Liu J.H.,47266
Muharemovic,47267
Kembo Diantela,47268
Dodson,47269
Motika,47270
Giampaoli,47271
Equi,47272
Érik,47273
Pouwels,47274
Sergio Guerrero,47275
Gkezos,47276
Eddahchouri,47277
Bradly,47278
van Hoeven,47279
S.Cardona,47280
Aitor Córdoba,47281
A. Córdoba,47282
Unzueta Arregui,47283
Iker Unzueta,47284
Unzueta,47285
Katsantonis,47286
Brnić,47287
Mikołaj,47288
Kaput,47289
Oliver Issa,47290
Emreli,47291
Peder Hoel,47292
Lervik,47293
Acín Labrador,47294
Guillermo Acín,47295
Acín,47296
Gui Ramos,47297
Damnjanovic Nilsson,47298
Matheus H.,47299
Matheus Teixeira,47300
Akaydin,47301
S. Akaydin,47302
Sauter,47303
Ennali,47304
Elimbi,47305
Djiga,47306
M. Mansilla,47307
Y. Cathline,47308
Seok-ju,47309
Demouchy,47310
Degreef,47311
Roggerio,47312
Nyakossi,47313
A.Mitchell,47314
P. Bravo,47315
J. Calavera,47316
Patrick Wiedthauper,47317
Luan Patrick,47318
Filipe Bem,47319
Relvas,47320
Filipe Relvas,47321
Kuharevich,47322
Rinsola,47323
Babajide,47324
Hákon,47325
Kevin Medina,47326
Myung Sun,47327
Kim Myung Sun,47328
Myungsun,47329
Özçiçek,47330
Ogün Özçiçek,47331
Łopata,47332
Sponsel,47333
Setford,47334
Vergani,47335
Hamache,47336
José Alfredo,47337
J. Flores,47338
C. Rojas,47339
Marcus Vinicius,47340
Felicio Pereira,47341
Jahnoah,47342
Markelo,47343
Marquínez,47344
M. Delgadillo,47345
Suf,47346
Podgoreanu,47347
E. Ogura,47348
Denilson,47349
Valda,47350
Hadaya,47351
Tikvic,47352
Heriberto,47353
H. Jurado,47354
Assimina,47355
Hanshaw,47356
Kreil,47357
Veatriki,47358
Sarri,47359
Josie,47360
Abdiel,47361
Ayarza,47362
García Oyón,47363
Álex Oyón,47364
A. Oyón,47365
Vučić,47366
Stalmach,47367
Cho Jae Hun,47368
Tavonga,47369
Kuleya,47370
Yendis,47371
Tárrega,47372
Funez,47373
Camara Sanneh,47374
Suleiman Camara,47375
Yosuke,47376
E. Herrera,47377
Nérilia,47378
Mondésir,47379
Easther,47380
Mayi Kith,47381
Magou,47382
Adélie,47383
Fourré,47384
Lalia,47385
Storti,47386
Welington,47387
Damascena Santos,47388
Rubo,47389
Amar Fatah,47390
Bočkaj,47391
Țîrlea,47392
Tirlea,47393
Moreno Arrones Gil,47394
Javi Moreno,47395
Alvaro Sanz,47396
Talovierov,47397
Shin Jin,47398
Kim Shin Jin,47399
Shinjin,47400
Ho Min,47401
Park Ho Min,47402
Homin,47403
Fuki,47404
Stratigakis,47405
Lee Jun Ho,47406
Seong Been,47407
Cho Seong Been,47408
SeongBeen,47409
Otele,47410
Leandro E.,47411
Leandro Neto,47412
Uddenäs,47413
Keramitsis,47414
Jorn,47415
Berkhout,47416
In Taek,47417
Hwang In Taek,47418
InTaek,47419
José Alí,47420
Alí Meza,47421
A.Gomez,47422
Cuenú,47423
J. Cuenú,47424
Odhiambo,47425
Marinos,47426
Tzionis,47427
Bae Seo Jun,47428
SeoJun,47429
Joider,47430
Micolta,47431
Corelli,47432
Marta Teresa,47433
Pandini,47434
Kaylie,47435
Gyau,47436
Wook Hyun,47437
Hong Wook Hyun,47438
Wookhyun,47439
Moriceau,47440
T. Moriceau,47441
Nasiri,47442
F. Bruera,47443
G. Benítez,47444
Maricarmen,47445
Cambot,47446
A.Fatawu,47447
Balomenos,47448
Lama Maroto,47449
Manu Lama,47450
Lama,47451
Sulzner,47452
Simmelhack,47453
Marcucci Jr.,47454
AJ Marcucci,47455
Ågren,47456
Agren,47457
Kervin,47458
Arriaga,47459
Cribb,47460
Hurtré,47461
L. Correa,47462
Rocco Robert,47463
Shein,47464
Miguel S.,47465
Lipsiuc,47466
CheolWoo,47467
Kabuye,47468
V. Tobias,47469
Dejesús,47470
B. Mansilla,47471
Ventura Filho,47472
Jairzinho,47473
Angelini,47474
Lynnt,47475
Audoor,47476
Bogi,47477
Bernát,47478
Miliano,47479
Jonathans,47480
Wollschläger,47481
Al Ahrak,47482
Semuel,47483
Pizzignacco,47484
Y.Yusuf,47485
Andreas Eikrem,47486
SangYoon,47487
Müjde,47488
Ana-Maria,47489
Crnogorčević,47490
Júlia Bartel,47491
Bartel,47492
A.Mohamed,47493
Xianlong,47494
Yi Xianlong,47495
Yi X.L.,47496
Shenping,47497
Huo Shenping,47498
Huo S.P.,47499
Hopland,47500
Abdelmonem,47501
M.Abdelmonem,47502
Antonetti,47503
Nadjma,47504
Ali Nadjim,47505
Buur,47506
Y. Santiago,47507
Israel Suero,47508
Redouan,47509
El Yaakoubi,47510
Mejdr,47511
Zhong Haoran,47512
Zhong H.R.,47513
Dithmer,47514
Luthra,47515
Alberto del Moral,47516
Iker Alvarez,47517
Aitor Gelardo,47518
Forés Mendoza,47519
Alex Forés,47520
A.Forés,47521
Monotosh,47522
Hos,47523
Aiki,47524
Ríos Novo,47525
Bum Su,47526
Kim Bum Su,47527
Bumsu,47528
Bajraktarević,47529
Poreba,47530
Darrell,47531
Kamdem Tibell,47532
Morlaye S.,47533
Temple,47534
Mateo Joseph,47535
Frías,47536
Zumberi,47537
D.Tavares,47538
Pereira Baptista,47539
Solà Mateu,47540
Arnau Solà,47541
A.Solà,47542
Himeur,47543
Čavlina,47544
A. Oyono,47545
Bjerkebo,47546
Jahn,47547
Kyreece,47548
Lisbie,47549
Nasti,47550
Iannoni,47551
Alberto Baio,47552
Cruise,47553
Kaliuzhnyi,47554
Thiago Ezequiel,47555
Alex Saji,47556
Mohommad,47557
Soyal,47558
Joshy,47559
Lélé Diba,47560
El Abdellaoui,47561
El-Abdellaoui,47562
Calai Silva,47563
Diego Calai,47564
D. Calai,47565
Al Qumairi,47566
N.Qumairi,47567
Degruchy,47568
Haelewyn,47569
Y. Paz,47570
Nduquidi,47571
M. Pereira,47572
Missael,47573
Gomes Lobato,47574
Samuel Lobato,47575
Samuel L.,47576
Markanich Jr,47577
Amissah,47578
Adelgaard,47579
Al Jassim,47580
Ocampos C.,47581
H. Akman,47582
Jankat,47583
Giovane,47584
Divin,47585
Mubama,47586
Baaloudj,47587
Y.Gomis,47588
Al Shaefi,47589
Smand,47590
Bénédicte,47591
P. Gomes,47592
Ída Marín,47593
Hermannsdóttir,47594
Karitas,47595
Tómasdóttir,47596
Makrillos,47597
Y. Medina,47598
Yogane,47599
Faraas,47600
S. Quintana,47601
Carlos Lopez,47602
Voelkerling,47603
Bjørn Martin,47604
J. O'Sullivan,47605
César Lobi,47606
Manzoki,47607
Autin,47608
Hinchy,47609
K.Toscano,47610
Vinicius Marques,47611
P.Mboup,47612
Maswanhise,47613
Saldanha Marinho,47614
Matheus Saldanha,47615
Sych,47616
Honoka,47617
P. Mercado,47618
Falah,47619
Gómez Peris,47620
Rubén Gómez,47621
Vetro,47622
Abdulazeez,47623
Mauro Meireles,47624
Mauro Couto,47625
Kouya,47626
Mabea,47627
Arana Aizpurua,47628
M. Méndez,47629
Jovani,47630
Andonova,47631
Antonia S.,47632
Bascu,47633
Gabaldón,47634
Carmen A.,47635
Paula P. R.,47636
Lauren Leal,47637
Marta Mascarell,47638
P. Vizoso,47639
Garcia Majarín,47640
Leicy,47641
Valdezate,47642
Fernández Azpeitia,47643
Claudia Fernández,47644
C. Cubedo,47645
Lucía Martínez,47646
Monday.G,47647
N.Ramos,47648
R. Carrasco,47649
Elloh Rebecca,47650
P. Larqué,47651
Jaron,47652
Noah Donovan,47653
Sahsah,47654
Junior Armando,47655
Jr.A.Mendes,47656
Jalo,47657
Gueguin,47658
D. Mendez,47659
D.Pérez,47660
N. Hernández,47661
Isah,47662
Ubandoma. M,47663
Ngom Mbekeli,47664
Csongvai,47665
Rongjun,47666
Xiang Rongjun,47667
Xiang R.J.,47668
Gonçalves Andersson,47669
Caño,47670
Mbongue,47671
Z.Mitchell,47672
Roca Casals,47673
Joel Roca,47674
Zhongyang,47675
Ling Zhongyang,47676
Ling Z.Y.,47677
Nicolás Claudio,47678
O'Brien-Whitmarsh,47679
Małachowski Thorell,47680
Alfaro Cascales,47681
Álex Alfaro,47682
Peinipil,47683
Brondo,47684
Kurochkin,47685
Aertssen,47686
Waddingham,47687
Mastrángelo,47688
da Silva Leite,47689
Barón,47690
Gejl,47691
Hafrún Rakel,47692
Hlín,47693
Aït El Haj,47694
GH Chebbak,47695
Indiah-Paige,47696
Jessee,47697
Panayotou,47698
Valiente,47699
Lukiċ,47700
Kazper,47701
Adu-Poku,47702
Slotsager,47703
Tobias Vonheim,47704
Norbye,47705
Martinicorena,47706
Yolfran,47707
Caricote,47708
Thiego,47709
Bangera,47710
Afonsino,47711
Charriz,47712
Jørgen Engen,47713
Kristoffersen,47714
Ahn Jae Min,47715
Young Kwang,47716
Cho Young Kwang,47717
Youngkwang,47718
Sang Wook,47719
Ji Sang Wook,47720
Sangwook,47721
Emiro Garcés,47722
Garces,47723
Radnóti,47724
Mark Zo,47725
A.Sosa,47726
Lozadina,47727
Kojo Peprah,47728
Dattola,47729
Marlee,47730
Barja,47731
Barja B.,47732
Añasco,47733
Dong Han,47734
Seo Dong han,47735
Donghan,47736
Lee Dong Jin,47737
Do Hyun,47738
Kim Do Hyun,47739
DoHyun,47740
Vasco José,47741
Cardoso Sousa,47742
Paoletti,47743
Bardana,47744
Parraso,47745
Margarro,47746
Taek Keun,47747
Lee Taek Keun,47748
TaekKeun,47749
Balbuena,47750
Elvio,47751
Dellarossa,47752
Bauress,47753
SeJin,47754
Jae Uk,47755
Lee Jae Uk,47756
Jaeuk,47757
Chi Ung,47758
Choi Chi Ung,47759
ChiUng,47760
HyunYong,47761
Dae Gwang,47762
Lee Dae Gwang,47763
Daegwang,47764
Fofana Jr,47765
Borquerado,47766
Laperelez,47767
Restenedo,47768
Heredia-Randen,47769
Luis Gilberto,47770
Labrínez,47771
Jabang,47772
Myeong Kwan,47773
Seo Myeong Kwan,47774
MyeongKwan,47775
Nimfasha,47776
Berchimas,47777
Khusrav,47778
Toirov,47779
Woudstra,47780
Yasmim,47781
Assis Ribeiro,47782
Luany Vitória,47783
da Silva Rosa,47784
Luany,47785
Calvo Mata,47786
Álex Calvo,47787
Alex Calvo,47788
M. Rots,47789
Ademiluyi,47790
Wlk,47791
George Ayimbire,47792
Ayine,47793
Isak Tomar,47794
Hjorteseth,47795
Alf Lukas,47796
Torales R.,47797
Jafarpour,47798
Moctar,47799
B. Damiani,47800
Francescoli,47801
Lamine Fanne,47802
Joon Hyuck,47803
Kang Joon Hyuck,47804
Joonhyuck,47805
Bilalovic,47806
G. Vargas,47807
Bogacz,47808
Zheye,47809
Xie Zheye,47810
Xie Z.Y.,47811
Elphege,47812
Navea,47813
Barbotte,47814
Servín,47815
T. Servín,47816
Mellberg,47817
Galves,47818
Makosso,47819
B. Rodriguez,47820
Mahovo,47821
P.A.Diallo,47822
Maïté,47823
Boucly,47824
Layzell,47825
Tunde,47826
Björnson,47827
Argjend,47828
Miftari,47829
Suhayb,47830
Al Zaid,47831
Jujuba Cardozo,47832
Miralles,47833
Altonaga,47834
E.Pizarro,47835
Caliskan,47836
K. Lhungdim,47837
Travian,47838
Spycher,47839
A.Romero,47840
P.González,47841
A. Del Álamo,47842
K.Gaspar,47843
Stec,47844
Rok,47845
Kidrič,47846
Simi,47847
Awujo,47848
Clarissa,47849
Larisey,47850
A. Reina,47851
Buso,47852
Feiertag,47853
J. Jorquera,47854
Djawal,47855
Kaiba,47856
Nikitscher,47857
Beleme,47858
Meldin,47859
Drešković,47860
Hamzat,47861
Ojediran,47862
Nkoa,47863
Ciriaco Santos,47864
Patrizio,47865
Masini,47866
Reindorf,47867
Pecorino,47868
Cadiou,47869
S. Ouzraoui,47870
Ibane,47871
Bowat,47872
Sturm,47873
Vipotnik,47874
Marec,47875
Toussaint D.M,47876
Zinedin,47877
Smajlović,47878
Hélio Sandro,47879
Hélio Varela,47880
Lega,47881
Jeleń,47882
Arribas Prieto,47883
S. Arribas,47884
Kurowski,47885
K. Kurowski,47886
Chaka,47887
Corness,47888
Borges Parente,47889
Swierot,47890
Newertton,47891
Adèle,47892
Connesson,47893
Alexane,47894
Gery,47895
Mounsef,47896
M.Alalaeli,47897
Rodrigo P.,47898
Roa Conchie,47899
P. Esposito,47900
B.Chhetri,47901
Ali Şahin,47902
A. Alanazi,47903
Kashchuk,47904
AbhiMeitei,47905
Caylan,47906
Pantazopoulos,47907
MinSeong,47908
Sun Ho,47909
Kwon Sun Ho,47910
Sunho,47911
Sernelius,47912
Chhunga HMAR,47913
Peraić-Cullen,47914
Samu. A,47915
D. Soumaré,47916
Guillén,47917
Everson JR,47918
Keskin,47919
Quintanilla,47920
Schertenleib,47921
Hoeve,47922
Zuccon,47923
Tidyane,47924
Diagouraga,47925
Þórðarson,47926
De Amorim,47927
de Klonia,47928
Swiderski,47929
González Gorrín,47930
Ale Gorrín,47931
Ispizua,47932
Kevon,47933
Tiknaz,47934
Kamari,47935
Baby Jordy,47936
Benera,47937
Barcenas,47938
Mannou,47939
Kauã S.,47940
Omar Fayed,47941
Colau,47942
Mądrzyk,47943
Riccio,47944
Galarza Fonda,47945
Leković,47946
I.Sane,47947
Aljofree,47948
Silvi,47949
Clua Oya,47950
Selvi,47951
J.Richards,47952
MacNicol,47953
S. Meitei,47954
Kayi Sanda,47955
Youndje,47956
Bartesaghi,47957
Jimmy-Jay,47958
Khelifa,47959
Mohamadou,47960
Haj Mohamed,47961
M.Anas,47962
Marianucci,47963
Issiaka,47964
Kamate,47965
Lapo,47966
Sana Fernandes,47967
Palestra,47968
Seghetti,47969
Mohamed Hassan,47970
Murat Uğur,47971
Francisco Javie,47972
Fran González,47973
de la Rosa Garrido,47974
Toledo Pacheco,47975
Tasso,47976
Cravero,47977
Adoryán,47978
McElroy,47979
Maroto Argüello,47980
Mario Maroto,47981
Alday Igartua,47982
Iker Alday,47983
Roldán López,47984
Luis Roldán,47985
L. Roldán,47986
Kusi-Asare,47987
Axede,47988
Gismera Monge,47989
Aitor Gismera,47990
Gismera,47991
Niño Heredia,47992
Adrián Niño,47993
Navarro Badenes,47994
Pau Navarro,47995
Muñoz Garcia,47996
Blanca Muñoz,47997
Cimermancic,47998
Loukili,47999
Md Rafi,48000
Mathias Engevik,48001
Pérez T.,48002
Peñalva,48003
Almena,48004
Alkaş,48005
Siciliano,48006
Rickson,48007
van Hees,48008
King Samuel,48009
Almugera,48010
Kabar,48011
Killane Giardini,48012
Killane,48013
Lavale,48014
D'Leanu,48015
Arts,48016
Ritchy,48017
Valme,48018
Ayyoub,48019
Bouaddi,48020
Goteh,48021
Ntignee,48022
Nonge,48023
Jiménez Sánchez,48024
A. Jimenez,48025
N. Aberdin,48026
Yoihenba,48027
Madou,48028
K. Rodríguez,48029
Backwell,48030
De Corte,48031
Akçiçek,48032
Foe Ondoa,48033
Oliver Jordan,48034
Sánchez Tendero,48035
Paula Sánchez,48036
Rodao Alonso,48037
Alba Rodao,48038
Sander Hestetun,48039
Kilen,48040
Leon-Robin,48041
Juberg-Hovland,48042
Santaliestra Alonso,48043
Carla Santaliestra,48044
Víctor Parada,48045
V. Parada,48046
Sarıcalı,48047
Catalá,48048
Sherwood,48049
Galvez,48050
Sangaré Traoré,48051
Buba Sangaré,48052
Camarda,48053
Ogbemudia,48054
Stange,48055
M. Müller,48056
Aran,48057
Fabio Andrea,48058
Naderi,48059
Yairo,48060
Valladez,48061
Redoga,48062
Anderson Felipe,48063
Conferio,48064
Arcilado,48065
Naballoz,48066
Rancoret,48067
Camurano,48068
Oyanadir,48069
Veznera,48070
Oswaldo,48071
Darenova,48072
Menderezo,48073
Venteros,48074
Santerilonez,48075
Souseña,48076
Rodrigo Paz,48077
Evaldes,48078
Lopendañez,48079
Peñarendi,48080
Vardias,48081
Villarronda,48082
Magañez,48083
Salazores,48084
Senderón,48085
Vendoval,48086
Galvaradano,48087
Riquero,48088
Menceiros,48089
K. Arroyo Jr,48090
Eurichano L.,48091
Setila Carvalho,48092
Euri Carvalho,48093
Euri,48094
Darío Benavides,48095
Sædís Rún,48096
Heiðarsdóttir,48097
Fanney,48098
Birkisdottir,48099
Mendicino,48100
Barrington,48101
D. Pinto,48102
Manzoni,48103
Taeryne,48104
Avenant,48105
Arrula Llorente,48106
Julia Arrula,48107
J. Arrula,48108
Aséko Nkili,48109
Aseko,48110
Susoho,48111
Saïmon,48112
Bouabré,48113
Kuijsten,48114
Ervin V.,48115
Ferree,48116
Yañez,48117
A. Aleesami,48118
Kaynak,48119
Gerson Liliano,48120
Sanches de Sousa,48121
Gerson Sousa,48122
Gerson S.,48123
Lewuis,48124
Šahinović,48125
Yasir Abdiqadir,48126
Sa'Ad,48127
Pelon,48128
JunHyeon,48129
DaeHyeon,48130
Scarone,48131
Otorbi Ejededawe,48132
David Otorbi,48133
Otorbi,48134
Mascardi,48135
Muhammed Sinan,48136
D. Nandin,48137
Verón Lupi,48138
Dadie Izaguirre,48139
Butragueño,48140
Butragueño Santos,48141
Emilio Butragueño,48142
Bergkamp,48143
Foudy,48144
