ca_noseSupratip_NN_XXX_R_A,fa_periorbital_NR_IXX_L_M,ca_noseColumella_NN_XXX_D_U,fa_submental_NR_XXX_L_M,fa_jowl_NL_IXX_D_U,fa_preplatysmal_NL_XXX_L_M,ca_noseAla_NR_ICX_D_U,ca_noseAla_NL_ILX_N_W,fa_lip_NR_IXX_L_M,fa_neck_NL_XXP_L_M,fa_forehead_NN_XMX_L_M,fa_jowl_NL_SXX_L_M,ca_earAntihelix_NL_IXX_D_U,fa_cheeksMiddle_NL_XXX_L_M,fa_earHelix_NL_IXX_L_M,ca_noseAla_NR_IXX_N_W,fa_cheeks_NR_XMX_L_M,ca_earHelix_NL_SXP_B_F,ca_earHelix_NL_SXA_N_W,ca_noseAla_NR_IMX_B_F,fa_submandibular_NR_XXX_D_U,ca_noseAla_NL_XXA_N_W,ca_earAntihelix_NL_SXX_B_F,ca_earHelix_NR_IXX_B_F,ca_noseAla_NR_ICX_R_A,ca_earHelix_NL_SXP_N_W,fa_cheeksMiddle_NR_XXX_D_U,fa_submandibular_NR_XXX_L_M,ca_noseSupratip_NN_XXX_D_U,fa_forehead_NL_XLX_D_U,ca_noseColumella_NN_XXX_R_A,ca_noseAla_NR_XXA_R_A,ca_noseTip_NN_XXX_D_U,ca_noseColumella_NN_XXX_B_F,ca_noseAla_NL_ICX_N_W,ca_noseAla_NR_XXA_B_F,fa_lip_NR_IXX_D_U,fa_cheeks_NR_XMX_D_U,ca_noseAla_NR_ICX_B_F,fa_nasolabial_NL_IXX_D_U,fa_nose_NN_XXX_L_M,ca_earlobe_NR_XXX_D_U,ca_noseAla_NL_ICX_B_F,ca_noseAla_NL_IXX_D_U,fa_nasolabial_NR_IXX_D_U,fa_orbital_NL_IXX_D_U,ca_earHelix_NR_SXA_N_W,ca_noseAla_NR_ILX_R_A,ca_noseAla_NR_ILX_B_F,fa_forehead_NR_XLX_D_U,ca_noseAla_NL_IMX_N_W,ca_noseAla_NL_SXX_N_W,ca_noseAla_NL_XXA_R_A,ca_eartragus_NR_XXX_B_F,fa_jowl_NR_IXX_L_M,fa_periorbital_NL_IXX_D_U,fa_orbital_NR_IXX_L_M,fa_preplatysmal_NR_XXX_L_M,ca_noseAla_NR_SXX_R_A,ca_noseSupratip_NN_XXX_SL_SR,ca_noseAla_NR_IMX_N_W,ca_earHelix_NR_SXP_D_U,fa_lip_NL_SXX_D_U,ca_eartragus_NL_XXX_N_W,ca_earHelix_NR_IXX_N_W,ca_earAntihelix_NL_SXX_N_W,fa_submandibular_NL_XXX_L_M,ca_noseAla_NL_ILX_R_A,fa_orbital_NR_IXX_D_U,ca_earHelix_NL_IXX_B_F,ca_earAntihelix_NR_SXX_B_F,ca_noseAla_NR_SXX_B_F,ca_earlobe_NL_XXX_D_U,ca_noseAla_NR_ILX_N_W,ca_earHelix_NL_SXA_B_F,fa_forehead_NR_XLX_L_M,ca_earHelix_NR_SXP_B_F,ca_earHelix_NL_IXX_N_W,fa_periorbital_NL_IXX_L_M,fa_jowl_NR_IXX_D_U,ca_noseTip_NN_XXX_SL_SR,ca_earAntihelix_NR_SXX_N_W,fa_cheeks_NL_XMX_L_M,fa_earHelix_NR_IXX_L_M,fa_nasolabial_NR_IXX_L_M,ca_noseColumella_NN_XXX_SL_SR,ca_noseAla_NL_IMX_R_A,fa_orbital_NL_IXX_L_M,ca_noseAla_NL_SXX_R_A,fa_lip_NL_IXX_L_M,ca_noseAla_NR_SXX_D_U,ca_noseAla_NL_IXX_B_F,fa_temporal_NR_XLX_L_M,ca_noseAla_NR_XXA_N_W,fa_orbital_NR_XLX_D_U,fa_nasolabial_NL_IXX_L_M,fa_cheeksMiddle_NR_XXX_L_M,ca_noseAla_NR_ILX_D_U,ca_earHelix_NR_SXA_B_F,ca_earAntihelix_NR_SXX_D_U,ca_earHelix_NL_IXX_D_U,fa_forehead_NL_XLX_L_M,ca_eartragus_NL_XXX_D_U,ca_earHelix_NR_IXX_D_U,fa_mental_NN_XXX_L_M,ca_earAntihelix_NL_SXX_D_U,fa_lip_NR_SXX_L_M,ca_noseSupratip_NN_XXX_B_F,fa_earHelix_NL_SXX_L_M,fa_orbital_NL_XLX_D_U,fa_forehead_NN_XMX_D_U,fa_jowl_NL_SXX_D_U,ca_noseTip_NN_XXX_R_A,ca_noseAla_NR_XXA_D_U,fa_cheeksMiddle_NL_XXX_D_U,fa_temporal_NL_XLX_L_M,ca_earHelix_NR_SXP_N_W,fa_submental_NR_XXX_D_U,fa_jowl_NL_IXX_L_M,fa_periorbital_NR_IXX_D_U,ca_eartragus_NL_XXX_B_F,ca_noseAla_NR_SXX_N_W,ca_earHelix_NR_SXA_D_U,fa_nasolabial_NL_SXX_D_U,ca_earAntihelix_NL_IXX_B_F,fa_orbital_NL_XLX_L_M,fa_orbital_NL_SXX_D_U,fa_submental_NL_XXX_L_M,fa_temporal_NL_XLX_D_U,ca_earlobe_NL_XXX_N_W,ca_earHelix_NL_SXP_D_U,fa_mental_NN_XXX_D_U,fa_lip_NR_SXX_D_U,ca_noseAla_NR_IMX_D_U,ca_noseSupratip_NN_XXX_N_W,ca_noseTip_NN_XXX_N_W,fa_orbital_NR_SXX_L_M,ca_earHelix_NL_SXA_D_U,ca_noseAla_NR_IXX_R_A,ca_noseAla_NL_IMX_D_U,ca_noseAla_NL_SXX_D_U,fa_nasolabial_NR_SXX_D_U,ca_noseAla_NL_IXX_N_W,ca_earlobe_NR_XXX_N_W,fa_temporal_NR_XLX_D_U,fa_mental_NN_IXX_L_M,ca_earAntihelix_NL_IXX_N_W,fa_neck_NR_XXP_L_M,ca_earAntihelix_NR_IXX_B_F,fa_jowl_NR_SXX_L_M,fa_orbital_NR_XLX_L_M,ca_earlobe_NL_XXX_B_F,fa_mental_NN_IXX_D_U,fa_cheeks_NL_XMX_D_U,ca_noseAla_NL_ICX_D_U,ca_noseAla_NL_XXA_B_F,ca_noseAla_NL_ILX_D_U,fa_jowl_NR_SXX_D_U,fa_lip_NL_IXX_D_U,fa_orbital_NR_SXX_D_U,fa_nasolabial_NR_SXX_L_M,ca_eartragus_NR_XXX_D_U,ca_noseAla_NR_IXX_B_F,ca_noseAla_NL_ICX_R_A,ca_noseAla_NL_IMX_B_F,ca_earlobe_NR_XXX_B_F,fa_submandibular_NL_XXX_D_U,ca_noseAla_NL_ILX_B_F,ca_earAntihelix_NR_IXX_N_W,ca_noseAla_NL_XXA_D_U,ca_noseTip_NN_XXX_B_F,fa_earHelix_NR_SXX_L_M,ca_noseAla_NL_IXX_R_A,fa_orbital_NL_SXX_L_M,ca_noseAla_NR_IXX_D_U,fa_submental_NL_XXX_D_U,fa_lip_NL_SXX_L_M,ca_earAntihelix_NR_IXX_D_U,ca_noseColumella_NN_XXX_N_W,ca_noseAla_NR_IMX_R_A,ca_noseAla_NL_SXX_B_F,fa_nasolabial_NL_SXX_L_M,ca_eartragus_NR_XXX_N_W,ca_noseAla_NR_ICX_N_W,assetid
-11,-55,40,11,-14,25,37,46,7,41,14,77,-4,-12,6,7,58,-3,27,4,-30,7,23,56,-2,14,19,13,-21,35,-15,34,-44,-18,-18,13,-48,66,42,14,60,17,38,58,3,29,24,11,67,44,18,98,31,-27,-39,12,-15,25,-12,-6,13,-51,-55,31,14,34,14,10,20,61,29,28,31,41,-10,-3,2,-8,-35,-11,-8,41,-1,11,-14,-11,-22,-27,-12,2,55,10,38,-1,-11,-26,-6,58,-3,-22,-76,24,21,-70,42,-24,-74,-42,48,-10,83,15,-40,-18,23,47,5,-48,-28,-8,-26,93,-45,48,67,-24,37,11,33,-10,-55,-47,-57,-24,-56,28,60,-34,33,-27,55,44,9,21,31,33,-1,40,69,92,-34,69,15,45,33,14,52,18,-54,22,16,18,10,0,0,65,-24,63,13,-18,-27,44,33,28,61,-45,-85,-2,54,-25,24,26,42,-27,70106
-24,29,31,-20,7,1,-45,30,-17,0,0,-27,43,31,4,-4,38,25,27,-17,25,4,25,27,-4,23,17,-14,-27,22,20,13,35,-14,-58,6,7,22,15,0,-54,-2,16,41,0,67,24,34,63,26,-44,60,14,-35,18,46,21,3,-5,-3,-43,-27,5,3,-8,33,-12,29,68,28,22,22,-6,27,8,0,20,-4,27,4,-1,29,44,5,8,0,-13,29,-7,-23,0,-20,-18,4,15,16,36,-22,4,1,-40,-7,51,-43,-22,0,10,-61,-1,15,38,20,5,-5,20,-19,22,-4,23,45,-37,58,-12,10,0,75,20,-19,35,0,-26,34,4,35,-29,-2,9,-8,7,34,0,11,0,-2,35,6,3,0,1,-20,71,14,26,22,-45,6,-23,16,10,22,-12,49,-23,-4,-16,16,27,64,-4,-4,-81,-1,5,2,39,-2,8,42,9,-12,21,-11,0,-58,70145
13,-7,-7,-8,11,1,-76,-36,-24,-4,8,61,8,-26,-31,18,25,-3,48,3,0,30,20,40,-9,10,27,19,-5,46,-13,28,0,48,-64,-11,27,29,-27,38,-40,55,-27,55,33,57,52,16,17,37,-5,20,27,-40,73,39,-50,0,17,-6,-4,12,39,13,-13,10,16,15,46,35,16,20,57,-38,-11,83,-7,-1,-18,9,0,3,20,-29,3,2,-3,-55,19,-8,16,29,-16,32,-1,-16,-10,74,-17,-18,-37,68,15,-48,-32,-8,2,22,29,1,69,13,26,7,34,-16,3,-10,65,35,-37,20,-57,-2,15,33,30,-11,13,-79,19,97,36,41,-26,0,7,-52,10,39,15,4,16,-78,15,64,62,-5,8,63,46,1,47,8,-77,-9,74,16,24,26,-31,16,29,-10,0,8,0,16,78,8,13,45,10,8,54,-8,3,-5,-7,-2,20,-49,28,-63,70650
17,18,100,-29,31,6,23,-21,-11,-38,-46,17,71,22,18,17,19,5,52,-20,26,33,35,11,4,-17,11,-33,-42,18,64,35,10,8,-73,13,-3,94,-14,-6,-91,52,-23,86,-11,61,46,23,74,29,-27,70,37,-58,-2,24,54,6,25,-12,-27,-10,73,-29,8,50,-32,27,52,2,45,47,56,-12,-31,-6,13,5,-1,33,-11,43,11,2,13,0,26,30,25,-17,27,-10,-40,32,-6,-1,13,54,-28,36,16,-41,3,14,-36,29,-36,3,52,-19,81,51,13,10,6,-35,-11,10,-22,38,-63,71,-38,17,0,18,69,-30,72,-89,-15,28,80,75,-25,-16,61,-50,22,78,23,11,13,-92,72,-61,-6,-39,10,42,21,-6,60,100,17,5,48,56,-8,63,-24,8,-2,5,-32,0,28,70,12,7,-15,42,21,34,88,10,-39,79,-3,24,39,-26,-40,-77,71259
11,41,43,-9,-4,9,31,-13,10,-8,19,17,18,23,49,6,-15,27,85,-10,15,32,17,46,-22,68,-4,-7,-17,-69,12,22,62,14,-52,-2,0,35,-35,-32,-39,-55,-34,35,-31,17,75,9,40,-71,-11,34,24,-17,-5,-23,-12,10,13,-6,-13,-38,27,-12,-35,48,-8,9,18,48,19,26,-54,-10,-12,2,27,-39,36,-2,-5,46,-23,51,-13,-2,-8,-15,14,11,18,8,5,30,0,-11,31,61,-11,-24,-46,1,15,-52,-18,-25,13,-34,52,-1,14,40,16,27,-5,3,69,29,-1,-23,-17,37,-48,30,28,33,22,-9,1,-18,-37,11,27,54,-22,-9,-37,-51,12,52,17,30,4,-8,1,-28,-22,-6,31,15,29,51,67,35,28,-2,57,44,-1,23,10,15,6,-23,-11,52,16,40,-29,29,-24,51,10,-40,36,31,12,20,-6,-7,27,14,-13,-49,71494
8,72,45,-29,3,-11,18,-2,9,-8,-13,76,80,-67,10,20,16,19,-3,-3,11,11,60,-8,-13,3,36,-34,2,1,-1,38,22,0,-40,3,-35,66,7,58,-43,-65,9,78,58,28,-14,-9,22,2,-28,63,32,-90,-3,3,26,-11,33,-5,-33,21,30,12,-26,18,-37,-8,35,0,51,4,-71,-11,21,26,11,-23,60,1,0,17,6,11,-7,0,13,-15,29,2,30,3,9,7,23,3,-65,43,21,32,-42,34,19,-42,1,30,47,16,16,26,-100,26,-10,3,44,11,-4,39,-25,19,-85,51,-47,41,-12,-8,-7,-29,54,31,18,-1,33,37,-12,0,26,-42,19,30,24,38,25,26,54,-11,-6,-9,-16,91,-12,15,44,73,14,4,38,33,-42,-9,7,17,0,-12,1,10,8,22,-16,2,3,10,18,22,84,38,51,85,10,12,6,-6,19,-47,71565
4,9,51,-14,0,2,1,-20,11,4,5,18,52,9,31,8,4,2,16,-17,13,46,19,31,-3,3,30,-10,-22,80,20,24,52,2,-80,1,28,47,-9,-4,-35,-17,-13,58,-11,73,14,22,55,82,-16,82,25,-52,66,51,27,3,27,-9,-19,-17,48,11,-10,24,-9,18,76,30,20,44,-19,-24,-21,70,0,-11,-4,-3,-9,19,17,33,-45,-4,0,18,25,20,19,4,-15,42,34,-44,8,57,-18,14,-40,52,36,-42,-20,12,16,-22,27,37,93,16,18,9,35,-17,6,20,60,63,-50,76,-15,26,2,45,36,-15,51,0,-20,15,52,44,12,12,-24,-16,22,44,16,29,11,-6,50,-8,10,4,1,30,41,22,54,51,-1,-4,52,21,18,39,2,36,7,-4,-23,25,15,52,11,8,-39,26,21,-29,61,20,13,54,17,0,41,-4,10,-87,72788
14,75,73,-20,7,17,17,-46,19,36,10,63,38,-52,45,28,45,37,7,0,-7,58,70,-3,1,27,-8,-12,-2,-37,18,31,10,15,-49,4,49,62,-5,3,-5,3,-11,68,-15,52,0,15,58,-34,14,85,30,-83,17,71,6,17,30,-14,13,62,39,69,11,12,-11,13,64,0,73,17,7,-45,11,-14,41,24,75,1,-14,24,33,43,0,-4,19,-6,29,15,37,12,-10,54,-27,-17,-48,52,16,32,-35,-26,-7,-25,-19,27,-1,1,21,-24,-19,62,14,10,-6,-12,15,5,-2,71,-86,85,-74,44,-21,-35,52,-20,45,-16,62,21,41,52,12,32,1,-70,32,52,33,42,30,5,44,-6,72,36,-23,74,-29,-23,31,63,13,0,50,63,44,52,-21,-7,17,0,-7,-24,-6,57,75,11,-29,20,30,-6,72,6,0,46,19,18,13,-25,65,-56,72852
-20,28,28,-33,3,-9,9,-3,-25,4,-7,-6,0,-25,-17,0,-27,27,80,-46,38,16,35,15,-32,41,-9,-56,-22,-13,11,32,33,11,-64,-18,-30,-1,-27,-17,-41,3,-25,35,-17,44,81,12,36,-11,-45,77,33,-24,-28,48,-23,-8,31,-13,-46,0,16,-3,-20,51,-56,10,52,15,34,5,-4,-3,31,36,22,-14,26,3,-6,41,-31,-20,-32,-4,-30,-19,29,-21,19,-10,-39,13,25,-27,-27,66,25,10,-70,36,20,-73,-48,7,-64,-56,-35,18,100,-2,-7,-12,-7,-40,40,8,-32,62,-28,72,-38,9,32,-16,0,-34,52,-77,0,20,17,4,-3,-2,-5,-43,27,3,16,11,0,-72,55,-9,40,6,37,0,-5,28,35,1,5,-20,63,3,-33,10,-12,24,-10,-31,-45,31,41,38,34,-13,-77,-32,23,2,36,10,-62,7,13,-31,4,-21,-4,-64,73316
5,12,43,1,14,17,-77,-37,45,15,12,100,40,-49,17,12,14,-36,-41,19,-27,42,26,-19,1,4,35,-5,16,-100,-21,18,22,28,-7,0,-61,55,-7,24,43,10,-10,62,2,36,-38,4,12,-100,28,51,17,-83,-21,0,-4,20,15,3,29,60,-7,79,-57,-35,-3,2,40,-24,17,-14,-7,-42,-8,-64,-48,-52,23,0,2,-48,7,17,14,0,7,-22,16,46,1,9,-10,46,26,10,-44,39,-15,35,2,-68,25,-10,15,44,18,-16,-8,27,-52,31,-29,7,52,-1,16,-22,-15,0,-88,47,-29,27,-12,-18,12,0,55,47,78,58,-3,6,23,36,-23,-41,18,6,-3,26,17,44,54,10,3,14,-10,97,-20,-37,3,57,-76,-3,36,37,-66,5,-9,31,13,0,16,-35,-24,12,-14,5,-15,-3,15,-16,63,-22,15,33,-5,9,-15,-8,57,-11,73398
23,17,15,-16,18,1,24,-7,26,56,0,52,23,9,87,8,52,13,-39,-31,-19,38,28,8,19,35,-25,-50,-38,-64,-41,33,58,8,-37,26,-34,4,-20,-32,14,-15,-22,31,-40,58,-35,27,75,-88,10,58,29,-100,-32,26,47,5,9,-7,8,-19,26,100,84,50,-47,27,55,23,13,35,-31,-7,-6,-26,-1,100,22,-2,-13,39,33,90,-23,-15,-11,27,12,21,-13,-7,-55,31,27,-6,-4,37,-8,44,-30,-8,-40,-16,-3,52,10,9,100,35,-75,69,3,19,-7,-56,26,13,-34,42,-100,57,21,-19,-37,-42,19,-17,36,80,-13,5,27,58,-29,4,1,33,25,57,-11,-17,11,81,37,-65,73,57,-52,65,-58,45,61,17,23,26,36,64,-32,29,-39,-42,-7,20,-30,29,-14,73,76,18,-37,100,22,10,33,12,-1,33,14,-10,33,-46,100,-42,74142
11,-19,66,-34,-5,-1,11,3,11,6,52,20,81,25,63,17,15,-8,27,-13,44,27,34,29,-5,10,16,-32,0,7,30,36,75,9,-78,0,21,52,5,1,-58,-63,2,79,11,76,49,16,67,13,-34,88,37,-67,36,6,-38,-3,25,-5,-35,19,35,30,26,35,-34,14,70,31,41,40,-55,0,-9,11,-1,21,-23,-6,-3,39,11,58,8,5,2,-41,24,12,22,29,-38,26,26,-15,17,46,-5,17,-74,9,22,-67,-24,14,-12,-12,63,28,0,37,14,0,13,-47,19,11,32,27,-65,85,-65,35,-26,18,58,-33,50,17,12,11,37,48,-31,16,-50,-61,26,47,18,34,18,8,49,21,32,5,-29,29,16,41,36,52,10,-3,45,39,17,58,-25,20,30,-4,-18,37,44,65,61,-1,-34,65,26,-37,82,10,-13,82,16,3,38,-14,34,-82,74861
-4,23,52,-23,5,-13,-36,-65,26,-37,-35,91,-11,-60,7,4,-39,-43,47,-23,-7,68,10,46,-7,28,27,-10,-60,-100,4,22,5,-19,-30,2,48,3,-31,2,-63,-35,-34,62,2,60,35,22,-8,-100,-12,40,25,-83,-4,88,-2,-12,45,-13,-12,-34,40,20,-38,46,-6,20,58,47,10,-9,-27,-63,-14,-100,-39,-45,25,6,-1,47,-36,10,10,6,10,7,45,26,8,-37,-74,72,28,-1,-50,42,-10,14,-51,-83,-16,-37,-47,18,-20,2,27,27,-63,32,1,-30,31,-73,34,28,-7,92,-83,45,1,1,-4,-39,20,-22,81,-56,-34,18,41,42,-3,18,13,7,15,46,6,2,4,-58,82,-15,1,-37,-5,80,-39,-29,37,8,-36,-1,42,32,47,21,-14,-23,-35,-8,-28,-30,-9,-8,7,-30,-20,22,14,18,61,27,-13,-15,16,12,-10,-21,15,-27,74871
7,-58,42,-19,39,-4,20,-72,7,17,13,-1,48,-76,-15,24,-26,9,34,-5,18,57,34,32,-1,2,38,-23,-23,-92,-15,20,23,29,-34,5,15,15,-31,-12,-54,30,-38,44,-33,89,4,13,14,-82,5,18,20,-40,-7,11,-82,-5,23,-8,4,-10,1,-5,7,74,-23,17,86,27,35,9,19,-63,-19,50,11,3,-58,41,-3,58,-37,-24,12,4,13,-84,27,-11,4,20,-52,52,6,6,-61,46,-17,10,-26,0,6,-4,-23,1,-24,36,7,1,-91,46,30,7,38,-57,0,-5,-36,9,-41,25,1,16,6,20,29,-19,56,-72,-21,32,-1,52,-5,-6,-12,-13,7,55,3,12,19,-52,57,-9,77,17,5,14,16,6,46,17,23,2,48,47,19,38,-42,10,24,-2,-11,10,17,9,91,7,10,5,7,7,45,-5,-24,54,-7,13,4,-49,-1,-33,74896
-7,28,63,-17,30,0,-38,-2,6,25,-29,52,68,-18,47,11,2,13,-25,-23,0,37,54,36,15,-11,33,-29,15,60,-1,34,8,-19,3,-8,-13,18,16,-7,-2,25,17,52,-15,15,-32,12,60,64,-10,65,32,-58,-30,8,15,0,27,-9,-12,3,-8,30,1,29,-27,13,20,38,52,6,30,1,30,70,11,-3,32,18,-5,28,10,45,-15,0,9,19,25,-3,34,-17,-27,35,15,0,-14,50,30,44,-3,58,45,0,-32,42,-39,-47,44,17,-100,58,-21,-7,37,-22,-14,18,-28,0,-54,66,-2,34,24,-40,25,-17,68,91,-1,31,-7,39,18,13,-10,1,38,39,34,32,13,87,65,-32,10,25,20,67,-41,25,44,7,-40,-7,47,57,-12,21,-30,45,-18,17,-25,21,4,60,17,-7,-65,37,39,0,54,18,-40,70,15,9,6,-24,37,3,75087
13,45,36,-24,39,11,-57,-21,-19,13,80,19,45,2,35,6,-3,-4,-58,5,-33,45,56,21,21,-45,56,-8,-35,52,27,32,30,-1,-61,22,45,52,9,13,-14,62,6,63,5,26,-49,26,72,43,11,100,34,-91,23,-30,45,10,30,-5,12,25,30,50,7,46,-8,25,38,18,54,14,61,-21,-4,100,-5,13,40,44,-5,46,8,34,-2,4,21,18,25,-17,34,-8,-8,45,41,-8,-5,17,0,56,-15,77,-41,-36,-24,60,-25,-9,81,47,14,52,10,6,50,-12,-20,14,43,1,-86,100,16,25,15,-17,52,-25,61,27,26,16,37,67,-9,8,-62,14,28,66,25,24,11,21,61,-36,52,13,13,24,-22,13,50,42,-64,14,11,64,30,56,-14,-37,-4,24,0,17,-31,74,66,4,-14,91,27,-60,67,13,-21,43,7,19,13,-20,54,-66,75355
0,33,46,-22,14,8,24,-23,10,-11,38,44,35,-25,6,15,20,0,19,4,31,12,15,11,2,-5,15,-25,-18,-73,-22,13,-20,22,-19,2,47,48,-8,13,-17,-16,-8,39,2,49,19,8,26,-70,-8,26,21,-25,8,-23,-21,11,11,8,-2,-23,9,0,-47,30,-17,7,57,20,8,12,-14,-22,-19,67,-7,-29,27,2,9,18,37,5,38,7,25,-14,8,10,-7,19,-12,21,12,27,-31,40,-22,0,-39,57,22,-39,-16,0,-5,30,-6,18,100,27,12,-26,24,-3,-11,10,16,-9,-22,26,-35,33,0,19,67,-20,50,-28,-23,14,7,27,7,16,3,-26,-1,30,-16,40,13,-48,46,-41,43,-11,-1,51,11,25,66,50,19,-6,38,17,52,63,24,17,22,2,-2,16,35,30,14,-32,4,-19,-3,16,38,10,0,39,-11,23,9,19,-17,-15,76433
-15,45,58,-17,18,1,10,16,-13,-20,-7,70,-7,29,48,3,12,-2,-13,0,3,10,33,24,3,66,13,-5,-25,-60,-18,18,-3,-7,-81,17,18,37,48,13,-79,20,43,63,4,81,-16,30,89,-44,-44,84,22,-69,57,71,5,0,-5,-5,-42,-35,18,5,-13,87,-5,31,70,31,45,32,17,21,31,52,3,-11,47,16,-6,71,5,40,29,-1,-3,-10,-6,-12,-1,-17,-11,11,1,18,28,-34,40,26,-40,26,5,-28,-40,17,54,3,54,9,65,4,-6,-17,16,-8,63,19,48,61,-68,89,-25,-11,-52,13,37,-18,25,-54,-54,64,19,35,-38,17,5,-20,0,33,-5,-10,2,-43,27,10,7,-20,-46,69,0,-19,34,43,8,16,-34,3,15,36,-35,0,-13,4,-5,-29,3,86,12,-17,-40,50,0,22,62,20,52,3,33,-2,29,-45,0,-82,76449
32,22,29,-10,9,33,7,-25,-14,12,-62,11,45,-12,80,18,22,3,-22,0,2,69,34,0,9,-16,32,-13,-24,0,32,14,16,-42,-25,42,1,74,-9,1,-12,-9,-11,18,1,35,-45,22,50,3,28,63,19,-77,65,40,100,29,26,4,33,-5,44,40,26,-9,-22,35,37,0,36,49,-21,-15,-25,-100,0,26,19,12,10,-31,17,65,1,20,30,100,20,-18,26,-19,10,71,68,1,-29,20,-25,27,-58,-100,-13,-45,-22,19,-51,24,56,57,0,20,-11,27,26,-7,-12,30,54,44,-76,60,9,2,-23,-37,80,-13,64,57,-20,42,51,50,4,21,20,-7,25,44,15,6,4,76,66,-48,44,11,-23,18,-36,10,69,74,-2,38,10,27,-10,92,-4,-7,-15,17,-5,14,3,52,67,20,-4,63,27,9,21,29,-55,40,18,22,49,-14,61,-24,76479
30,-26,62,-26,14,4,13,-28,32,24,19,33,6,-4,46,11,-18,-16,-8,25,-1,70,21,26,-5,-1,83,-21,-15,-54,25,4,0,-29,3,48,-31,-4,24,41,50,-33,17,60,36,-9,-33,13,51,-55,62,58,3,-44,-37,-4,-6,2,15,-12,58,-85,45,35,-21,-23,-21,11,-10,23,19,32,-35,-23,-52,81,-19,-25,-27,21,-10,-23,-3,43,81,-5,23,1,16,24,0,1,-12,58,-3,69,-10,0,-46,-16,-52,75,-4,-54,-2,-19,-40,58,57,-3,-31,14,-27,25,84,-19,-5,-3,-23,0,-42,58,-63,34,-5,15,11,-25,48,17,-88,-7,41,41,33,16,-35,-73,18,43,-3,36,13,27,45,-14,58,23,-12,67,24,60,58,-5,10,40,0,18,-37,28,-6,-3,8,-5,17,64,-2,49,81,24,7,60,19,-22,63,-3,-44,8,22,23,25,-12,46,-4,76529
-31,70,63,-17,9,13,-3,6,0,11,11,68,52,-13,43,3,52,6,69,-25,37,5,19,56,0,85,15,-15,-38,-6,18,35,-6,-9,-86,-3,51,64,28,-14,-56,-38,20,69,-14,91,61,31,79,-10,-55,81,39,-33,52,76,26,12,12,-12,-56,-46,50,-11,-22,81,-15,27,100,52,25,35,-34,8,-20,32,10,-33,68,9,-13,72,62,43,31,-4,-17,35,12,9,-1,-24,20,6,-5,26,-2,28,-17,-5,-58,13,40,-62,-22,-9,7,-46,44,-4,27,-13,25,-17,14,21,74,14,36,81,-31,84,-47,8,4,68,61,-16,56,-77,-51,43,49,29,-42,-9,23,-51,24,32,-4,10,5,-66,55,-1,10,11,8,91,72,52,62,58,-4,-10,29,-20,49,55,-14,41,-16,-1,-35,55,37,75,21,-17,-86,40,22,35,69,14,1,57,16,-17,30,-14,3,-90,76580
24,50,61,-13,26,2,-7,-15,52,17,64,16,85,-100,9,18,13,99,29,4,22,41,77,100,3,19,-75,-17,33,-95,0,15,14,7,-23,7,7,61,0,16,-92,100,-3,58,4,-26,41,14,31,-91,-37,69,17,-48,0,80,16,1,15,-2,-39,-15,8,30,-26,55,-18,8,-19,100,86,8,93,-18,49,98,100,-36,47,33,-5,52,27,8,-44,-1,15,13,15,41,36,26,-13,41,36,-65,-100,54,49,0,22,82,24,-1,1,-1,21,20,45,46,22,19,-9,15,-67,0,21,1,-31,77,-54,61,-100,11,23,-16,51,-12,32,-67,-16,67,6,30,18,3,-15,-100,12,30,32,10,22,-55,31,0,21,17,37,35,-12,21,9,61,-10,1,52,21,5,44,-6,30,31,1,-1,31,21,30,16,15,17,54,11,-10,60,2,23,82,-8,15,3,-6,30,-32,76624
20,-12,42,-33,-7,-8,0,-36,4,-27,32,45,34,-3,17,24,14,-26,-4,11,17,36,-24,21,-1,12,21,-28,14,-50,4,16,-22,33,-67,7,44,65,-6,2,-65,-25,-8,61,-1,66,13,13,40,-81,7,80,20,-60,22,-4,27,-7,26,1,9,-56,27,41,25,28,-29,8,64,20,-23,24,-24,-42,-69,26,-23,38,-33,-12,3,23,32,17,56,10,22,5,25,8,18,46,-37,42,18,38,-8,68,-65,-3,-83,24,4,-81,-12,6,3,28,33,22,80,41,0,6,28,-41,21,21,25,1,-64,74,-65,36,-1,3,78,-34,41,-50,-44,33,30,37,7,27,15,-61,19,37,13,45,24,-50,39,-7,48,-26,-4,58,-8,25,37,52,-2,2,67,41,36,66,22,2,51,-2,5,23,19,39,61,4,-11,40,18,2,62,21,4,30,2,24,20,15,28,-71,76929
2,-7,81,-29,2,0,5,-1,12,2,-8,74,36,-6,99,21,-5,-51,6,-1,26,41,36,6,-1,28,2,-20,-35,-23,11,28,-1,-7,-68,3,62,51,8,-1,-100,-52,0,100,9,73,-3,21,83,-7,-24,96,30,-78,-3,82,7,-1,26,-10,-24,-98,64,38,11,70,-18,17,77,-2,40,25,-54,0,-18,-88,-52,18,-18,0,-8,48,4,95,3,1,24,-13,26,3,-22,9,-30,39,-30,-10,7,49,-22,-27,-65,-100,-36,-79,-38,-31,0,9,76,-38,-36,36,9,-17,7,-24,29,-12,-9,90,-78,99,-100,22,-47,16,75,-29,71,-34,-94,9,61,69,15,23,11,-100,15,70,-26,20,23,-15,68,-6,50,2,-36,98,5,28,6,57,1,-3,48,35,60,82,3,-31,17,-2,-12,34,29,80,55,-18,-37,74,13,15,100,-11,6,40,26,25,19,-5,46,-74,76944
13,6,62,-24,-2,9,-8,-35,12,-9,22,7,89,-35,-6,10,25,12,-30,-16,5,37,34,32,0,-26,48,-26,1,29,32,32,73,-11,-74,-2,11,55,2,23,-3,45,0,56,18,43,-24,17,39,25,-9,65,32,-75,9,17,12,10,30,-10,-11,14,48,23,-5,33,-24,18,49,33,34,37,49,-33,2,-23,11,2,4,-2,-9,29,28,-5,12,-2,-3,-9,30,11,20,7,-38,37,38,-4,-26,61,3,51,-21,-25,52,-19,-14,56,0,-12,10,45,-86,65,7,6,46,-36,-23,12,24,28,-77,66,14,36,8,26,61,-23,51,-28,19,-1,49,33,-3,15,-49,20,28,33,20,34,10,-34,50,-47,25,-10,8,19,17,5,75,54,-6,-2,61,71,6,50,14,48,7,0,-18,3,8,38,23,7,-34,6,28,-46,56,11,3,86,24,-1,37,7,13,-75,76998
12,32,57,-18,0,22,31,-21,11,-10,-47,48,9,-23,36,21,-50,-12,10,16,14,30,21,13,4,14,5,-16,-31,-28,27,12,11,0,-5,13,43,36,-13,0,-50,4,-22,49,3,50,18,5,15,-36,3,11,14,-60,-31,61,-44,16,28,-22,0,-29,43,9,-20,-24,-23,0,52,8,30,4,7,-17,-25,6,-1,-25,9,9,-16,12,-67,23,5,-9,55,-76,28,-14,5,-14,-16,23,2,-26,-17,37,-17,0,-52,24,13,-46,-30,-11,19,50,11,0,-65,16,32,-4,-10,-29,21,18,-55,71,-56,5,-28,33,-12,-10,10,-21,57,-31,-42,52,48,57,19,-1,-33,-37,4,56,-1,29,22,0,57,-33,-12,-11,-14,80,3,15,51,28,25,5,31,28,32,17,-32,19,-4,2,3,16,14,8,32,-7,18,19,4,-48,54,18,9,24,-15,52,-4,-26,45,-17,77060
50,70,90,-24,36,-14,52,-65,-23,4,57,64,24,-62,39,12,-26,43,-24,-14,-11,60,100,100,5,20,86,-31,-29,20,6,49,6,72,-21,44,-39,69,-23,52,26,-16,-32,82,48,1,-58,18,62,25,30,76,46,-87,-13,-36,18,-15,28,-11,26,17,31,46,55,5,-33,19,6,100,100,52,-12,-58,67,95,38,52,72,40,-11,5,-23,36,60,-4,37,-26,26,-21,15,-24,-36,51,-14,89,-67,40,70,46,-30,62,-10,-11,-1,37,-92,52,75,-22,-78,76,-35,33,81,-35,26,-8,-4,-25,-88,81,57,15,85,-51,34,-25,70,52,18,72,36,95,-39,28,-12,52,25,95,11,12,14,77,68,-51,45,3,88,78,-65,65,68,65,50,41,35,87,-49,39,-67,-4,-17,8,-21,61,-10,58,46,31,-7,65,23,-23,85,-9,-93,52,16,36,48,-72,51,-29,77087
17,70,80,-16,21,16,67,-17,-12,33,-10,67,74,2,-2,21,3,14,-83,-9,-10,11,58,42,3,-36,39,-13,-9,43,12,41,52,27,-50,1,49,35,-18,-36,-78,35,-23,87,-35,6,-89,22,52,44,-14,42,42,-74,-12,27,19,16,16,-12,-17,10,8,14,34,21,-9,14,0,45,63,22,39,-20,52,84,12,29,58,13,-17,20,0,0,24,-12,18,8,16,-8,23,2,-49,10,40,27,-8,87,56,48,-1,94,28,3,-35,48,-5,37,24,40,-17,66,-16,-5,35,-52,-32,0,-15,27,-75,39,-14,36,13,-39,-10,-14,52,2,10,26,7,45,-13,18,-49,-9,22,46,22,39,26,10,52,5,52,32,17,73,-47,2,32,29,64,-1,87,52,50,-2,17,30,5,1,-16,3,-6,49,52,-5,-6,22,22,-52,89,0,-4,80,8,19,18,8,29,-57,77163
28,-27,83,-22,-25,14,4,10,-34,0,36,70,38,39,49,17,-19,30,65,-1,-10,16,98,76,-27,30,-15,-7,7,-24,-13,28,48,-14,-36,18,12,76,19,-7,-28,-81,17,100,-11,72,65,-16,41,-13,-34,80,25,-64,18,8,-52,14,47,-7,-35,-8,17,11,-62,-2,-6,-17,66,76,88,-26,-82,8,21,97,15,-56,-45,-25,-3,-30,0,48,23,-2,21,-54,46,-27,55,-41,4,17,17,3,41,-27,5,40,-66,68,21,-64,32,55,-16,28,90,10,-88,21,-50,6,-9,6,20,13,-7,15,-70,76,-81,47,56,14,-9,-21,19,-34,11,12,19,48,-5,6,-8,-75,24,49,54,44,18,-41,17,15,17,0,52,68,13,63,41,74,4,16,-29,21,7,-32,13,21,-39,-24,-5,70,-9,40,31,3,14,87,24,-1,100,12,-13,26,0,22,-28,3,20,-39,77217
4,47,56,-21,-20,-6,-6,-40,15,-3,-34,18,44,8,22,18,37,-7,45,-3,30,25,7,44,-4,26,2,-16,-44,-83,-7,28,-2,23,-58,3,1,57,-15,-19,-5,-37,-19,48,-22,60,50,22,41,-78,-11,69,29,-43,39,-11,33,-7,0,-7,-10,-45,28,26,-11,28,-15,17,57,43,11,31,-40,-43,-46,-15,-4,-15,44,-22,-6,31,44,22,-6,-3,12,26,0,16,11,26,-9,27,-14,-8,12,35,-43,-11,-73,-43,33,-72,-26,-14,-5,7,12,-12,-75,35,23,-10,8,-9,23,17,25,-22,-43,69,-36,30,5,79,96,-21,50,-24,-44,9,30,25,-9,3,10,-36,18,24,8,28,21,-31,49,-3,27,-4,9,22,88,50,64,65,-8,0,33,44,-3,95,-12,34,30,-7,-10,52,28,40,22,-11,-21,9,17,11,49,15,-2,44,19,13,29,-12,27,-60,77219
-25,51,-6,-25,-15,27,22,-34,16,-15,47,10,66,-10,22,0,-24,60,47,-34,1,-2,52,54,-33,42,41,-18,-47,-72,-12,41,-43,-2,-43,-15,37,45,-38,-15,22,27,-37,15,0,61,33,20,0,-71,-41,25,35,-34,24,11,-3,23,21,-17,-48,-58,0,-26,-20,55,-20,10,66,57,52,15,27,-52,43,-11,55,-29,52,-14,-18,46,-9,8,-19,-19,-7,-62,18,-1,-30,-16,-38,-10,-27,-13,-4,30,41,-1,-37,-16,30,-35,-2,-5,7,29,27,-26,-76,16,61,-36,48,-44,26,4,-11,27,-34,10,-51,9,23,21,-9,-24,20,-69,-71,51,3,17,-58,-46,-9,-51,8,13,-34,9,10,-67,18,5,-57,-15,23,31,52,31,46,49,19,-15,24,17,36,0,-69,26,-18,-35,-32,33,0,-4,-21,-36,-25,16,9,-31,21,3,6,60,35,-10,11,-70,0,-61,77319
15,16,46,-22,2,2,-7,27,1,39,57,37,47,-9,85,10,-34,-24,-34,26,-51,5,50,-13,7,-51,27,-12,-31,19,-1,24,3,-50,11,36,18,55,37,6,-11,-1,21,46,9,4,-56,-20,54,19,-12,55,25,-84,36,-36,-12,0,24,-11,-13,-13,29,44,9,-57,-15,-25,8,-18,60,27,7,43,-26,95,-18,11,-15,5,-11,-47,-43,75,22,-12,24,-63,29,-18,22,-43,-14,-2,-8,13,-11,-19,-15,28,-8,67,-29,-4,32,14,14,61,80,-10,100,31,-25,-4,21,-13,-56,-25,32,-24,-80,68,-54,43,-5,-13,-10,-24,38,33,-27,3,26,15,-22,-11,-13,-65,20,21,20,41,12,69,37,-18,-11,38,-2,68,-6,9,63,39,-7,26,-19,38,12,11,4,-26,-28,3,9,10,-49,43,6,-6,-19,82,18,-21,48,-26,6,65,-8,26,14,2,64,3,77416
5,34,11,33,0,14,16,-56,15,6,-22,35,64,3,8,21,7,25,14,1,-22,11,16,30,8,36,35,24,-49,29,-6,21,-12,13,-43,23,-12,43,-18,-22,-8,48,-21,7,-32,92,-12,30,17,24,0,44,27,-63,-11,77,-52,13,-2,0,-1,83,0,39,8,-1,23,25,95,31,22,23,31,-55,-3,-11,25,-12,11,5,9,-34,26,11,0,12,28,-41,-4,11,-4,22,51,14,0,-13,30,30,1,51,26,-25,60,33,0,52,6,34,55,3,27,-4,27,-2,38,41,43,2,13,91,-63,45,-17,25,11,28,39,32,46,58,79,29,-4,8,-29,15,-10,-22,15,11,-9,27,25,84,47,34,-24,5,11,54,37,11,47,39,11,16,26,0,-15,31,-16,63,26,10,-6,14,-22,16,-2,-5,-4,56,12,-14,8,2,4,74,7,27,19,-12,50,-44,77538
30,30,32,-17,2,16,-10,-20,19,13,5,49,54,9,36,13,12,35,-14,20,7,11,44,88,-6,51,23,-8,-2,-83,-17,31,12,-1,-60,7,-43,98,1,49,34,-17,-5,54,35,70,-12,-1,50,-90,8,52,31,-58,0,30,52,16,16,-17,7,-10,19,34,17,31,-11,-3,67,95,48,50,-12,-14,-30,-17,34,26,13,7,-15,13,26,40,27,-11,11,24,17,20,17,2,1,8,4,27,12,44,-31,5,-57,-14,41,-54,26,9,18,38,52,4,-28,43,-40,0,28,-8,42,-11,31,22,-60,57,7,51,89,31,24,-18,58,-22,-13,38,16,20,12,40,-25,14,15,23,16,50,12,-20,58,3,-22,12,85,58,30,75,58,84,-8,6,44,51,-47,29,-6,37,7,-6,13,70,7,46,-29,0,1,50,15,-2,54,-11,17,54,12,12,46,-4,30,-61,77554
19,6,0,0,14,13,3,-6,-2,15,0,15,58,-9,30,13,4,-10,-75,5,8,5,46,33,-2,22,26,-7,6,88,-48,19,-18,28,-25,10,-31,32,-11,8,14,-3,-17,42,2,42,-65,9,14,100,-21,21,17,-71,12,35,-41,12,13,-5,-22,-28,-18,56,13,-13,-9,6,45,32,46,11,4,-5,-16,42,-12,20,-6,18,0,-25,-13,29,10,2,13,-44,15,-8,13,11,0,3,16,17,-7,26,-22,12,-19,16,34,-21,-7,13,-1,46,31,16,16,21,-20,-19,32,-8,32,-13,18,34,-70,23,38,37,0,5,21,0,69,73,-28,16,-16,36,-10,-4,-46,40,6,36,14,31,15,75,70,10,34,14,0,22,24,15,34,41,4,8,26,35,-40,22,-28,33,16,-3,0,17,6,9,13,-17,12,25,4,-36,43,-13,-1,52,15,15,5,-18,55,-30,77594
-12,56,29,-15,-49,29,-5,8,28,93,13,63,18,-24,34,0,14,14,-55,-9,-3,47,36,35,11,-7,-4,-19,24,39,3,26,34,-51,37,5,-44,-13,47,-39,45,19,44,38,-27,42,-57,10,62,56,5,85,21,-58,-31,62,-12,29,16,-3,1,-33,-16,68,46,52,-19,11,47,36,39,-2,34,4,33,-100,18,32,76,-40,-3,43,15,34,-34,-5,-6,-17,13,18,13,-23,-8,39,8,-24,-30,-27,32,23,-46,-100,26,-43,-15,21,33,-51,55,7,1,-4,-22,34,-9,-3,-13,4,-27,63,-56,82,-15,16,-2,-3,15,-14,47,56,-37,-7,-18,6,0,11,36,-6,28,6,11,16,1,42,44,32,63,92,-1,71,-22,34,4,-15,-3,5,-28,0,-47,20,5,22,-24,14,-9,36,-3,61,70,33,-75,46,27,48,40,3,36,25,18,-8,-3,-6,65,33,77644
52,51,45,-51,8,-34,20,3,28,-23,3,74,14,-10,30,28,16,-18,-39,8,37,52,29,12,-1,-27,24,-65,52,45,33,8,25,27,-62,44,-25,73,33,47,1,-42,26,91,46,67,-43,6,66,62,-6,72,13,-51,15,45,-71,-35,42,-1,-7,-22,99,18,-46,-49,-64,-3,72,15,28,42,-37,1,-33,-55,-27,-47,33,9,2,-70,0,30,-9,4,24,-75,44,23,44,39,-27,50,15,-13,-19,26,-41,-18,-3,-73,17,10,-6,-14,44,46,46,19,87,4,32,68,19,-15,-40,4,26,45,-52,73,-63,62,13,-20,36,-50,33,0,-22,-5,97,40,0,41,-91,-52,22,46,40,64,34,7,33,-44,-32,-24,9,92,0,44,68,78,20,35,25,2,-29,37,-1,16,45,-6,-2,47,39,62,-18,65,26,47,20,-100,90,3,39,17,37,26,36,-15,28,-70,77650
15,65,35,-24,48,-4,-20,-52,-3,-28,-5,-4,54,-26,21,12,30,27,14,-15,-3,55,37,63,1,49,61,-30,-16,99,14,32,67,-19,-74,6,19,76,-21,19,-29,10,-23,48,14,63,14,19,58,83,-5,74,34,-57,13,-47,60,-3,29,-1,-6,7,44,37,2,29,-29,16,58,58,31,70,1,-52,4,90,20,4,64,49,-8,18,28,18,28,-4,0,37,30,-5,9,-6,-50,56,22,24,-21,46,-2,21,-11,96,15,-18,-6,28,-14,-6,54,21,54,78,25,17,63,-41,45,11,16,-30,-64,72,-13,28,10,-5,98,-25,38,-8,23,33,45,65,7,6,-28,-13,19,65,9,27,13,-14,37,-44,58,-28,16,10,-9,32,75,68,-20,2,43,79,15,92,1,19,-5,1,-19,40,0,55,61,17,-26,50,19,-26,48,12,-20,50,12,0,67,3,27,-79,77662
26,49,14,10,-1,13,-39,29,21,48,9,81,-17,28,76,22,17,56,-67,-3,-16,27,88,26,12,-19,30,-21,-22,-50,-37,23,66,-19,-12,37,23,58,28,60,42,-17,25,81,74,49,-52,14,73,-52,-8,100,25,-70,21,13,17,15,12,-3,-8,-43,24,57,23,-24,-21,11,61,41,87,19,-12,22,-15,2,50,37,42,4,-5,-33,42,80,26,-5,23,-13,10,14,8,-22,49,31,-17,41,19,-8,-10,21,-61,-26,34,-65,2,23,-5,43,26,2,5,50,-11,2,36,48,-11,-52,39,20,-67,100,-52,57,52,9,9,9,48,97,-47,29,28,71,-6,29,5,-37,24,69,3,58,26,97,45,31,25,47,52,100,0,44,51,57,-43,31,-13,63,14,0,37,26,-19,13,-6,34,-17,73,7,1,-20,21,22,12,84,-52,-5,-14,57,23,17,26,51,-18,77665
10,56,41,-25,0,-18,-13,-34,-8,30,7,2,71,-31,0,2,-35,-21,-45,-23,7,22,-12,25,-2,-42,32,-22,0,-19,12,22,34,8,-50,0,-10,40,-7,14,25,34,-5,50,6,41,-58,30,26,-10,-14,21,21,-81,-24,56,-43,-17,22,0,-15,9,35,33,19,-19,-20,22,44,26,-9,26,25,-46,-37,18,-20,32,49,0,-4,-19,-46,-12,10,-5,-9,-43,21,-17,31,26,-17,24,40,11,-52,66,-30,11,-62,11,33,-46,-13,6,-9,5,11,49,-3,12,17,-1,35,-19,-56,9,-4,55,-86,13,-17,34,-32,-40,33,-24,64,-7,4,14,40,33,-22,-14,-7,-16,21,31,29,35,11,-3,64,-58,52,30,-33,-10,-49,-9,68,40,-13,2,63,21,-10,28,14,30,23,-5,-21,-15,7,26,55,-1,-5,2,22,-15,52,8,-1,78,16,-6,26,11,19,-57,77673
16,41,91,-26,38,-24,-42,-17,-11,41,-21,40,-22,-15,86,9,2,17,-25,18,9,26,35,50,18,5,21,-8,-33,15,15,25,17,8,-34,10,-34,67,16,29,-1,-74,6,87,31,46,-5,28,58,5,15,71,22,-61,56,40,43,-24,12,-21,9,-11,5,52,41,5,-5,17,56,51,36,41,-73,-18,-14,-100,12,68,39,32,-25,-5,20,73,-4,-18,19,37,13,-3,38,7,4,20,-41,-6,-29,67,-18,-24,-43,-100,-34,-50,7,-29,-64,-19,23,-35,-21,36,-12,-13,27,2,12,-9,69,43,-62,71,-64,30,63,-18,20,-27,33,46,-13,5,12,49,9,34,9,-67,17,49,38,32,16,29,33,-33,33,41,58,27,-12,30,56,61,-41,6,64,40,-41,19,-4,-29,12,16,7,26,10,52,51,-10,-37,28,16,7,89,-9,-64,-4,16,25,33,-8,52,-45,77760
6,4,20,-3,-27,7,7,-25,30,-8,-18,60,87,-7,7,5,40,27,-28,13,35,2,37,33,-5,8,4,-23,26,-100,-10,17,4,6,-43,-3,-16,24,12,0,-9,-49,13,32,0,37,-18,15,31,-100,-1,-3,16,-32,1,-19,21,6,11,-5,-2,-27,6,-21,-21,73,-23,11,41,29,37,9,-52,-33,39,3,30,-27,-10,-27,-6,85,45,8,5,-6,-10,21,13,29,9,12,-6,1,3,5,-9,26,40,-9,-14,-5,19,-18,-20,-8,52,15,3,5,-17,27,-32,-17,7,-3,14,1,10,-7,-33,-6,-27,25,7,2,20,-2,18,-9,-28,8,7,15,-27,18,43,-25,-3,15,13,26,9,-8,16,14,47,-9,8,61,1,2,47,27,7,-2,27,22,-13,25,-24,18,11,-9,16,7,35,32,60,-16,-6,8,-3,38,34,0,54,84,11,-7,11,-23,-8,-46,150525
-5,9,56,-7,3,22,-12,-66,10,-6,-39,-19,-20,-41,50,18,-40,-20,-34,9,27,61,4,63,-6,72,-19,-24,-22,4,-14,13,-14,10,-49,-1,-25,52,-6,47,-47,-92,-10,40,48,62,-47,24,23,13,0,-9,11,-50,-15,60,-26,22,24,-14,1,-100,19,-19,-12,68,-25,21,63,66,3,17,-100,-67,-17,-24,-24,-17,20,6,-13,58,-50,50,46,-10,17,-31,24,11,23,19,-48,58,-3,36,-22,35,-20,-19,-100,-41,33,-100,-92,-20,-15,21,-1,-3,45,64,58,0,-17,-47,63,14,-22,58,-49,-12,26,54,0,-36,3,-10,19,-60,-100,52,23,58,-10,1,-38,25,-4,55,21,55,20,-51,21,39,-11,-7,0,-30,-31,18,54,55,-13,-4,31,69,-29,4,-9,39,20,-5,9,16,27,21,-5,0,8,4,-2,-32,44,14,-16,-20,27,18,16,-13,-7,-52,191856
0,3,36,-15,-14,-3,2,-21,-3,-31,-44,25,-64,39,39,22,24,-33,7,19,25,26,15,20,7,31,-37,-20,-17,-61,15,2,-35,42,0,8,-48,28,0,29,-80,-52,3,29,1,61,21,18,28,-88,-4,0,0,-49,-38,58,-30,-2,3,-1,-2,-67,-5,5,-9,32,-20,11,60,22,2,-8,-62,-29,-12,-68,-48,10,-20,-18,5,23,19,36,16,6,23,-34,6,-4,-1,43,-6,28,-37,12,35,23,-17,-43,-58,-81,-18,-82,10,-37,13,46,-18,-23,45,15,29,-23,-22,-8,33,19,-51,58,-46,-4,-26,5,-7,-32,-5,-15,29,-29,-57,39,-10,28,1,-9,-1,-25,-9,29,0,1,23,-37,25,0,35,-30,-18,24,-12,0,29,44,0,10,25,-3,-39,-6,-29,-17,40,7,19,1,24,28,41,-24,40,-6,-12,5,28,18,12,-64,2,24,-10,-29,26,3,199689
20,1,1,-7,-24,1,64,15,33,37,86,81,48,1,41,26,29,6,-36,30,-2,42,73,-2,16,9,52,-21,-13,41,-55,12,20,52,-14,34,-58,-37,42,8,-60,-16,30,80,5,89,-26,1,79,54,7,69,14,-62,-49,77,4,2,7,-15,5,29,-21,57,-1,-16,-16,-5,84,0,76,20,13,22,35,86,2,13,-6,-30,-12,-40,37,34,9,-9,12,-20,11,22,26,50,-14,37,24,7,15,40,27,27,14,57,12,25,55,24,4,23,87,25,82,43,-39,12,52,-9,10,-5,-44,63,-62,78,-66,43,2,-22,-5,-7,74,78,24,77,-25,42,12,19,-11,-55,14,45,24,39,29,85,75,19,51,37,4,100,-28,-7,10,-30,63,27,41,39,-60,5,2,7,60,13,17,-10,0,72,58,12,-18,75,11,-1,80,-4,1,47,-2,13,10,-7,70,-17,204060
-4,52,71,-5,-5,20,-46,-5,-1,-17,-5,79,86,-31,4,13,32,9,-12,-11,20,13,26,100,2,-3,-11,-11,-42,-24,19,39,-35,47,-70,-9,-32,81,-11,1,-40,5,-12,79,-5,73,-23,37,57,-24,-18,60,38,-50,38,67,0,20,0,-14,-18,-14,7,-14,-33,41,-13,33,79,98,24,30,4,-11,-4,46,8,-44,46,-2,-10,48,22,5,-14,-1,14,-5,-2,-12,-1,17,-32,13,11,-24,-10,82,-6,22,-41,26,35,-44,-4,22,-34,8,9,8,20,0,34,-28,-1,-37,-17,-1,12,84,-52,52,-22,47,30,-14,58,-7,35,-8,-11,29,10,43,-48,-3,37,-18,13,43,-6,45,18,-13,37,-1,69,-18,28,85,-14,29,52,85,-52,-13,75,13,-44,49,31,39,19,2,-16,33,18,57,79,-30,11,7,12,21,83,0,-29,90,12,13,28,24,-19,-74,204120
-7,-10,39,-17,-14,-4,-45,-58,-20,-11,-18,30,52,25,-7,24,20,25,28,0,-1,30,26,35,-25,9,16,-15,-25,-75,19,27,7,4,-70,-21,-14,70,-30,34,4,-21,-26,78,36,24,32,24,17,-74,-14,26,26,-86,19,21,-44,-3,52,-5,-12,-10,41,-18,-37,36,-12,19,26,36,25,-7,-17,-64,-8,-75,25,-35,-15,-13,0,34,28,-8,-44,8,13,-35,47,-12,11,4,-23,33,55,-43,18,16,-9,10,-83,-89,52,-85,-47,10,8,5,-47,55,28,36,54,-28,15,-15,9,12,24,22,-85,26,8,16,-31,-8,21,-17,23,-81,-11,26,44,2,-8,12,-1,10,13,0,9,17,26,-84,20,26,-18,-11,-32,21,-14,-17,38,70,-46,-22,14,39,-12,20,-25,51,4,-22,2,-20,-1,18,-23,-31,-33,-48,16,-2,81,12,13,48,23,14,-7,-27,-27,-70,204280
17,-12,13,-5,9,0,-21,-36,0,7,6,91,42,-27,11,12,-13,-37,0,0,-19,66,52,56,9,7,63,-1,-7,-8,5,23,1,10,8,29,-17,43,4,-8,23,-21,4,52,-23,33,-3,7,35,-10,35,90,17,-58,-85,58,-95,1,21,-1,33,-47,6,48,17,65,-1,4,34,52,49,-10,-5,-42,-16,0,-37,20,-17,2,4,61,-12,15,-18,6,28,-95,20,1,5,-8,1,63,0,0,-35,0,-15,24,-35,2,13,-31,0,30,23,16,58,5,56,42,-15,21,69,3,20,1,-71,48,-62,84,-37,46,14,-11,-44,-7,28,3,-35,0,6,74,-12,37,-7,-35,17,71,5,48,16,0,26,24,55,7,13,86,-20,68,24,33,-20,31,0,40,-19,-38,-24,12,-9,9,3,70,-17,35,57,22,30,58,17,0,54,1,24,49,0,30,-7,-31,33,4,207858
28,-49,51,2,11,31,32,-30,-10,-7,2,84,-17,-26,94,26,-21,6,-8,16,-17,78,85,49,-1,1,11,-1,-73,-49,-50,19,9,28,-38,43,-14,90,-45,15,-40,-39,-51,62,15,93,-30,35,57,-61,55,79,21,-70,0,19,-42,29,1,-21,52,13,-27,38,54,61,0,33,94,48,93,35,-38,-21,50,-81,13,39,-66,19,-16,64,-14,95,-46,-8,49,-22,3,-8,-12,15,-28,73,-27,-54,-28,97,56,10,-33,-58,-76,-14,0,7,-37,45,100,-35,57,62,-27,19,2,-37,3,18,9,27,-71,85,-54,48,75,-11,18,4,58,49,11,67,-33,60,42,16,-7,-58,3,60,-10,44,19,55,60,-66,65,-7,78,100,-11,15,34,79,34,37,100,45,-3,19,-29,-74,23,0,6,16,-19,52,84,22,-15,100,0,-5,62,18,-45,-3,15,47,29,-38,49,-35,210381
41,9,63,-24,-24,21,-20,-22,22,5,-3,100,79,3,5,37,-8,-55,-85,33,2,58,30,-13,25,-54,22,-9,4,-80,-5,0,34,16,-42,41,-1,69,34,32,-60,35,28,100,24,67,-91,30,67,-63,19,94,4,-86,24,64,-62,20,17,-2,18,26,18,30,31,-64,-10,27,63,-11,40,8,44,-25,-36,31,-43,18,-3,-21,2,-54,19,7,-23,1,51,-75,15,14,29,40,-47,57,2,-15,-12,6,-27,28,7,0,7,13,0,21,2,66,21,2,-54,9,-22,16,23,-50,-54,7,9,52,-84,89,-13,42,-5,-49,38,-23,52,-28,18,12,21,58,32,36,-55,-11,18,57,25,39,39,-12,52,-54,14,4,-1,100,-43,-8,46,65,-25,33,3,14,-8,38,2,4,46,25,24,-10,2,65,10,15,46,15,17,-49,100,6,-4,83,5,51,4,1,28,-51,211264
28,20,63,-17,-15,4,-13,-2,21,5,11,67,29,10,15,21,-14,21,-12,-1,-11,24,58,40,-7,-18,6,2,23,1,1,20,9,11,-27,8,4,52,-12,-3,2,25,-10,73,-15,2,-11,1,28,5,10,56,16,-30,25,18,-58,4,30,-1,8,-18,-1,-3,-17,-12,3,-1,6,48,54,-7,22,-13,-19,26,15,-19,11,-22,1,-21,-27,19,-20,1,23,-68,26,16,19,-2,-20,23,22,-8,13,32,-28,16,-4,20,8,-3,11,19,-34,42,18,24,36,0,-8,10,17,-12,-39,-11,20,18,-32,43,9,32,31,-32,-5,-16,26,26,-12,-21,-1,57,9,3,-42,23,23,52,16,35,26,23,26,-19,51,4,29,81,-28,40,43,39,-18,10,28,0,1,-12,-9,9,-3,-3,0,40,-8,28,49,6,31,16,21,-48,76,-12,-30,35,0,23,-5,-27,5,-32,215643
10,38,100,-24,38,22,-6,-21,-34,57,7,-4,56,43,35,26,-30,8,-68,-30,39,23,45,38,4,-43,11,-60,-38,-46,-4,38,2,0,-50,25,-84,64,-10,17,-9,6,-14,100,25,37,-70,24,60,-38,-7,58,37,-69,45,31,68,23,11,-6,-8,44,18,1,-2,-34,-58,26,45,32,38,34,-1,-14,-12,-71,3,20,34,39,-6,-26,-30,19,19,-1,9,45,10,-46,12,-23,-23,20,3,18,28,27,-19,44,-19,-92,17,-12,21,35,-74,9,6,-10,-12,77,1,-2,2,-17,-50,21,30,34,-70,61,-36,26,40,14,0,-23,70,41,48,30,21,67,-32,0,3,-48,31,65,9,23,24,19,70,-62,-21,55,35,21,30,14,57,80,-8,23,23,85,-88,-10,-2,25,-22,8,-33,15,42,57,-7,-3,-56,6,28,21,100,21,-72,64,52,3,31,-25,0,-51,216385
9,70,41,-29,10,-10,-28,-22,-17,7,3,-1,60,-39,18,17,-1,29,38,3,8,36,-1,100,-8,30,7,-34,17,-28,4,9,-20,25,-35,8,-44,23,-14,26,-50,-49,-21,50,24,-33,26,19,18,-28,-2,-10,13,-75,-77,-66,30,-12,27,-8,-1,-38,37,33,-14,47,-33,12,-30,100,-3,27,-50,-23,-95,44,23,-16,60,7,-5,36,0,16,-4,0,8,1,29,-20,-9,39,-27,33,-13,-19,-28,43,-100,38,-85,31,77,-81,-23,34,-70,44,71,-13,-67,11,3,4,14,-31,19,-5,-62,-58,-71,-8,87,38,-20,-19,-18,-31,17,-71,-45,-11,37,19,8,9,48,86,1,23,-10,41,20,-63,16,-19,-38,7,-24,-11,-9,45,60,29,-26,1,45,1,-39,-14,-34,76,46,-13,-1,44,8,14,-33,3,-11,72,3,48,51,-4,-73,57,29,10,22,-32,49,-39,219693
9,49,61,-30,1,16,27,-32,-34,-16,-28,65,34,-32,-44,22,-30,-17,-23,0,14,52,48,20,2,3,36,-22,-57,-100,12,25,27,47,-49,12,-34,69,-15,72,-72,38,-18,100,66,70,-17,32,45,-100,0,81,23,-92,24,90,-36,16,21,-4,-2,60,14,-10,-18,52,-24,29,67,24,49,7,31,-30,16,-92,-21,-13,41,-5,5,50,-8,-42,-36,10,39,-45,23,-33,-4,28,-54,52,31,-37,-31,45,12,6,-51,-97,-35,-46,-29,7,-66,29,-6,27,-86,10,33,-8,37,-58,0,32,15,91,-95,85,-97,48,-35,-47,-25,-30,70,-100,56,74,11,76,1,25,7,-93,9,77,-5,48,22,-99,72,-39,68,-17,-31,65,-46,-1,44,69,26,10,46,9,-38,-20,43,-33,31,2,-5,3,15,43,58,-7,-13,-4,7,-8,100,32,-66,29,32,40,4,37,4,-49,221331
-60,31,69,-25,2,9,9,-46,3,63,-1,39,-7,4,19,47,-44,-4,13,-22,-4,-8,30,47,-60,-31,41,-29,31,-75,28,52,-32,-41,46,-79,-62,12,-23,36,-56,-67,-25,41,37,-31,0,-78,-63,-69,-46,-77,51,-68,-42,4,1,5,79,-16,-43,5,39,37,3,69,-34,-73,-34,44,37,-93,-70,-38,6,-31,2,-7,31,3,-15,74,-46,18,2,-7,-24,2,81,-3,7,-23,-28,-9,12,4,6,58,9,-10,-75,-17,55,-66,-45,-16,25,-38,-55,13,-86,56,17,-33,37,-28,-34,-24,-52,4,-64,-72,-31,54,-11,-24,15,-29,40,-16,-6,79,41,-43,21,3,25,-37,-10,-44,5,52,43,0,43,-42,93,62,-9,49,-23,79,67,16,7,-81,58,58,-65,24,-52,58,-19,-60,-22,75,-2,-62,100,-31,-60,-50,-8,37,42,-22,20,-3,12,-26,-95,-54,40,47,221556
6,41,41,-15,4,8,-30,-30,21,21,54,66,23,-1,70,11,20,-4,25,7,18,25,7,33,9,49,22,-12,-25,-12,3,26,27,23,-35,10,0,50,4,5,-38,7,0,54,-7,15,-7,18,57,-4,14,66,26,-43,-4,36,31,7,11,-6,11,-85,34,-8,25,41,-13,16,18,30,7,21,-1,-29,-41,69,-11,12,33,0,-5,14,17,66,7,0,15,18,10,21,-2,13,-6,21,5,-8,24,67,-41,-32,-73,58,9,-69,-9,-30,0,22,50,-1,-66,42,3,-15,24,-11,44,21,-14,39,-45,61,-96,24,-6,10,69,-17,57,-58,-85,41,36,43,-39,5,9,-100,11,41,-6,25,13,-52,57,-20,4,20,-2,84,14,40,45,48,-34,7,63,41,-3,68,-2,13,17,9,0,49,19,54,16,-16,0,40,11,30,58,21,0,25,8,13,15,-4,1,-44,223978
9,7,24,-15,27,-41,19,-17,13,0,-33,87,76,-21,-25,18,7,1,45,14,12,44,46,41,23,-2,31,-35,-50,2,-32,20,-24,35,8,28,-77,51,11,61,-65,31,9,73,55,81,41,30,23,13,2,44,23,-19,8,75,18,-41,7,2,5,3,12,19,-58,13,-37,33,78,58,37,35,33,-17,-54,-13,-4,-37,1,21,7,16,5,-24,50,8,51,-4,4,13,-27,40,-31,49,32,51,-23,75,-55,8,-35,-23,52,-22,35,3,-33,44,15,36,4,57,31,-26,26,-40,-16,17,9,60,-14,43,-39,16,51,-13,56,-17,52,-56,-14,46,9,29,-25,7,38,-21,3,30,-31,6,16,-69,56,-31,67,0,37,95,-15,60,38,47,16,26,74,46,-73,45,18,40,43,27,8,49,13,23,45,-29,2,6,1,39,72,16,-35,62,32,47,34,21,13,10,224444
-4,64,23,-5,-2,-2,-18,-4,31,25,-36,65,65,-30,31,10,0,-30,46,-18,-13,25,-16,58,-4,33,-14,-7,-20,-93,0,24,42,24,-49,1,-72,37,-15,32,-82,-76,-15,70,32,35,50,33,38,-100,-25,48,24,-92,-30,16,12,-2,14,-8,-25,-32,13,14,-26,79,-9,28,37,57,-18,30,-74,-9,-12,33,-27,-28,58,-3,-7,90,-2,33,40,-4,7,7,14,27,-5,14,-38,25,6,44,-30,38,-16,26,-81,30,50,-80,1,26,-55,-14,18,5,-42,26,10,-1,-10,-36,34,16,-17,19,-93,47,-5,29,-44,-25,-3,-9,-3,-44,-34,36,14,56,-29,-9,52,-1,6,54,-5,29,14,-43,-6,-31,-29,25,-46,62,-24,37,45,43,-17,-1,38,25,-72,-5,26,51,12,-4,-16,38,-13,38,-24,-2,-18,22,8,37,73,16,-56,62,27,8,29,24,21,-52,226045
8,-52,15,-9,2,9,3,-22,7,55,52,44,45,-30,26,10,-20,-71,-22,7,0,18,-23,37,-9,-8,9,-9,-4,-25,-7,18,-15,2,-17,16,26,7,14,6,-15,16,7,36,-24,46,-8,8,31,-23,-13,45,19,-62,-37,11,-45,11,14,-5,-15,-74,-1,-19,-9,16,-5,0,50,38,-14,5,25,-25,-27,41,-69,2,-65,-2,-3,15,-20,23,-10,-2,3,-56,13,-1,6,6,-18,15,11,-16,-29,11,-31,1,-85,2,-11,-75,-17,1,33,49,8,11,11,51,-16,-19,13,-17,-3,19,-51,30,-68,45,-39,17,-28,-39,3,-7,61,-78,-67,48,-1,-9,-48,26,-5,-33,8,-8,1,9,17,-62,61,19,-6,55,-19,61,-35,20,16,36,-2,8,7,44,25,0,-16,-9,11,-11,-2,19,0,28,-7,-22,-7,7,6,-5,38,18,36,52,13,5,-2,-18,-11,-26,226579
17,51,68,-9,0,12,-7,5,27,2,6,73,-16,-51,80,17,21,-35,-3,2,15,35,5,1,-2,27,-32,-29,5,72,-2,12,49,47,-7,11,-36,35,-1,-16,-12,-55,-10,72,-24,20,-3,8,64,82,8,60,13,-87,-16,-11,-47,12,15,-14,5,10,28,51,41,14,-26,3,24,0,4,1,-51,7,-23,5,-37,51,38,-1,-12,18,36,77,-28,-8,25,-64,17,16,-5,9,-17,30,-24,-40,-49,32,-27,1,-82,9,-50,-84,23,2,16,21,17,-26,63,31,-8,4,-23,-9,19,-1,2,-8,-93,61,-12,40,-14,1,10,-9,48,-32,21,20,27,52,12,14,-1,-6,8,55,-6,40,21,-13,45,-31,-21,1,-13,91,14,-16,37,39,-7,2,30,28,-38,6,-20,-47,17,-4,-7,-12,16,56,-8,6,-19,21,4,-14,74,-1,12,-12,-17,26,-6,-28,58,-14,228352
-9,-10,32,21,-34,44,3,-25,-15,0,-51,37,56,-52,33,0,-34,-18,-35,3,-16,39,-22,-1,-18,7,-6,12,-34,-92,4,24,23,8,-47,-3,-33,48,-8,11,-43,-1,-8,29,13,44,-31,25,36,-86,4,58,22,-79,23,7,-4,42,6,-11,4,-14,-11,-27,27,42,11,24,39,-2,-18,19,-1,-26,-24,-64,-12,21,-11,-32,-9,52,-35,29,5,-4,-18,-4,4,-12,15,0,-46,37,23,1,-48,35,-24,-22,-95,-67,7,-91,-34,-23,-24,-18,-17,23,49,6,21,-8,-6,-48,7,23,20,1,-82,58,-66,19,-32,1,4,19,16,-28,-19,48,-10,-6,-30,17,-4,-71,5,-7,17,19,0,-19,17,21,-16,0,-28,34,2,-22,22,52,3,-2,33,5,-35,3,-5,7,0,-16,6,-20,-17,36,-6,-7,-3,-11,6,-9,32,23,-24,56,4,-16,18,-7,-17,-51,229537
-12,58,-21,-15,-15,25,-58,-52,-15,25,-24,14,67,-36,-29,13,30,-7,-33,-8,11,62,11,22,-11,-18,7,-22,-48,-54,-20,29,18,-10,-58,0,-66,42,-13,13,58,4,-15,34,14,45,-35,39,25,-50,-4,58,30,-100,13,52,-33,26,15,-13,-4,-7,-9,36,15,64,-23,36,48,22,12,-3,1,-51,9,-20,-5,9,44,-14,-13,67,26,-34,-19,-9,-4,-23,15,-18,18,14,-35,58,29,-19,-29,11,8,12,-42,-20,15,-38,7,8,-27,5,-30,26,100,30,73,-22,7,-32,-19,3,8,60,-99,61,-45,1,-29,-15,9,-15,30,-100,-13,15,-10,34,-40,2,-24,-52,10,34,23,5,17,-90,27,-13,27,24,-29,21,-18,-26,47,47,-56,-2,13,21,-60,9,-10,19,15,-13,-5,-26,11,23,41,-22,0,-29,11,-18,38,3,-32,68,50,-1,-2,-11,46,-60,229593
-8,-36,25,-9,-26,0,4,4,-1,-20,-85,11,18,19,13,9,-44,-13,32,-12,11,32,-6,50,-8,19,6,-10,0,-100,-19,28,47,9,-22,-12,-44,18,-5,-31,-11,11,-6,30,-31,4,26,19,33,-100,-21,35,29,-15,17,-41,-76,-1,2,-9,-19,-79,-65,1,-14,70,-9,20,5,52,-7,-9,7,7,-27,86,-12,-16,-31,-24,-11,71,-44,12,-1,-11,7,-84,2,-4,-5,-1,-28,27,22,0,23,1,-27,-26,-97,68,62,-91,-42,-27,-88,-39,67,19,-4,-8,6,17,6,-24,14,-21,7,-44,-14,36,-58,4,4,27,19,-10,-15,-83,-84,30,-65,23,-29,-9,-90,-58,-9,20,-3,2,9,-72,-14,15,7,-21,4,27,23,73,35,19,3,-14,0,-12,-40,24,-29,66,0,-9,-11,73,14,30,21,18,-46,69,-8,-83,33,-22,-89,19,1,7,-9,-32,8,-24,230774
9,-20,43,-12,-29,21,4,-14,0,6,37,30,1,35,38,24,8,-10,-6,11,-1,36,36,47,0,48,-11,-5,-14,-68,-45,18,37,-8,-46,10,-67,25,22,12,-14,-73,18,76,-11,58,-10,27,51,-58,-13,77,20,-77,0,92,-34,22,2,-3,-11,-20,-51,49,23,70,-6,21,77,61,32,0,-71,-16,2,66,-19,40,-46,-19,2,51,17,29,1,6,11,-35,1,-14,15,34,-7,36,10,-13,19,13,-8,16,-26,21,-7,-31,22,9,-28,9,23,16,9,23,-8,5,2,14,8,-23,12,100,-79,77,-36,45,-9,-35,34,-12,-8,12,-27,42,-52,31,-1,23,18,-19,8,34,11,41,26,16,-10,9,52,6,-12,52,-22,18,38,21,1,6,12,28,-68,30,6,-9,37,2,2,9,0,49,52,4,-3,2,5,9,74,-24,-30,15,34,11,-4,0,51,-48,230975
30,63,65,3,4,0,58,-6,18,-29,-48,57,78,-35,-16,21,-41,-22,10,-30,-4,27,20,-15,-26,-41,51,13,-6,-86,-14,42,29,13,-39,18,0,68,-33,-26,-50,46,-33,80,-8,79,32,2,35,-73,-26,38,30,-86,-18,37,-40,2,20,-5,-33,-7,58,39,-70,30,16,0,73,5,1,19,52,-6,-34,-40,-43,-40,55,0,-2,21,-36,-12,-3,-3,18,-47,20,16,21,-17,8,10,5,1,-43,29,-57,25,-61,-84,5,-58,-43,27,22,31,5,15,-45,12,-25,32,69,12,-57,35,25,60,-88,32,-64,16,-42,-11,36,4,69,-75,7,57,52,45,-34,8,-34,-55,15,43,26,24,23,-86,63,-17,37,-30,-44,71,-10,-27,40,56,56,23,34,15,4,32,8,5,-18,-27,-24,-43,0,32,35,33,-19,5,12,-33,83,34,26,73,-12,19,16,0,34,-42,231025
6,67,7,-40,22,13,39,-33,62,13,-3,97,51,-26,-7,23,9,55,-37,-21,35,45,42,42,-7,10,27,-65,-4,-1,1,39,19,1,-41,6,-15,79,-24,43,21,50,-28,46,46,94,-32,27,39,-30,-9,55,41,-36,18,20,-11,16,22,-8,-7,-65,28,11,-9,-19,-61,23,82,46,42,41,57,-36,37,10,45,2,70,14,-7,-27,15,-6,12,-3,8,-27,22,54,-8,-1,-41,52,55,-3,-46,74,33,47,17,23,1,18,1,54,-100,18,-34,57,-11,66,15,2,30,-33,13,13,51,21,-36,54,-1,44,64,-32,13,-41,88,55,-54,6,29,38,-11,26,80,4,25,41,-10,43,28,42,86,-74,-4,13,55,86,-44,-37,76,85,39,0,72,65,-19,13,25,-2,4,-8,-27,-39,41,38,-13,1,-13,-39,23,71,47,13,-100,47,10,10,37,22,-7,-42,232670
-13,-8,19,-29,-23,4,-20,-23,60,-12,-66,58,31,-27,63,3,-30,20,7,14,-9,36,20,34,11,47,22,-32,-100,-100,6,24,-3,5,-85,14,22,67,-42,7,2,19,-40,39,10,100,-6,46,32,-100,-32,78,24,-71,-21,62,9,7,2,-5,-32,-33,11,11,-12,42,-30,48,98,43,13,26,21,-25,0,-75,7,-4,-13,-33,-5,9,-23,51,20,-7,7,16,0,54,-10,0,-38,37,82,4,-24,71,-4,23,-50,-75,25,-50,-26,21,-1,16,61,85,-49,0,49,-69,31,-34,29,16,-28,72,-70,73,-4,14,12,0,36,-28,69,-51,-44,63,11,-7,-13,17,-57,5,25,-10,-14,19,9,-51,67,12,-4,-12,15,82,-11,-16,34,75,-26,11,67,-16,29,28,13,21,0,13,14,-18,-4,33,-18,-73,-52,47,25,-46,42,17,0,34,25,5,26,10,-5,-85,236483
6,-43,56,-35,-50,6,32,-33,-4,30,-60,81,17,-79,28,16,-40,54,26,-2,-8,19,42,37,-17,42,28,-22,-36,-100,-20,32,-13,-34,-73,6,-65,88,-25,-4,-45,3,-28,90,-8,50,34,11,42,-91,-26,57,31,-33,30,-36,-94,4,18,-10,-26,19,-8,3,-30,-29,-26,10,58,45,41,29,-1,-28,42,84,50,-30,-36,-41,0,-40,-49,22,11,1,10,-98,16,-10,22,4,-30,19,14,12,-70,43,43,49,-5,75,18,-8,15,45,-24,40,83,18,-93,33,15,-11,36,-40,55,27,5,-13,-29,57,-20,26,48,-12,-4,-35,34,14,9,49,-9,31,-43,-18,-58,-22,6,31,18,23,15,11,35,-22,2,30,46,97,-1,50,50,93,28,6,41,41,-72,-6,-26,20,8,-14,-8,42,-14,41,-5,-15,16,78,5,-54,91,27,-23,30,3,8,27,-30,3,-73,236639
3,48,79,-9,-2,14,48,-6,25,46,-25,90,56,1,80,11,15,6,-9,-23,-16,33,26,0,-14,11,12,-3,-8,-45,22,32,17,29,-40,11,7,65,-2,-4,-42,-16,-11,97,-3,67,-26,5,71,-28,-16,77,33,-88,-22,39,5,14,26,-13,-19,-7,50,-22,19,57,-2,1,52,-2,37,20,-11,-6,14,-19,5,13,27,1,-9,38,9,71,-19,-3,12,-14,26,19,29,-17,-20,30,14,-34,-14,33,14,27,-27,-39,-25,-7,29,18,22,9,64,7,18,19,10,13,6,-15,5,17,5,34,-89,76,-48,29,-46,-46,-5,-10,50,-16,-18,35,52,60,-51,3,-23,-58,18,61,25,28,15,4,48,-41,-17,45,-33,100,-52,-42,27,61,44,7,31,27,2,7,-3,-24,-10,-14,-31,-42,-13,66,-2,11,-41,60,14,-19,98,17,22,70,10,12,13,-8,-10,-49,236885
-22,5,4,5,-7,5,-33,-21,52,11,79,80,68,15,-69,0,21,27,33,4,-1,46,74,-56,15,-67,19,-23,-21,12,-28,24,5,14,20,-5,23,8,46,-40,-10,81,38,50,-34,-1,46,5,70,7,-26,23,22,12,18,30,7,6,-7,-19,-31,73,-47,41,-65,48,-20,0,3,-54,69,17,65,-12,61,52,19,-55,-1,-5,-20,32,36,-73,16,-13,-10,4,-4,56,8,6,-6,43,37,5,9,8,56,63,46,84,44,41,-27,67,-17,-58,52,43,13,51,-6,-21,16,-1,-61,15,23,27,13,33,8,46,20,15,3,3,70,68,77,51,-47,44,-50,-13,-26,6,36,50,9,45,1,76,67,-48,48,10,26,64,18,-63,45,-1,-28,-11,13,54,17,-11,19,46,15,16,-5,-58,1,65,43,-20,-88,52,35,-75,49,15,-15,54,3,-8,13,11,49,20,239303
-17,45,83,-22,-22,16,43,26,2,83,-25,41,85,24,55,9,16,18,8,-22,1,16,27,29,9,-21,23,-30,-37,60,24,56,-15,-16,-34,-4,-8,14,16,1,-44,60,7,96,4,25,-16,31,74,63,-4,79,58,-58,4,4,2,15,0,-12,-7,-52,-14,40,17,56,-29,30,37,29,28,52,70,29,17,20,15,6,30,-28,-15,39,13,44,13,-7,3,13,0,-1,8,10,-12,9,27,11,32,75,16,0,-22,-5,40,-16,-5,-7,-71,-63,32,23,100,23,0,-8,28,-11,-33,-6,7,10,-55,76,-56,15,-3,7,73,-22,71,58,-58,-11,-14,48,-51,-3,50,-58,41,49,1,18,13,82,71,-28,25,82,-4,68,0,15,49,17,38,-13,69,21,-16,81,18,41,17,9,-35,13,3,69,54,-13,-66,23,39,44,100,-6,-75,89,35,2,42,10,49,-40,239342
-7,-24,58,-25,17,3,13,-3,-25,-20,58,45,31,-44,18,8,24,8,-22,1,7,30,37,32,7,5,17,-47,25,75,-7,39,12,4,-23,-4,-49,63,26,20,-65,44,22,78,6,68,-29,15,43,58,-11,55,33,-71,-82,40,35,5,19,-8,-15,33,-61,44,76,40,-43,13,88,35,38,9,48,-2,25,67,6,60,-16,14,-4,29,36,24,-34,-1,2,33,19,-9,14,22,-23,21,24,-19,-27,32,26,47,5,66,37,-5,12,48,-69,-51,31,28,40,81,-22,12,20,-11,8,10,-58,48,-68,60,-4,27,5,-37,25,-25,8,62,36,-5,-66,27,-31,3,25,0,20,29,12,26,9,28,6,-22,43,-20,10,38,-37,17,21,66,17,-4,33,81,-51,28,-34,38,23,7,-1,18,10,42,21,15,-88,27,16,46,79,10,-66,40,-16,2,9,-44,38,-22,240209
4,11,50,-1,12,16,-70,-38,-2,13,-5,83,26,-36,51,12,-60,-12,41,0,5,66,20,21,20,28,10,-8,-75,-38,-4,17,1,0,-6,13,0,28,-10,8,18,-9,-12,58,-8,28,13,33,42,-36,19,86,18,-63,-29,-3,-75,18,12,-5,17,-33,29,17,18,52,-4,29,35,24,32,-4,1,-43,-26,45,-6,-2,4,1,0,28,-52,49,10,2,38,-82,11,-3,-24,-3,-26,67,0,10,-26,15,-18,1,-72,25,2,-58,-29,-5,10,11,44,2,-47,29,25,-22,18,-18,17,7,-37,10,-62,84,-44,22,2,-31,27,0,62,-23,-46,32,31,67,11,16,-50,-45,13,68,-26,20,16,-13,60,-28,14,12,7,76,-34,33,43,37,-70,11,13,24,2,15,-13,-5,-2,21,-2,31,7,43,22,-22,-10,30,11,-37,58,6,13,32,15,38,-4,-4,22,-9,240956
8,-14,57,-26,-7,-1,15,-8,-1,-9,-16,-15,48,-47,6,14,23,-2,27,-11,25,16,9,18,-1,17,44,-25,-15,19,22,34,83,2,-57,0,35,-1,0,-15,-45,-14,-2,61,-24,50,35,4,47,16,-19,65,37,-43,20,-33,9,-1,31,1,-18,-31,54,11,-5,24,-24,2,52,20,10,22,-16,-11,-34,7,-2,-9,-21,-7,-1,29,26,7,57,3,2,4,29,0,-3,-1,-17,18,13,38,-56,26,-31,4,-41,6,32,-47,-13,3,-15,-16,9,13,66,26,17,6,43,-24,16,7,17,-35,-41,63,-19,30,-5,30,73,-27,68,-25,-32,-44,57,43,-15,15,-25,-20,25,42,-8,30,15,-33,65,-41,13,-9,-5,-8,42,26,61,-2,11,-5,21,28,28,78,-6,32,1,-1,-17,25,27,48,12,2,-39,7,25,-31,64,6,-15,48,3,1,20,-16,16,-60,241224
-16,-2,55,-17,0,11,10,-24,11,11,11,66,70,-9,37,26,0,0,5,-22,0,34,17,-3,1,-2,-9,-10,-63,20,9,24,17,44,-44,3,63,43,-10,-21,-79,-18,-15,76,-21,64,-6,17,42,23,-35,48,25,-56,41,65,-7,13,14,-8,-37,-46,18,1,-20,11,-7,15,57,-4,17,10,-34,-25,-18,-23,-1,-35,-9,-7,-8,9,11,32,-31,-3,8,-22,15,1,-32,17,-22,33,19,-39,-3,58,-14,5,-68,-34,16,-76,-9,0,0,8,43,18,89,14,44,-25,-9,-8,2,21,13,65,-52,47,-44,14,-32,25,77,-17,61,-40,-57,9,19,24,-16,-15,19,-57,17,26,-36,11,29,-42,60,-20,27,11,-30,78,20,-12,28,48,3,-3,54,11,60,76,-5,19,24,0,-30,-10,4,41,25,-27,-23,39,15,21,77,21,1,71,29,7,5,0,-1,-48,244890
25,-25,50,-7,-5,-1,37,-39,-14,0,-4,16,74,-19,-9,21,-32,-27,-66,-26,-8,45,20,16,-3,3,5,-5,-15,-43,-10,18,22,28,-49,16,32,41,-36,-12,-46,13,-35,50,-15,58,-49,26,21,-37,2,66,21,-68,-2,89,-14,0,11,-11,1,19,20,-5,-10,-37,-6,24,62,37,14,5,23,-46,-55,-11,-36,11,-54,5,-11,-57,-21,0,-5,-5,18,-19,7,-3,11,34,-19,46,34,0,-44,70,-56,39,13,-14,34,18,13,48,-9,38,8,47,-100,42,-9,6,9,-13,10,11,23,98,-64,56,8,21,10,-45,41,-8,58,0,20,-7,23,46,-20,0,-39,36,16,43,7,22,22,-35,56,-52,33,0,-6,31,-41,-7,31,54,32,13,67,54,23,15,-15,24,30,1,-27,-25,-9,23,30,6,-1,11,16,-47,51,11,-15,78,28,16,5,-24,-13,-51,245138
-35,67,51,-13,-30,11,91,29,-4,75,2,40,70,-16,-17,15,6,-6,-31,-15,17,0,26,15,1,-49,30,-46,-29,90,-27,50,-32,-23,29,2,-40,-14,10,-8,-42,33,3,43,-22,57,-37,10,43,61,-33,41,50,-64,-69,74,29,12,9,-8,-34,-14,-50,68,-16,35,-48,13,54,18,23,6,26,38,14,-96,-10,-35,52,-28,-2,17,3,-24,-17,0,-7,46,12,0,0,-3,-24,-3,25,-29,7,45,12,19,-25,-78,40,-24,28,15,-72,-13,-6,34,-82,64,-13,-19,28,-30,-52,-5,-62,61,-63,50,-29,44,-12,-19,21,-16,60,6,-20,-6,-58,-25,-67,19,50,-33,34,-20,-5,43,12,13,58,21,64,74,-15,60,-15,7,9,-17,93,-5,47,62,-43,27,21,39,2,0,-24,5,19,41,84,-24,-67,-17,33,65,43,-4,-69,70,38,-7,1,19,67,32,245550
10,-14,19,-7,10,21,-32,-39,-12,-17,-28,-5,93,-27,54,9,2,57,-2,-20,-17,31,52,52,-7,28,-10,-13,4,-76,16,28,41,16,-47,-11,6,84,-38,-12,-30,-47,-38,41,-14,12,-8,25,21,-76,-25,22,25,-68,14,-43,-89,20,21,-8,-24,-39,50,-27,4,83,-15,24,6,52,49,24,-43,-41,28,-39,54,7,-14,9,-8,74,5,50,50,-3,1,-93,22,-9,9,10,-36,32,47,52,-35,54,22,11,-69,-43,60,-76,-54,10,-41,-7,51,49,54,52,32,0,-7,-34,28,24,21,-41,-67,25,3,69,18,33,45,-9,35,-57,-43,72,51,44,-28,-13,-75,0,10,43,10,68,8,-64,33,-41,-13,-17,18,-9,35,0,60,83,-31,-11,55,57,3,42,11,58,8,-6,-15,2,-16,23,-25,0,-28,46,12,-79,40,22,-39,92,15,2,27,9,-42,-46,245892
13,70,96,-17,17,-7,-75,29,22,10,-14,55,22,13,20,9,-40,25,23,-19,5,16,41,68,21,63,13,-12,17,2,24,30,0,-22,-24,1,22,72,43,27,48,-27,44,71,14,37,12,20,81,-6,-12,100,26,-40,47,15,36,-5,29,-8,-16,-42,16,20,-36,-1,-10,21,32,74,40,6,-19,26,-19,46,21,-38,77,6,-7,-12,-9,22,25,0,19,28,24,27,29,-3,16,11,-1,21,15,-12,-18,20,-35,54,25,-39,5,17,-22,-25,37,-1,10,42,-32,-6,16,18,52,13,37,21,-38,99,31,43,30,-10,-10,-17,50,16,-43,36,20,51,-3,12,52,39,25,47,23,47,14,4,48,6,0,10,28,81,-12,69,39,51,-80,1,-19,38,18,-1,-4,21,-3,26,-18,68,10,82,-1,-7,-70,35,23,44,74,13,-27,23,35,16,4,-5,21,-27,245998
-2,29,3,-10,5,-8,-58,-33,-12,8,-35,36,67,12,14,6,-22,46,28,-5,10,25,40,27,14,30,12,1,0,-97,0,11,-14,4,-22,1,-19,60,-3,-22,46,-8,-2,23,-20,43,23,31,2,-98,-13,40,12,-65,-36,50,40,-8,5,-4,-12,0,-23,-4,58,61,1,31,43,28,38,0,-12,-35,-17,-8,47,52,28,6,-1,58,-13,16,15,1,21,52,4,-12,-1,3,-22,25,26,19,2,10,-17,21,-80,9,37,-80,6,19,-24,5,15,25,-18,3,30,-8,9,-13,27,-1,-37,49,-58,44,-22,1,0,-20,7,-15,2,-72,-4,72,-21,9,-11,-8,13,-24,2,9,1,0,8,-74,3,-25,36,8,0,35,-20,11,20,62,-57,2,11,2,-18,2,-24,34,2,15,0,6,10,2,32,-7,6,13,3,3,25,-2,-22,67,14,22,3,-24,-10,-23,246107
-67,11,-16,0,-26,0,-85,-31,-3,0,11,-37,-31,-12,-3,-21,-43,-27,77,4,-33,77,-37,100,63,11,16,0,-80,-51,45,-100,-70,21,-22,5,-73,1,0,33,100,-46,2,-81,41,32,75,62,-28,-57,-3,-19,9,27,-1,43,-35,0,-24,-7,-6,-100,-50,-8,-39,77,0,46,33,100,-36,-3,-55,-36,-100,14,-27,-34,11,-19,-3,76,-44,-4,66,-6,79,-34,-29,-7,-28,1,-3,67,64,66,-14,-19,-100,-45,-100,19,79,-100,-66,-44,5,60,-58,62,-58,-33,42,-100,17,0,8,0,0,41,29,-18,100,9,100,-25,-46,0,6,-51,-100,10,-52,-40,-55,-25,-50,100,15,-38,-29,6,-5,-50,7,25,70,0,100,-27,-20,99,-13,1,-85,0,-14,-33,-76,-47,-17,80,0,48,5,92,-34,-29,67,-100,4,-58,-7,-50,-84,0,7,-30,-6,85,-1,-17,-6,-43,246814
0,61,-30,-16,-15,2,-15,2,12,25,22,81,62,-21,23,9,4,1,-42,43,-6,10,55,29,13,-12,31,6,-14,17,-30,10,-69,-33,12,28,37,19,9,-14,24,24,1,-23,-18,2,-52,0,4,48,37,-18,11,-36,-13,20,55,1,8,-13,36,-48,-48,57,10,-11,5,-4,15,38,54,15,28,9,1,91,1,13,48,-21,-15,-11,-6,13,87,-15,27,58,7,5,-25,-9,10,2,36,77,-33,-9,-1,12,-43,52,7,-30,23,5,70,76,52,34,-12,-4,11,0,32,11,-39,-15,-32,48,-37,-20,-22,35,38,63,-6,-16,66,51,-64,-23,-50,-43,6,31,-62,-15,5,-40,-28,38,8,69,68,50,62,25,31,89,55,42,46,10,-19,20,-12,-2,35,18,-15,2,-3,11,35,34,-4,0,92,-4,58,42,2,-43,-21,-15,67,71,3,26,5,-38,62,6,249620
22,43,61,-25,100,30,23,-44,45,-2,54,52,77,-51,57,9,1,29,-47,9,-39,70,88,39,-33,6,71,-34,-26,-74,-13,50,-19,-6,-28,44,28,92,1,20,13,39,-28,71,12,-32,-46,-12,72,-64,-16,100,52,-78,69,12,17,25,65,-56,-32,40,72,-20,2,-23,-33,-16,-26,44,87,50,9,-18,18,77,26,-2,8,100,-58,23,8,38,-37,-39,34,-19,72,33,42,-81,9,37,7,-36,-19,-13,18,81,-8,43,30,22,14,78,15,44,73,18,-92,69,6,30,79,10,-8,-2,67,28,-87,100,0,24,52,0,3,-27,43,-100,34,-6,77,58,-39,0,-35,-7,38,62,31,34,6,-80,49,-28,-82,-2,51,60,52,57,81,85,22,24,-19,80,14,16,-1,43,-58,-40,-19,57,-40,50,-31,32,-11,91,38,-34,76,-2,21,83,-8,34,22,-18,42,-57,249690
-13,36,-80,-15,-7,34,-98,11,50,69,87,80,9,39,91,2,22,36,63,83,-22,8,86,10,22,69,22,-14,-9,-35,-55,10,-62,-62,57,20,38,9,80,28,5,-61,54,-33,35,-31,75,-8,76,-46,10,91,18,-76,14,-17,93,33,14,-21,4,-51,-56,46,-31,-5,-10,-25,-29,-9,86,11,-65,19,34,99,36,-41,43,3,-23,13,29,72,15,-19,34,88,23,42,10,-52,13,-4,9,29,35,-91,23,43,-37,52,-33,-68,52,36,57,25,87,-7,-45,30,-4,-48,24,25,88,-24,30,-6,-80,98,16,49,24,-5,6,-17,43,77,-42,-37,-56,-45,27,-8,1,-15,2,-40,5,50,13,66,42,21,-90,68,32,100,13,15,26,23,-96,-1,-94,37,25,5,45,-10,-29,12,48,37,-17,57,-50,-51,4,92,2,3,-30,-25,39,16,10,36,-14,42,69,28,249751
27,22,38,-34,43,14,13,52,10,18,23,67,65,-26,78,7,-11,83,-81,45,-7,18,100,45,0,17,97,-32,44,-8,0,19,36,-62,9,29,-7,21,40,86,-44,-17,38,56,83,1,-73,-30,61,-28,-10,38,17,-99,11,54,46,12,58,-11,-11,-54,24,90,30,-23,-33,-34,7,52,100,21,-31,48,24,22,83,23,16,42,-6,-26,-31,73,37,1,26,31,60,25,34,-63,-6,15,76,30,-9,0,27,57,-34,18,8,-19,28,56,79,45,100,83,39,26,-36,13,94,-9,12,0,-8,67,-99,32,62,58,16,-52,35,-35,74,85,-66,5,26,50,-1,25,17,65,24,51,35,51,8,97,76,-19,-27,18,10,50,-52,18,61,16,15,25,0,27,-12,39,-29,9,-60,0,41,16,-7,58,-16,11,36,100,25,34,57,-1,80,70,-18,25,17,-26,91,3,249772
16,21,47,-22,60,64,2,-66,-57,7,-4,8,48,-79,43,7,-26,33,-37,-8,-26,16,58,80,0,19,55,-24,-61,65,-5,44,-4,-8,-94,22,1,78,-17,57,-16,-21,-23,55,63,69,-35,19,43,67,-17,71,43,-54,-20,-84,-36,66,19,-14,-19,0,32,2,4,-9,-25,19,65,84,62,67,-12,-61,4,60,38,1,32,64,-13,-8,-14,45,56,-15,6,-39,19,-55,33,-11,-12,16,13,64,-65,63,14,11,-23,27,24,-21,-8,11,14,54,25,21,-13,88,1,-23,58,-11,23,8,-6,-79,-52,77,-25,14,72,-32,46,-23,51,18,-7,52,37,33,-66,6,-88,-18,18,34,34,11,8,26,52,-42,1,6,70,16,-35,61,89,77,2,18,61,100,-10,45,-41,17,-7,1,-12,54,-24,41,8,-23,-11,27,19,-78,56,8,11,55,29,6,64,-32,0,-96,250277
29,8,4,-14,4,9,9,-40,24,-30,40,100,13,-1,54,10,-19,21,-26,18,8,81,71,58,-4,21,49,-16,4,-13,-71,14,-22,13,-9,24,-52,40,-14,9,8,-8,-27,58,0,-5,6,26,58,-41,49,90,11,-48,-3,-41,-55,9,19,-26,45,-7,-8,48,-19,5,-15,17,28,71,64,34,-10,-32,5,52,15,5,17,2,-24,17,-11,52,-3,-19,34,-43,22,19,-5,-8,-11,69,46,0,-7,3,1,11,-46,58,15,-33,-3,13,17,32,87,52,12,4,-40,24,58,-7,21,-16,-2,-17,-52,96,-41,31,64,-16,20,-13,50,69,-4,70,-11,100,80,37,-27,-27,15,100,-2,32,13,49,50,39,41,-31,61,100,-10,31,44,40,14,18,6,8,-57,14,-19,14,1,-7,5,20,9,49,19,25,18,89,12,-25,58,-14,9,18,-1,39,22,-18,36,-19,250449
9,-50,37,-22,-6,-14,32,-12,14,25,-28,76,10,-38,-3,17,-32,-20,48,12,23,11,57,58,-8,54,-3,-42,-52,-41,-29,18,-58,29,-36,25,-42,28,-16,30,-49,-25,-20,64,23,16,22,0,13,-32,-29,37,13,-55,-2,-9,-60,-11,18,-19,-30,5,-10,13,-38,0,-38,-1,15,65,50,16,-33,-6,-5,-63,-28,-25,-22,-13,-14,-14,-30,-10,21,-13,29,-78,21,23,1,4,-8,5,19,27,-28,47,-5,39,-43,-65,24,-25,3,35,7,87,23,21,-43,37,38,-31,9,10,26,1,11,-19,-58,42,10,18,45,21,18,-21,51,-17,3,42,-13,31,-16,-1,-56,12,3,31,4,16,15,-22,49,13,-13,25,39,69,31,30,39,42,34,24,48,37,-41,15,-41,21,8,-7,11,22,26,11,-5,-28,37,12,1,-64,63,1,6,20,2,29,14,-37,5,-35,250645
-16,34,29,4,-13,-1,-74,13,-1,43,-11,-21,24,8,-9,8,5,-8,-34,14,-17,-2,20,21,6,-26,-3,-22,7,65,-21,20,7,2,12,-1,32,39,33,-27,17,75,31,46,-42,58,-41,-4,7,75,-3,43,17,-63,-56,52,-10,1,-2,-2,-5,-39,-55,42,-13,40,-16,0,58,24,10,-24,79,15,-6,100,-18,-13,36,-29,-4,58,-6,-3,-25,-3,12,-23,-1,-1,8,0,-14,-2,56,-21,33,-21,0,32,-26,77,-1,-28,28,38,-52,10,16,64,100,73,-14,-23,5,-25,-21,-19,-50,57,-55,42,-20,29,2,-21,21,2,52,-24,-30,-28,-58,18,-20,0,45,-15,22,19,9,26,8,-14,49,-10,29,42,-5,-11,-28,1,17,51,-71,-3,-21,58,34,4,-33,-5,0,8,14,0,-10,9,43,-25,-18,24,20,31,47,-17,-61,22,-11,10,-24,-22,78,19,251335
18,-18,72,-35,20,9,-1,-43,24,-30,1,48,78,-25,85,18,8,4,-75,-12,7,31,29,20,0,-27,20,-8,-12,-66,19,21,17,22,-74,8,3,70,-3,40,8,20,-6,73,23,82,-86,20,43,-74,-11,56,27,-86,1,44,1,10,24,-3,-10,-26,50,25,73,44,-7,21,88,38,23,40,12,-42,13,95,-5,78,-31,14,0,11,19,83,-16,3,1,7,21,27,19,24,-38,34,4,-34,-19,66,12,19,-71,100,47,-60,-5,19,42,-2,41,18,43,24,12,8,29,-34,-39,18,7,61,-81,54,-39,41,29,-37,52,-36,48,45,-42,24,45,31,-26,21,-15,-31,19,34,14,42,17,58,47,-24,-33,-31,15,74,-39,-8,46,67,-5,4,66,14,4,49,17,37,29,1,-18,-22,8,43,-26,2,-12,38,15,2,74,18,36,70,31,0,37,15,26,-70,251464
-36,-7,39,-16,0,-1,38,10,-22,34,-52,-24,47,18,6,-7,21,-15,33,-27,0,19,-17,36,-15,20,8,-45,-39,1,-3,29,-8,-18,-39,-4,-49,22,16,16,-90,-39,15,5,15,32,30,23,44,4,-34,34,31,-58,-5,-9,38,-1,15,-11,-33,-44,9,7,-35,92,-44,21,31,33,-20,31,-38,11,-5,-39,-17,-30,-8,0,-12,77,14,4,-6,-5,-29,35,18,-33,22,-13,-30,18,32,-3,20,9,-7,-7,-52,-43,44,-56,-15,-5,-26,-37,25,33,-45,22,9,0,7,-27,19,14,-7,-10,-58,38,-31,33,-4,-18,29,-17,8,-66,-42,19,6,27,-36,-17,-8,-33,20,29,26,33,-4,-68,8,-10,58,35,-4,-16,-26,18,54,22,41,-4,12,14,-46,37,12,45,-10,-17,-29,23,0,42,48,0,-37,26,21,7,6,15,-28,41,17,-26,30,10,0,-37,252487
26,-11,63,-12,-10,4,32,-19,-25,-16,-8,62,5,-1,82,26,-37,-15,54,-7,21,25,9,30,5,25,0,-36,-14,-67,36,20,-10,48,-63,7,8,76,9,11,-43,-46,8,77,4,77,35,21,55,-63,-13,62,18,-57,16,58,-25,5,16,-11,-16,-27,35,-42,52,65,-33,20,67,28,14,14,-38,-20,-38,-14,-10,55,-22,-20,-8,70,-23,81,26,0,9,-25,17,-17,20,46,-47,26,8,30,16,63,-30,-43,-95,-14,-15,-94,-27,-49,-38,30,63,6,31,39,8,-5,10,-40,28,27,0,43,-52,58,-92,34,-34,14,32,-11,88,-75,-36,23,36,55,-16,36,16,-94,14,52,18,35,29,-72,88,-5,31,-16,-32,47,12,29,25,73,31,5,62,31,8,19,5,-19,46,4,-9,27,22,56,36,-1,9,56,14,32,78,28,-37,10,39,8,16,0,-44,-64,252964
-26,36,71,-22,29,44,0,10,68,35,39,77,60,21,77,18,29,-11,21,14,-1,0,47,61,-4,27,8,-41,-19,-37,22,36,57,-16,18,-11,-22,51,19,9,-88,-12,12,81,0,75,10,-6,35,-33,-30,8,34,-71,5,32,-6,46,18,-17,-32,-37,14,70,36,35,-37,-10,76,56,40,-7,-13,16,5,62,-18,43,51,24,-18,32,12,67,-5,-9,19,-22,20,44,-21,-21,-56,-6,-5,-2,15,23,0,31,-71,36,49,-78,-7,30,23,-38,62,-5,-73,66,-11,-20,4,-54,32,5,17,26,-71,13,-18,35,6,15,10,-21,52,6,-27,42,5,28,-33,-8,30,-24,12,31,-23,35,19,14,49,-70,-1,34,2,91,18,56,41,54,0,-15,23,48,-14,1,7,54,-14,-5,5,60,1,29,22,-21,-46,58,9,27,81,5,22,67,-12,19,-13,-9,67,19,252990
1,41,58,-16,12,7,6,-28,6,-27,-13,17,60,-14,-35,16,0,29,-83,-14,28,2,52,38,0,-25,21,-35,-20,-7,9,35,-51,-8,-45,5,-65,49,-13,2,2,47,-16,39,8,70,-71,12,8,10,-20,29,37,-62,17,49,11,6,21,-8,-20,38,42,-19,15,0,-34,12,64,43,48,7,45,-26,4,-82,22,23,16,9,0,7,14,-34,4,1,10,-11,17,0,21,-12,-6,3,6,5,-20,44,-6,46,37,-100,39,32,-35,50,-44,19,-32,1,0,71,4,-23,21,-8,-46,16,-2,54,-65,26,10,29,34,-12,26,-15,72,-18,51,33,46,12,-34,-1,19,23,28,12,15,29,17,-2,71,-40,23,-28,30,32,-2,0,42,50,0,1,37,72,-66,24,-25,43,-10,2,-19,1,28,8,40,-25,-31,-21,25,3,42,15,-43,66,22,7,4,-36,-5,-46,254601
24,7,43,-13,6,38,-27,-36,-12,4,-62,3,66,-24,34,12,-22,24,43,-15,1,33,32,51,-3,19,-3,29,34,-74,-21,21,-21,18,-47,3,-18,-16,-17,-38,34,-9,-17,27,-40,31,42,19,50,-73,-17,35,22,-85,-3,-6,-69,36,16,-4,-19,-9,36,19,0,67,31,23,33,56,29,40,-19,-24,-16,-22,14,12,3,8,0,52,-30,29,-45,3,0,-67,14,-15,24,15,-17,31,-11,-44,-18,47,-21,26,-94,-36,33,-94,-21,26,-16,27,45,-14,-71,50,-16,1,0,-23,11,11,0,-8,-79,36,35,39,6,-27,0,-11,34,-38,-12,25,39,38,-15,3,-6,31,3,40,21,39,2,-29,38,-7,9,6,1,20,-28,29,67,-13,-28,1,44,55,-21,6,-44,37,20,-4,-17,26,1,50,13,-1,-30,54,2,-6,29,9,-21,70,58,-1,37,-46,23,-50,255461
8,-10,39,-10,15,2,39,-16,14,14,-1,73,32,28,-18,9,12,-36,-10,-6,-7,25,49,56,-12,21,28,6,-24,-20,0,22,18,12,-30,16,-5,68,-12,31,-58,-23,-19,57,5,1,-19,9,46,-30,-26,58,23,-45,-17,9,2,4,13,-4,-28,-30,-3,12,-48,32,5,2,15,71,43,25,-24,-16,-19,67,-51,-41,-34,10,-2,-8,2,-12,15,-4,8,12,14,22,12,6,9,18,18,0,30,36,-30,15,-71,35,42,-51,-24,15,31,37,82,27,83,38,9,-13,37,4,2,24,10,20,-45,60,-11,19,19,24,11,-13,29,-74,-33,64,-9,30,-35,-22,-12,6,8,34,10,22,14,-84,27,9,57,14,15,63,30,43,46,71,37,9,37,33,-7,7,14,38,10,-15,-16,35,-4,42,39,-12,-3,72,6,1,56,24,28,39,14,11,16,1,17,-37,257784
3,20,45,-13,-12,-17,-6,-47,-22,-9,-29,0,81,-9,-18,100,-62,28,-37,-25,50,44,18,61,-8,30,56,-3,-32,-100,-2,27,-14,12,-62,10,-58,-16,-88,13,12,24,-89,22,13,67,-39,41,51,-95,-14,79,28,-74,34,28,-25,-5,12,-4,100,-57,9,15,29,11,-10,40,72,58,15,36,28,-46,-5,56,24,29,22,-11,34,4,-66,-20,14,2,-6,-16,10,-14,9,20,10,43,26,13,-17,60,-8,-1,1,-16,44,0,-8,-3,-27,65,-30,25,-51,28,58,-17,56,18,27,23,35,34,-75,80,-28,34,0,-19,40,-11,74,-57,-60,9,11,64,-99,-37,3,-30,11,31,8,33,3,-62,30,28,25,-20,4,0,-19,0,-4,-15,-9,9,57,33,-61,40,-76,43,21,-8,-22,1,23,52,20,-19,12,-35,13,0,38,25,-29,81,70,-5,37,-78,3,-62,258507
-51,34,-19,-31,-38,-4,-75,-16,11,0,6,52,97,46,-35,6,-30,-12,-12,-8,6,6,29,2,29,-44,-4,-60,-54,-24,-35,48,-52,-30,-12,-25,-41,-8,18,-7,58,82,24,-44,-30,63,-39,31,35,-36,-8,35,40,-63,-41,6,-3,-1,5,-14,-12,45,-41,100,-14,0,-60,42,58,11,33,-24,89,-12,-5,35,-10,-12,31,-48,-15,-21,-26,-35,-27,-15,-8,-13,2,19,-42,-18,-29,0,58,-10,13,-61,7,58,-17,37,82,3,0,49,-12,-61,35,61,87,-5,34,-38,0,-22,-46,-16,-49,3,-54,37,32,19,0,18,37,-32,77,-4,31,-45,-38,-56,-29,11,77,33,17,-58,-42,9,3,-2,74,-29,58,0,-3,34,3,13,33,-10,-73,-14,-62,1,-41,35,-56,72,-25,34,4,-3,11,41,46,-36,-80,20,16,81,-44,-14,-10,99,33,-12,-14,-44,77,0,258881
-24,-19,97,-23,-31,1,51,-22,26,-1,5,32,21,24,28,19,27,-70,-32,-24,47,35,-15,44,-15,-5,0,-29,-15,63,32,46,20,0,-32,-15,0,29,-31,-10,-97,-35,-33,98,0,64,-32,6,26,73,-12,49,43,-89,27,69,21,-3,38,-1,-16,54,10,48,31,67,-38,9,68,39,4,-8,-42,-23,-33,-84,-54,22,-35,-14,3,68,10,23,3,12,17,-2,34,8,-10,-13,7,31,-9,-7,44,57,-19,25,-63,-100,13,-42,-16,17,-67,-8,40,-13,-94,41,15,-11,0,-5,3,19,15,73,-92,46,-63,35,-46,-5,10,-24,84,-18,42,57,14,43,-17,0,13,-72,20,40,-14,34,17,-2,86,-32,51,-1,-34,55,-4,6,42,24,46,-15,52,61,-14,11,-22,19,-11,-9,-27,10,44,23,70,-10,-63,48,20,10,100,18,-67,28,-22,15,-9,-23,65,-37,259790
17,-5,79,-37,7,-19,-10,-24,-15,10,6,63,71,-5,57,23,-10,5,-63,-4,22,31,27,76,9,17,28,-43,-55,-68,28,32,21,30,-60,15,-3,47,-11,9,-64,-60,-18,100,10,66,-88,18,45,-79,-8,56,33,-100,-4,38,-15,-19,33,-14,-11,42,41,63,75,21,-42,14,66,80,31,25,-64,-26,7,21,2,58,-29,3,-9,5,-6,60,9,-1,29,-26,30,-16,20,19,-58,28,-7,11,0,64,11,35,-65,23,14,-58,-35,33,-40,29,12,-3,-50,36,17,4,28,-61,6,27,8,41,-100,54,1,38,-14,-34,4,-36,85,39,33,61,47,58,-20,29,-1,4,14,58,16,37,28,50,84,-58,58,9,-8,68,-36,-39,51,47,-14,9,58,41,-10,4,-16,12,23,9,-12,-39,22,44,70,4,-55,10,12,7,100,26,-36,72,42,29,22,-20,75,-66,260561
22,1,76,-29,-13,10,-27,-46,2,1,40,25,29,-33,17,19,-44,-8,-86,-13,6,26,35,30,0,-3,15,-20,-11,45,13,30,3,10,-58,4,-32,38,-20,3,-52,5,-25,76,-15,12,-82,25,49,56,-18,57,39,-80,-42,-54,-39,7,32,-14,-16,26,37,32,22,-31,-25,21,9,46,33,23,-5,-47,1,68,-13,19,2,-6,-9,-34,-18,19,56,1,19,-40,29,-6,29,-4,-12,28,-8,32,-22,35,1,43,-25,60,-1,-37,-17,37,-51,18,18,-7,-15,67,19,2,15,-24,-21,30,-39,-48,-73,51,-6,39,11,-68,26,-29,57,32,14,57,38,50,-5,16,-33,5,24,49,23,34,21,29,57,-35,39,1,5,41,-48,8,44,22,-36,-1,28,74,-29,16,-17,-3,0,3,-21,-6,5,47,57,-5,-5,28,25,-32,78,29,-51,45,19,17,19,-8,52,-61,260877
4,61,73,-14,70,0,22,-72,-16,-20,-17,55,91,-18,44,9,8,49,-24,-30,29,50,49,86,-2,22,87,-26,-60,44,29,43,21,-22,-82,8,40,91,-55,34,-57,-40,-61,68,32,86,-39,39,41,52,0,51,45,-71,14,66,52,-2,31,-18,2,6,68,37,32,61,-24,39,85,86,52,56,-39,-64,21,69,47,25,49,67,-18,44,6,38,69,-8,14,56,30,-14,28,-41,-8,49,21,74,-8,87,19,19,-31,31,38,-26,-27,15,29,-7,54,24,-46,68,31,-11,89,-3,12,9,4,66,-73,56,-24,40,40,12,84,-13,87,44,1,43,72,75,-7,0,28,-25,32,77,24,41,8,60,88,-68,56,-21,46,57,3,58,82,86,20,3,84,72,31,80,-13,40,-35,-2,-38,60,31,39,73,-12,-37,52,32,16,68,9,25,93,0,13,52,-13,42,-83,261849
-1,16,40,-28,-8,-3,18,4,-43,-3,-16,-1,80,-34,4,9,-71,-30,9,-24,-1,13,-7,7,9,-17,19,-48,35,-12,6,24,-22,-1,-9,4,-51,12,0,-8,-25,29,1,21,-5,10,25,25,50,-21,-11,20,26,-72,-64,3,1,-6,-9,2,-12,-19,-14,67,-39,57,-49,25,12,2,-3,-4,30,2,-12,-100,-23,-42,21,-5,4,80,-58,4,-48,9,-1,-6,-8,-34,5,3,-36,14,25,-43,-31,8,-7,27,-62,-80,52,-65,7,28,-81,-18,0,24,4,-14,0,27,19,-37,-3,-6,-69,7,-73,18,-13,25,-22,-58,1,-30,36,-8,-19,8,-12,30,-38,3,-12,-14,13,27,7,25,11,-12,36,-3,55,-2,-24,-10,-58,21,19,13,14,2,8,-12,-52,-1,-62,55,2,13,-20,23,-2,52,62,28,-39,7,12,-15,26,-5,-77,76,30,0,-4,-58,66,-11,263163
-4,73,35,-8,14,-1,-6,-52,-14,-1,-12,23,3,52,8,7,-9,2,-33,-39,-19,23,-1,76,0,52,43,-8,3,-98,-16,34,-51,1,-69,-7,-11,44,-36,0,17,-19,-33,11,-2,38,-26,40,1,-100,-54,56,34,-71,15,5,9,0,17,0,-52,-74,38,4,41,63,-8,37,36,74,-1,21,-17,-58,-13,-62,2,42,65,13,5,72,-6,8,-8,6,0,9,16,-12,-10,8,-28,24,34,-6,39,44,-16,-16,-82,-57,6,-87,-18,-17,12,12,-8,37,1,68,15,-21,42,-26,58,-2,19,9,-69,52,-27,30,28,-13,22,-8,46,-52,-73,-18,40,11,-20,-17,93,-27,13,11,-10,31,10,-58,46,-6,77,0,27,29,-17,72,84,45,-10,-7,43,71,-14,25,9,7,7,1,-36,71,-17,4,78,-24,-19,-6,13,82,11,-3,13,1,29,0,21,7,7,-70,263479
-6,-21,96,-62,-12,32,-28,-39,-22,32,-18,34,100,-27,15,27,24,14,-100,-15,19,39,7,47,1,-34,4,-47,-72,-91,37,40,35,13,-69,-8,80,68,-11,0,-44,84,-14,100,-5,100,-95,25,62,-100,-10,81,42,-92,26,50,-46,35,21,-11,-9,68,1,73,79,62,-42,26,100,55,11,25,97,-37,-11,66,21,84,-22,-24,-9,58,30,17,-4,2,23,-49,20,-16,32,-4,-69,42,28,-17,-24,45,-6,68,-19,66,17,-22,-11,71,-18,-1,21,32,23,49,34,-27,7,-72,-34,16,30,31,-88,83,-26,48,28,-57,27,-61,61,-12,58,29,4,64,-15,11,1,-13,28,64,29,49,26,-21,63,-26,65,32,26,33,-63,-32,38,67,-25,-9,45,40,76,22,-17,8,-4,2,-15,-39,21,62,52,-25,-47,17,28,2,100,16,-16,100,23,22,24,-9,62,-70,263676
-7,17,21,-13,-39,31,-48,-34,33,22,-5,68,24,-13,67,14,16,37,-43,-2,-32,9,33,50,7,42,23,19,-19,-42,1,24,-30,35,-91,-3,-2,51,-9,-28,28,35,-9,36,-24,61,-43,37,43,-43,-29,4,23,-100,-16,49,26,31,5,-5,-26,-45,-5,19,54,86,15,35,62,52,35,23,36,-33,23,89,39,49,13,-38,-2,87,17,72,2,1,8,26,3,32,7,24,-42,10,17,6,-18,48,25,-5,-76,98,-19,-74,0,-7,54,12,26,21,-70,15,14,-24,21,-40,43,25,-23,50,-95,5,-9,27,-42,-38,6,-11,39,44,-51,31,-3,40,-28,-1,-7,-9,6,37,7,25,14,46,40,-2,26,21,-43,73,-40,-2,50,52,-46,-3,49,15,-3,5,-32,-25,24,7,2,-7,-33,44,24,-26,-12,28,5,-3,37,24,54,25,27,10,22,-31,16,-92,263836
2,41,58,-14,-9,-3,-15,-50,19,6,-17,20,99,-12,83,19,21,16,-33,-23,12,8,12,76,-18,5,14,-18,-1,22,17,41,52,3,-79,-36,1,49,-34,30,-62,10,-36,71,30,58,-43,15,24,20,-26,22,41,-94,40,8,11,-4,47,-4,-24,-24,52,33,6,70,-21,11,64,76,15,0,7,-49,2,-2,19,-1,39,-10,-3,70,13,82,-6,0,0,8,48,14,22,0,-4,7,49,-3,-8,67,4,36,-31,-7,42,-20,-31,33,-8,-36,37,45,-7,15,13,12,14,-2,-5,22,36,5,-93,27,-47,47,-24,-29,31,-16,82,17,-33,51,50,76,-22,-9,38,-48,21,78,22,46,20,43,80,-16,-26,4,-21,32,-31,-54,50,51,-11,-39,69,9,4,30,-9,43,2,-22,-24,-54,14,21,-8,13,-37,39,22,40,68,21,-8,100,3,0,-2,-7,48,-81,263887
-8,2,9,-23,-8,2,4,-25,-3,5,-48,25,-9,-29,39,12,-25,17,25,9,7,47,23,40,0,38,-6,-5,-27,-89,9,12,1,3,-23,6,-18,67,-2,-12,7,-47,-6,30,-17,43,15,21,35,-80,9,45,10,-43,-9,-11,-7,0,4,-9,8,-21,19,-13,3,57,-4,25,36,39,24,29,-51,-13,-1,100,6,7,-7,-10,-9,37,-35,32,-36,-7,9,-13,6,-11,-4,18,-9,40,-30,-42,-19,67,-4,-10,-77,79,-16,-80,-8,-14,-38,6,19,-30,-89,22,25,32,0,-11,34,21,3,-12,-42,54,-27,11,44,-20,6,-22,10,-50,-21,49,19,24,-8,3,-5,-32,0,26,-2,9,5,-49,15,10,-38,4,40,47,-19,46,52,77,8,6,71,23,-20,8,-33,-12,23,0,0,48,6,32,-31,34,-8,22,0,8,30,21,-46,-3,13,10,25,-35,-9,-28,264492
-6,26,29,-4,12,30,19,-18,32,8,-11,50,70,-3,32,12,25,0,41,-19,3,14,40,13,-18,-4,48,4,-34,100,-15,34,0,-15,-29,0,9,51,-24,29,6,-47,-25,36,19,-5,45,-1,17,100,-16,38,31,-50,58,29,-5,32,29,-9,-18,13,24,17,-42,34,4,-4,0,19,40,-13,-46,-18,-23,43,-4,-37,9,8,-7,19,17,34,51,-6,-7,-33,27,24,2,-15,48,10,8,42,1,39,-22,21,-25,17,25,-24,-9,23,8,18,39,11,-100,24,10,-6,54,51,3,11,64,39,-44,34,-63,20,15,56,37,-3,44,22,11,31,22,0,-34,13,10,-58,21,-1,1,17,13,18,44,26,27,8,14,73,56,34,61,50,16,0,37,21,9,20,-8,24,-12,-17,-20,34,6,13,20,-5,-24,42,18,-5,37,11,3,73,21,-7,-15,-9,25,-33,264527
32,32,64,-16,34,5,63,-30,-3,-6,1,5,29,33,29,17,19,-1,12,-27,22,27,12,52,-7,12,36,-19,7,96,-3,25,2,-6,-68,13,36,57,-12,-10,-22,-31,-16,60,-16,52,10,16,67,88,-14,58,28,-35,5,9,-19,7,17,0,-15,-54,43,11,0,20,-20,13,55,52,13,60,-33,-33,-34,79,-3,-1,35,31,-6,13,28,29,-13,-4,2,-27,17,3,22,9,8,28,-1,-14,31,42,-31,-25,-68,90,34,-72,-36,-23,-19,9,5,-1,70,61,-16,37,39,12,12,8,-8,16,-35,55,-32,31,8,46,68,-16,38,23,-52,12,45,48,-2,24,-12,-32,15,47,19,34,17,19,36,4,21,-6,11,2,36,62,56,49,60,7,40,62,30,75,-14,33,12,-6,-32,64,26,68,23,36,-6,4,15,-5,62,9,-17,27,33,0,57,-19,17,-73,265917
5,-42,27,-33,-17,13,48,-20,12,2,-4,30,75,-47,15,17,41,2,-9,-15,18,36,24,16,-10,-47,36,-26,-23,-29,6,33,52,7,-82,-2,49,33,-14,-11,-29,56,-19,58,-20,61,-40,14,55,-33,-14,78,35,-68,17,40,-19,13,24,-5,-15,22,34,47,14,8,-28,17,58,8,30,31,42,-13,-1,58,3,3,-36,-15,-3,-15,36,12,29,1,-11,-32,27,21,18,21,-45,33,52,45,-23,76,6,50,-11,63,25,-4,-17,45,3,-17,23,48,93,38,6,7,38,-48,-39,6,0,38,-68,86,1,26,-23,1,67,-33,69,13,15,32,30,26,-30,25,47,-17,27,28,17,24,14,30,71,-13,25,2,-19,32,0,-12,52,41,49,-4,78,39,47,74,3,30,25,-10,-21,-7,20,54,36,9,-29,25,27,60,56,6,3,79,29,-10,29,8,52,-80,265970
-13,-14,-70,-21,-23,-3,-69,-19,12,-20,27,26,6,-100,95,1,10,-14,46,3,-1,57,-8,55,24,4,32,-32,-55,9,-45,20,-27,20,-71,6,32,17,-1,-55,14,41,0,-20,-51,82,35,46,51,-2,-11,80,21,-54,-11,28,-38,-4,12,-8,-11,-86,-14,17,2,33,-31,46,91,58,-8,29,44,-23,-15,85,-16,-4,-11,-25,-5,18,18,98,17,-1,10,-49,8,8,48,22,-48,55,64,18,-100,72,-12,21,20,95,38,23,7,24,-23,-16,100,64,-15,28,28,-16,36,-42,0,-6,-31,48,-51,75,-36,15,-18,-27,60,-22,46,-14,-88,22,-13,-17,-20,-14,-7,-34,11,-20,45,16,3,-13,47,-21,16,-20,-17,38,-21,57,42,12,-73,3,68,25,30,56,32,36,23,28,4,56,0,50,14,-20,14,100,10,-16,-18,-6,-25,4,37,10,30,41,16,-72,267235
24,8,52,-23,-3,21,-10,-29,52,11,68,38,19,-20,49,4,18,-19,-17,-24,13,35,16,55,-15,50,9,-17,60,14,27,22,20,4,-71,9,-22,21,-26,-21,13,39,-26,31,-23,73,-33,16,24,17,-12,3,21,-27,17,-13,-17,23,18,-6,-13,-83,30,4,-2,41,-11,10,68,62,4,31,35,29,-14,74,-29,1,9,-3,-3,19,25,52,56,17,-12,-18,18,95,32,9,-35,32,40,39,-49,63,-19,-10,-65,33,51,-67,32,-9,6,-47,47,42,-12,17,-47,25,10,-27,-23,-5,28,-11,-24,40,-12,-12,39,65,73,-22,63,-20,-76,32,32,-1,-3,-17,-100,-16,22,0,28,-12,9,-61,61,-100,-16,11,32,35,65,68,100,23,-13,3,58,17,-24,68,100,47,11,-14,-26,63,15,28,-31,21,-17,39,20,-100,31,-3,8,14,24,-12,27,100,-5,-76,267273
-8,7,100,-31,3,46,-79,-69,7,-20,16,20,95,-13,51,33,4,26,-11,-16,9,49,27,69,8,-17,-6,14,-7,-66,66,23,-6,43,-61,2,-52,50,-28,-17,-25,-51,-32,82,-19,81,-4,45,28,-68,-37,51,21,-70,15,41,-28,47,26,-3,-38,-19,15,-9,-6,71,11,41,86,65,29,20,-54,-72,-5,-33,29,-8,4,6,2,81,4,48,-22,10,21,-29,25,13,0,37,-56,48,45,-26,-11,27,-5,-2,-52,-31,25,-51,-22,-5,-38,32,14,46,-5,20,49,-21,-8,-58,-18,-1,14,46,-70,52,-34,14,36,-24,58,-32,36,-54,-24,34,19,56,-15,-19,0,-39,17,54,2,12,34,-44,33,-55,43,-19,39,2,-18,7,52,52,-78,2,26,25,-54,60,12,28,39,5,-13,9,7,25,58,-22,-8,21,20,0,85,-2,-33,96,48,26,23,12,2,-65,268462
21,29,19,-23,1,12,-52,-33,8,21,12,87,-7,-38,31,14,-6,-49,-58,12,-4,48,9,16,26,-11,29,-15,-28,40,-5,13,32,36,-34,19,-57,54,8,14,-14,16,2,71,-1,27,-70,27,65,40,10,82,11,-74,-21,42,-16,12,7,-14,6,13,-20,21,17,-6,-15,22,39,23,17,9,26,-32,-17,-51,-46,13,9,-4,-7,-31,4,30,-16,0,22,-16,8,19,7,26,-57,43,18,-10,-42,33,-11,27,-43,-72,9,-33,7,22,-35,24,34,23,-5,40,9,-17,30,-57,-15,1,-11,57,-72,85,-16,29,-15,-63,14,-23,35,25,1,54,-19,41,7,13,-20,-10,9,42,7,30,15,19,36,-21,43,20,-16,86,-60,0,15,50,-51,17,34,37,-60,11,16,4,31,25,9,-3,-3,62,52,-13,1,28,7,-32,71,0,-34,5,26,24,6,9,23,-38,268468
22,-9,87,-6,7,17,-52,-12,10,10,-49,51,41,2,22,25,0,-4,23,-27,-13,50,5,35,12,32,4,-32,-4,-6,-39,14,33,-7,86,21,31,19,-3,54,51,16,1,74,52,13,-8,9,18,-15,19,51,7,-46,-26,11,22,18,13,-13,15,10,10,45,16,16,-30,15,15,35,3,-17,29,-21,15,20,-6,-4,-10,-4,-12,18,10,18,-56,-7,33,12,7,38,-21,10,-20,47,-19,-88,-16,2,17,12,-58,39,40,-52,-6,4,-58,-1,85,-12,97,67,-55,11,4,-20,22,3,-5,8,-46,37,4,18,-17,-6,10,-9,90,14,8,27,24,92,-15,-10,0,1,7,81,-25,15,26,21,87,0,-3,8,-19,25,-15,23,4,8,-57,25,-7,84,15,12,-20,39,3,19,-15,23,-7,26,15,11,-40,71,7,9,81,3,-52,42,30,30,-9,-27,45,86,268772
41,-1,80,-21,15,-4,56,-28,0,17,76,62,95,-35,-11,27,-2,18,-86,-21,-7,49,68,11,-3,-67,46,-9,24,-44,23,29,56,24,-45,12,-6,58,-24,17,-58,74,-21,95,10,33,-92,8,31,-48,-16,49,26,-77,-2,52,-47,-3,41,-12,-19,81,25,60,51,-3,-4,9,30,16,69,11,84,-32,45,85,17,52,0,6,-4,-8,2,-13,2,0,16,-50,37,9,52,8,-47,50,20,13,-30,89,52,63,52,78,37,61,-22,62,-9,28,26,28,9,46,-16,37,54,-51,-60,-13,-5,43,-75,42,-37,30,9,-42,-13,-19,66,36,73,60,30,67,1,27,-34,-32,30,63,51,29,29,16,65,0,63,17,9,61,-49,-21,29,51,54,14,85,44,-9,-7,-16,32,4,0,-17,-24,-9,34,56,39,-3,19,30,-28,96,-13,-7,96,8,13,15,-12,55,-45,269402
18,-1,52,-22,20,7,16,-51,23,48,63,13,18,-6,51,11,2,8,38,-11,-2,39,15,54,4,60,39,-30,-33,-14,25,38,60,-10,-77,11,61,54,-22,-28,-72,14,-27,57,-33,70,30,16,46,-15,-4,94,42,-62,-1,23,48,7,20,-11,-4,-27,43,26,18,52,-29,12,93,51,16,50,13,-49,-16,85,6,15,6,18,-10,31,0,50,31,0,28,51,21,18,8,-12,-30,39,23,36,-12,40,-14,15,-40,57,34,-46,-14,19,-33,13,83,27,85,83,20,9,44,-27,71,17,2,49,-62,96,-21,13,3,22,78,-21,64,-28,-25,56,43,61,3,7,-73,-26,19,63,3,17,12,-37,63,-33,-9,48,3,30,29,45,52,61,14,5,38,82,58,85,-13,34,-7,4,-20,52,0,44,5,7,-19,84,19,-71,58,16,-35,15,0,27,46,-13,34,-81,270329
14,67,66,-16,-19,2,-64,-26,12,-11,-1,8,49,10,19,23,9,16,-22,-14,-16,25,19,28,8,25,0,-6,24,-15,-26,28,14,17,-52,5,-55,63,-5,26,-38,-23,-2,26,25,74,-28,33,46,-12,-18,36,25,-52,-24,58,17,1,0,-2,-16,-24,13,-32,-22,56,-7,35,82,29,19,37,-27,-28,23,52,15,-22,65,-20,-1,51,10,18,3,1,0,3,-4,14,0,34,-34,25,46,0,11,16,21,-8,-25,48,4,-26,-12,-10,2,15,-61,44,-100,22,-29,-8,1,-30,26,34,-20,58,-49,34,-36,39,36,-36,24,-16,42,-9,-30,32,16,21,-37,14,38,-34,9,17,0,38,22,-15,42,-24,32,-10,37,6,-35,-17,73,65,-68,5,13,26,-56,35,6,2,36,12,-8,-22,-13,49,24,-10,17,-64,11,43,29,32,3,47,52,0,39,2,-43,-56,270821
15,10,35,6,27,37,-48,-47,43,14,74,56,55,-27,20,18,4,22,-48,5,-48,32,58,50,15,-39,25,27,-13,-98,12,34,-2,-23,-29,5,-5,100,-2,58,3,-8,-4,39,36,12,-45,15,20,-100,-14,46,34,-75,73,29,-62,38,34,-16,-14,29,43,20,-23,-17,28,17,26,52,67,23,-9,-43,26,13,26,-18,30,30,-12,-25,0,18,30,-5,32,-37,32,36,13,-7,-3,29,0,30,-15,28,30,54,8,-26,28,19,1,50,-5,33,84,3,-3,56,10,-14,24,7,-43,13,57,36,-78,46,13,86,25,6,23,7,-14,10,20,40,47,0,-3,27,45,12,21,0,10,86,16,19,-14,5,-20,14,30,69,-8,25,57,100,-52,2,22,58,-10,13,-39,30,-5,18,1,26,-48,19,-17,-15,2,93,22,19,41,12,-7,58,24,29,20,-43,36,-30,271762
17,11,28,-14,-20,32,56,-4,24,76,-74,37,45,31,-11,18,29,9,-9,5,-5,-17,27,43,-7,-3,-18,-17,-10,52,-32,30,1,17,-57,-6,-18,61,-9,-13,-6,-10,-13,52,-21,-16,-13,0,47,54,-21,13,29,-28,2,-30,7,31,0,-6,-22,-7,-9,-2,-14,-1,-15,0,-11,42,29,30,-10,-4,-1,-80,8,-12,8,-18,-8,-1,34,-17,10,-11,4,-12,0,20,9,10,22,-17,6,10,38,56,1,8,-20,-89,23,-17,9,6,-23,19,-3,8,-68,41,-47,-8,-7,17,5,-5,28,-25,-28,15,-14,8,11,34,17,-13,21,-17,-9,-20,-8,27,-22,29,-38,-19,9,26,7,6,16,-14,22,14,35,75,15,36,25,37,30,58,56,-7,55,52,-22,24,-16,26,10,-5,3,37,-4,46,43,-7,-4,-1,8,-29,54,-5,-24,48,24,3,30,-21,2,-58,272000
-9,63,36,-14,7,14,-38,-51,8,-45,-37,7,45,-18,70,8,-1,0,18,-10,35,28,12,20,-8,16,-8,-44,-12,-2,12,19,6,1,-68,-9,5,43,-16,4,-18,-55,-15,30,4,62,17,31,31,1,-21,24,17,-41,1,-76,2,13,16,-2,-23,-35,48,2,-22,32,-46,31,58,20,15,26,-55,-54,-19,-51,0,-24,70,8,-3,35,3,68,15,1,5,10,16,2,4,11,-29,28,25,11,-23,2,-17,-6,-42,-49,46,-42,-64,-8,-38,-19,12,21,3,54,37,-5,-8,-25,13,21,-1,-78,-41,26,-13,39,-15,26,47,-15,19,42,-39,0,48,23,-15,-2,17,-14,7,22,5,38,8,50,18,-58,37,-43,-14,12,28,8,50,42,-36,-9,4,56,2,49,5,47,11,-7,-7,7,36,30,40,-6,-24,12,7,20,33,21,-41,46,16,8,27,5,5,-69,272003
-29,23,10,-18,-9,12,-52,-39,0,-23,-31,15,94,11,25,-4,-6,5,-3,-32,16,17,23,47,0,41,-3,-30,-78,18,10,25,-27,-17,-46,-21,-29,21,-48,-4,38,-45,-47,9,-5,54,1,46,5,23,-30,0,29,-50,11,0,10,14,12,-6,-32,-54,25,-48,-47,46,-29,43,51,48,21,14,-37,-43,-19,-11,5,-41,13,-7,-4,42,-1,23,25,-2,-1,16,12,4,-27,-23,-45,19,26,23,2,17,-21,6,-48,-31,30,-50,-76,5,-51,-16,2,25,77,26,69,-60,-2,-37,42,21,12,5,-49,0,-2,20,31,-7,55,-19,48,-22,-54,45,29,-4,-19,-21,-8,0,4,-1,-29,20,-4,-32,47,-21,0,-22,29,11,-20,-7,67,21,-55,-22,15,28,-30,54,-17,30,-23,0,-30,-9,18,6,-7,-61,-69,0,5,-8,11,19,-51,90,18,0,14,-22,-66,-45,272108
7,44,46,-8,5,12,-35,-42,5,11,-7,9,41,-5,52,14,-20,12,-6,-23,19,58,30,7,-1,-6,29,-12,-2,-60,1,30,-1,1,-52,0,12,43,-7,10,11,-31,-6,46,-2,20,2,23,51,-44,-3,73,30,-37,-1,45,17,13,20,-5,-3,-14,55,5,23,14,-10,25,16,10,35,17,-31,-45,-11,-88,15,9,31,0,-7,17,3,55,36,1,-2,16,17,3,14,16,-24,60,8,32,-13,24,-11,2,-29,-95,-16,-34,-35,3,-36,-3,0,11,47,45,16,3,31,-14,-8,26,5,63,-37,70,-34,52,-4,4,78,-8,41,27,-14,25,58,34,3,24,-84,-30,28,32,9,51,16,23,39,-24,32,9,0,12,5,-18,60,57,-35,-1,22,56,6,73,19,-19,14,0,-22,-16,23,52,36,2,-35,-5,27,-77,47,26,-32,36,34,-1,19,20,11,-52,272265
-7,64,42,-19,2,34,-6,-8,32,-7,39,81,-23,-24,35,11,15,-13,-24,-21,23,21,39,57,-2,-13,22,-31,-55,1,-12,37,9,14,-25,3,-2,62,-8,8,-15,-46,-10,61,-5,36,-26,7,51,37,-22,51,32,-73,-26,21,-10,34,19,-12,-24,-49,33,-1,-2,37,-30,6,27,55,42,-1,-46,-15,-30,24,-13,1,46,-2,-7,48,11,36,-3,-1,3,-30,17,27,-4,-14,-32,18,-33,-10,-45,28,-24,11,-76,4,-65,-60,-8,13,8,16,32,-23,-100,24,9,-30,20,-30,-10,18,-11,5,-83,45,-37,29,-5,-14,9,-19,74,-38,-43,24,37,38,-55,9,-8,-29,15,35,-8,27,12,-35,72,-40,58,-6,0,81,-29,5,50,71,-6,4,26,27,-7,18,25,-65,-14,-1,-19,6,25,52,71,-31,-39,33,15,-1,63,17,16,-12,25,5,0,7,-4,-27,272668
21,57,13,-12,-10,7,15,-38,27,-1,-34,28,73,-2,44,9,15,23,-64,-4,-14,46,29,34,-10,-4,3,-9,25,-48,-9,16,31,-3,-70,1,19,69,1,0,-23,18,0,45,-5,58,-66,16,30,-48,-3,21,19,-61,20,47,-13,7,28,-4,-2,-11,41,8,40,45,-6,13,57,36,30,29,18,-38,16,2,23,43,58,-12,-2,39,18,46,3,2,-6,-9,28,28,43,5,-25,45,55,3,-3,31,15,28,-70,1,57,-71,-25,26,13,-12,-11,58,-40,47,5,29,8,-28,-3,12,29,49,-60,24,4,44,-2,-22,19,-11,49,16,-17,70,40,31,-16,28,-34,4,13,33,46,45,12,10,49,-2,6,-3,-2,23,-22,27,38,72,17,0,32,43,20,19,-14,52,7,-13,-1,24,-13,31,-4,31,-16,-16,13,-24,43,11,16,69,28,-4,29,-8,0,-71,273403
-9,44,58,-8,-1,-8,34,-2,-37,42,16,35,45,5,32,13,5,12,-63,-23,0,14,36,64,13,-8,12,-15,1,-26,-17,52,39,-5,-14,-15,0,18,2,-29,-71,-12,-2,79,-8,38,-58,17,57,-25,-28,73,51,-77,-40,-8,11,-11,22,-15,-30,47,15,31,70,32,-19,16,37,67,36,32,1,-1,41,-71,10,61,27,8,-12,29,-6,22,-16,-5,9,22,21,-38,7,-8,-10,9,-31,-40,1,63,37,46,-40,-100,23,-52,-22,43,-48,-32,42,-32,4,42,-27,-10,1,-21,-14,24,-38,-24,-71,75,-5,22,39,-11,48,-9,57,-30,42,35,13,41,-3,20,-9,0,31,43,3,24,15,-40,55,-32,-16,42,31,56,-16,37,52,9,31,-19,62,47,-8,43,-29,20,-7,15,-28,38,1,55,17,-10,-26,44,29,-8,81,24,-44,42,19,8,28,-58,48,-15,273655
-27,60,52,-28,1,6,-60,0,-15,-20,42,35,27,7,42,10,28,-26,-47,0,27,12,-4,18,39,-29,14,-30,-71,-13,0,41,-45,-11,12,-1,6,22,21,-31,-22,13,21,44,-17,15,-44,41,56,-12,2,85,38,-61,0,6,21,2,-7,0,-1,-37,-27,41,21,6,-32,41,30,17,0,7,10,-6,-24,4,-25,12,45,11,0,0,29,36,25,10,35,20,-12,6,-5,-1,-49,8,-31,3,13,29,-23,-14,-61,-1,27,-54,-32,-20,-42,-8,-26,-33,0,29,33,-52,1,-55,-25,-6,-9,16,-60,77,-63,32,-24,-38,60,-29,25,22,-43,36,-22,37,-35,-13,-5,-67,12,32,-10,31,11,33,26,8,57,-21,-19,25,-28,20,27,2,-66,-1,25,34,-5,52,-10,31,-2,41,0,21,26,56,67,-52,-69,-26,11,-5,49,-7,-35,32,16,33,5,-16,47,7,273826
-1,15,64,-44,13,4,52,-11,-1,32,29,32,16,9,49,24,10,-37,-45,9,31,55,11,54,10,-5,7,-33,-41,76,-8,16,37,15,-15,10,26,41,14,-2,-100,-32,10,85,15,83,-34,12,42,66,8,41,15,-76,37,62,-6,7,28,-10,11,-11,-3,61,22,49,-33,11,73,62,11,30,-33,-11,-2,56,-37,36,-19,12,-3,40,11,44,38,2,29,-9,25,-17,-21,24,-37,52,-3,20,0,80,0,16,-68,30,-4,-67,0,7,-21,36,55,0,83,38,12,-16,6,-34,-5,6,44,71,-72,38,-32,25,10,-14,20,-45,62,25,-20,23,0,62,23,22,29,-32,11,63,-26,26,23,25,60,4,64,33,3,40,-16,55,36,35,45,7,75,47,23,20,-15,-5,27,12,2,43,34,42,58,-20,-13,51,8,22,88,7,-18,28,9,28,26,-23,49,-16,274257
11,50,64,-18,0,24,14,-26,50,16,-21,61,98,7,29,22,-40,-6,16,-27,21,39,-8,17,-15,-2,-1,-19,10,-8,34,21,1,5,1,1,9,8,-38,-26,-26,56,-41,49,-27,19,9,10,24,-10,-9,18,20,-48,-17,37,-30,24,28,-10,-11,-37,12,4,-8,-5,-21,8,17,19,-5,8,57,-28,-46,-22,-3,-10,45,0,-10,-7,-34,29,36,-8,18,-29,30,45,32,-12,0,35,-4,38,1,33,-41,-20,-37,-22,54,-28,-41,-25,37,7,36,-4,-24,48,0,26,-4,-6,-9,3,-18,44,-42,19,-78,16,-33,18,-28,-19,24,-29,-49,27,12,67,11,-2,58,-80,12,68,32,14,27,-17,25,-32,-7,16,-32,58,10,21,52,10,14,1,34,50,5,-26,-30,54,-8,-17,-24,13,19,22,-4,28,-27,39,13,51,51,1,35,100,-4,21,8,-32,7,-3,275048
8,95,76,-8,-1,43,2,-58,12,20,-10,20,63,15,42,14,7,30,-8,-28,4,51,29,52,-11,30,-31,-18,-9,79,15,20,45,13,-70,-8,-22,32,-35,11,9,-57,-36,50,9,52,-8,30,34,75,-19,-6,19,-51,-3,-50,15,42,21,-8,-22,-6,52,-44,30,43,-19,29,58,52,30,32,-60,-61,6,100,29,25,82,-3,-10,45,9,39,38,-8,-11,15,20,14,7,18,-21,50,36,31,14,72,2,-18,-95,100,24,-96,-28,-20,-6,-7,-23,39,81,7,26,6,-31,-18,26,10,-3,-39,-50,-6,-39,43,28,-9,37,-12,29,-69,-11,-7,58,37,22,11,73,-43,12,36,9,43,14,-60,30,-17,21,20,29,23,-1,42,62,33,2,-9,69,11,-25,40,8,25,20,-7,-26,45,6,35,33,6,-19,-19,13,65,52,12,-10,61,31,-10,32,7,-33,-74,275573
23,44,86,-11,8,11,-21,-6,0,14,-15,76,88,37,4,30,-34,44,25,19,-26,0,90,20,3,17,32,15,18,-48,16,37,15,12,-41,6,22,100,2,21,-83,-12,-2,95,8,15,13,-7,34,-41,-24,47,36,-97,52,67,4,11,40,3,-25,58,29,49,-3,5,16,-13,39,10,93,2,-14,-10,32,32,42,-14,45,-2,5,1,-40,-2,68,9,37,-23,41,-16,51,-11,19,1,15,80,31,27,22,71,-38,7,21,-50,24,68,-2,63,41,12,-8,19,-12,9,36,18,12,-2,47,80,-100,44,-22,84,13,-15,3,-12,50,-4,66,50,28,39,-7,28,-26,-36,24,39,49,83,36,10,48,-10,4,13,26,91,-14,-32,50,98,-21,6,26,16,19,-4,-1,32,-5,2,13,-18,-24,29,13,8,20,31,23,-14,96,0,-5,90,-27,39,3,3,63,-47,275873
8,72,33,-24,-27,-10,52,-21,65,34,-10,50,90,16,100,14,29,-46,-91,4,-21,44,25,71,-48,-48,26,46,41,-34,-4,14,19,7,-40,0,13,41,-10,-10,-12,-96,-11,52,-7,3,-84,-18,25,-29,-5,70,18,-54,100,12,48,-9,40,-12,-6,-5,22,62,10,-2,43,-21,8,72,25,-4,-100,-17,6,31,-44,13,76,-23,0,11,30,99,78,4,-3,28,40,64,43,5,100,46,60,86,15,-16,4,-5,-57,31,76,-50,19,-8,8,19,85,52,-100,-73,9,28,25,98,-48,-52,100,26,-58,72,-1,45,73,16,-17,-25,52,100,-9,22,20,-14,36,19,38,-2,18,-12,40,46,14,100,52,-32,-48,36,69,57,30,50,100,42,51,-2,-17,-70,13,-19,30,75,5,-49,1,48,-22,24,-31,28,5,90,16,27,52,-49,6,91,-11,-1,-5,34,62,-41,275909
-18,79,43,-25,-22,10,-7,0,-27,15,66,-30,84,-2,7,9,-25,11,5,-7,20,4,31,27,14,1,-17,-41,-11,41,-33,35,-22,-31,-11,3,-29,6,8,-39,0,-17,6,27,-46,75,6,27,38,61,0,35,39,-63,-32,20,80,11,-20,-6,0,-14,23,44,10,24,-42,29,89,32,28,34,-10,-4,-5,3,6,3,80,-21,-7,14,0,7,25,-9,-5,57,-23,-11,0,-19,-20,6,11,13,-10,-1,-6,13,-29,-37,48,-23,-14,13,-44,-23,1,14,76,66,-22,-26,-12,-12,-2,6,-30,21,-60,30,-36,6,14,34,93,-27,44,24,-18,-61,29,-2,-14,26,-6,-34,28,-4,-4,4,10,26,44,-34,49,13,12,-48,10,27,58,5,-10,0,-9,80,-39,87,-17,46,-21,16,-10,24,21,43,47,-30,-72,1,26,-7,30,6,-41,82,20,-6,36,-26,52,-11,275913
-11,15,81,-23,24,10,11,-24,2,-5,-23,4,36,35,39,3,15,6,35,-13,43,9,19,56,-9,64,6,-24,-68,71,39,43,38,-15,-81,-4,41,52,-20,-14,-51,-20,-25,63,-23,99,36,18,51,61,-30,74,47,-43,46,4,-1,12,17,-5,-29,-47,50,21,-2,48,-22,15,99,56,13,58,-26,-27,-12,-33,1,2,-2,22,-8,44,17,43,32,-2,0,-13,17,7,9,-11,-31,13,1,22,24,56,-13,-10,-64,-50,29,-70,-3,-5,-14,-29,48,6,89,54,21,-22,11,-26,67,9,58,16,-44,70,-23,35,12,60,79,-22,55,-28,-39,17,52,39,-41,5,-48,-20,19,41,5,38,4,-40,54,-47,7,-5,13,0,47,55,79,45,9,-11,52,55,34,78,5,29,-8,-8,-20,58,46,51,1,-25,-60,47,19,-36,64,10,-8,32,8,1,57,-8,17,-84,275925
-1,-25,52,-37,11,0,9,-30,-8,-4,77,29,47,-17,10,14,1,-27,5,-16,30,33,-1,-6,-3,-32,52,-41,-38,10,16,35,44,14,-70,-5,40,47,-5,15,-36,36,-2,48,7,29,-1,14,45,26,-15,52,32,-56,-5,8,-56,3,32,-1,-15,-47,52,29,-30,22,-39,16,28,1,-12,17,27,-38,-37,34,-40,-16,-27,8,2,-4,12,6,27,11,6,-44,28,0,4,15,-45,32,30,19,-25,49,-41,-6,-39,4,28,-44,-63,-6,7,-16,0,37,-8,47,30,-3,54,-37,-34,16,-11,6,-55,44,-54,39,-34,7,75,-37,78,-48,-48,23,52,51,-23,11,-81,-55,23,50,1,35,15,-55,77,-35,51,-3,-42,27,-6,4,65,48,5,-5,46,43,40,70,-8,22,13,-1,-13,-2,31,50,40,-7,-24,-8,22,-83,51,16,14,43,7,7,20,-4,5,-71,275942
5,-29,22,-2,30,13,20,-21,13,3,-21,25,86,28,70,14,31,17,-11,-14,-9,31,43,56,-2,-6,18,3,-40,-89,15,18,17,3,-73,6,48,41,-10,16,-58,-28,-13,35,15,76,-11,14,45,-84,-9,61,18,-42,43,68,80,12,26,-7,-9,-15,41,24,30,32,1,12,84,58,43,34,-29,-21,-9,-20,15,40,-26,29,-11,25,37,63,-16,-5,-2,87,26,5,24,9,29,29,65,0,25,65,-6,19,-21,-43,27,-19,17,17,8,6,65,67,100,33,21,2,21,25,-2,20,37,61,-40,60,0,37,32,17,63,-2,52,44,-21,10,41,49,12,7,25,-1,20,49,23,31,13,45,52,-21,40,2,33,41,25,48,60,61,18,5,62,35,46,69,0,27,10,-1,-17,45,-7,43,45,1,4,65,20,32,37,19,5,85,19,-2,33,13,33,-76,276285
-12,32,31,-14,-30,-1,29,14,-6,-19,-24,49,26,-23,91,18,4,-26,-15,-15,26,7,5,-7,-2,4,13,-17,-36,-100,11,31,21,-22,-43,-2,30,20,14,-8,-45,-94,10,52,-5,36,-17,13,48,-100,-36,62,35,-66,32,7,-36,-3,13,-8,-36,-45,47,16,6,0,-16,12,38,-8,12,22,-97,12,-23,63,-23,-11,17,-23,-4,8,-4,94,6,5,8,-36,10,2,-6,15,-23,11,9,-9,-18,-1,-18,-9,-88,63,-9,-87,-22,-12,-55,-6,20,14,100,14,23,-25,12,-14,5,26,28,18,-65,61,-64,36,-26,-6,58,-14,40,26,-50,-44,52,12,-30,7,-33,-67,19,12,-13,39,20,25,38,-52,29,-19,-22,38,-2,-2,52,23,25,-7,-5,24,18,52,-9,-6,20,-1,-23,0,24,47,39,-27,-64,23,17,-26,54,25,-46,31,30,8,19,-21,32,-45,276637
-22,24,61,-17,-8,-37,49,13,18,-22,-40,-14,-5,-24,61,-1,-58,44,-9,-17,14,4,23,43,-3,48,9,-37,-43,-100,11,26,0,-3,-56,-3,-58,34,8,29,-68,10,7,70,30,69,-3,26,60,-100,-25,44,25,-77,-15,1,3,-38,6,-2,-26,-52,5,-19,0,66,-36,26,71,39,24,20,11,14,10,-100,51,-6,27,-5,-1,80,-56,58,1,2,-10,9,8,8,8,3,-52,4,15,4,-25,29,13,-23,-95,-93,-3,-94,-46,-25,-78,-24,58,17,-100,7,17,-9,6,-52,54,15,-9,2,-76,46,-56,32,33,-34,0,-19,34,-38,-55,35,3,26,-37,-1,-6,-57,7,28,9,32,0,-37,34,-19,-19,-22,33,-6,-31,-19,42,35,49,-2,28,3,-58,5,-21,-2,5,-5,-15,-18,14,61,-10,-8,-67,63,11,-8,71,14,-79,-3,36,-8,23,-18,-13,-54,277193
1,36,78,8,34,26,18,-38,-24,13,-18,26,77,10,51,20,52,22,-45,-20,-13,14,39,65,-2,-5,48,-48,-27,49,42,44,40,-1,-80,-9,16,49,-26,11,-32,-45,-29,64,5,58,-58,18,42,49,-25,56,44,-64,-55,7,35,25,30,-8,-27,3,42,26,39,15,-50,17,58,63,40,40,-47,-34,-7,45,20,36,39,30,-6,12,58,52,-9,2,1,29,31,-16,17,0,0,12,12,-9,5,83,-7,27,-36,30,36,-41,-22,27,-16,-20,30,17,63,45,12,-9,47,-3,-7,21,-57,7,-65,61,3,42,20,33,69,9,61,65,4,68,42,41,-32,10,24,2,28,43,16,41,21,74,62,-15,36,13,27,20,15,46,74,43,20,-10,85,45,14,70,28,37,1,-1,-22,52,-11,41,36,-8,-39,29,26,26,64,21,-10,71,19,4,39,22,39,-79,277308
-14,68,74,-28,-11,11,-40,-5,6,-29,13,-3,76,37,-4,16,12,15,-15,-23,39,36,38,38,-15,-40,-30,-61,24,-92,1,30,37,3,-19,-17,-5,-24,-17,-26,20,-11,-15,70,-28,33,-11,26,54,-100,-14,80,29,-22,9,-21,37,8,12,-4,-16,-40,39,0,-46,14,-60,25,34,38,38,17,-8,-7,-6,-8,18,-49,69,-12,-2,27,9,-3,-48,2,0,27,13,8,-12,15,-76,37,28,-49,44,44,-3,-7,-45,9,33,-44,-33,-7,-24,-24,-36,29,93,38,22,2,-28,-72,-37,4,15,-19,-22,81,-18,32,32,10,52,-30,45,14,-43,11,38,58,0,0,21,-19,20,56,-10,33,16,19,42,-7,54,-29,30,-9,9,45,52,-22,-40,-18,45,36,-3,51,7,34,14,-15,-20,45,41,52,65,1,-51,-33,22,24,72,3,-25,76,39,0,19,7,3,-19,277452
29,71,67,-20,-19,3,6,-9,25,-3,19,79,43,0,39,13,37,-14,-28,-16,13,44,38,31,-3,-22,27,-23,33,-20,18,32,38,-19,19,0,-13,24,-14,-20,-12,-39,-16,64,-16,-20,-32,0,20,-32,29,55,28,-51,-21,-2,23,1,40,-2,28,-21,-1,47,-8,76,-25,-3,-5,36,33,-18,-40,-12,19,40,-16,-7,65,-17,2,78,37,35,-9,6,11,13,38,15,11,-17,-25,40,-20,-5,7,22,20,19,-20,49,2,-20,2,17,-72,-21,52,-15,51,19,-37,39,26,-27,-27,9,-1,7,-46,52,-33,29,20,-22,34,-21,46,39,-25,15,-1,51,1,23,-3,-28,30,52,8,26,17,42,44,-17,42,-4,11,90,-24,48,21,25,6,-1,21,19,-13,27,18,0,-16,-2,-19,46,15,20,41,36,-54,49,29,0,67,10,-69,39,-13,12,-18,26,45,14,277517
-4,44,-1,-11,7,0,7,24,36,2,-17,33,37,15,8,0,38,1,22,-2,2,28,18,6,0,12,-5,0,-1,62,0,6,7,34,-2,12,-4,36,0,9,-74,-27,1,14,8,14,16,28,76,72,-9,24,4,-23,18,7,-2,-1,-11,-7,-12,-35,-18,-28,-41,62,0,25,12,7,18,18,-28,24,-14,16,2,-38,50,8,-10,58,42,7,23,-4,8,6,-11,34,-3,14,-36,26,22,26,12,0,-14,-13,-63,13,20,-62,-36,-13,42,15,21,22,-13,26,11,-7,-4,-34,10,1,33,0,-23,22,-52,13,-16,-3,9,-9,34,-30,-37,0,-20,34,-21,-13,52,-51,-9,34,-1,13,0,-29,34,-5,34,3,-16,42,-4,20,47,37,7,13,0,28,-3,13,-24,20,15,0,1,19,3,76,31,-4,13,19,-8,49,15,0,39,37,-3,10,19,-23,-32,-3,277909
13,23,64,-26,-20,40,-16,-38,7,25,8,51,73,0,24,19,12,35,37,14,4,40,23,74,-7,60,-12,16,19,73,49,20,54,32,-60,-3,8,81,-5,14,-23,-9,0,71,12,85,41,23,56,73,0,22,21,-52,30,58,25,40,9,-3,0,-33,16,-47,17,90,18,22,81,72,27,42,-2,-39,-15,25,31,20,9,-23,1,91,8,20,-16,6,14,7,7,12,17,38,-21,41,23,-25,7,37,-16,6,-82,18,60,-86,-44,9,9,32,-1,28,34,27,33,-2,-7,-15,62,16,35,62,-52,20,6,47,8,47,85,-23,24,-62,-32,42,22,37,-12,11,8,2,8,40,18,48,17,-76,23,5,-18,28,16,46,40,47,46,78,-16,-2,38,33,7,72,-4,62,37,-7,13,52,1,56,-23,-3,-4,0,6,-5,72,13,8,79,12,12,41,-7,-44,-62,278001
3,39,25,-5,0,11,75,-13,28,-11,-5,51,77,7,60,-6,13,48,-2,0,-3,30,52,42,-13,5,31,-13,-77,-8,-20,12,16,-5,-55,27,52,7,-2,-20,-65,58,-9,44,-21,54,13,4,61,-20,-16,15,15,-45,16,87,44,8,18,-17,-13,-49,44,54,2,-17,-13,3,78,27,62,38,52,-5,-18,50,58,5,22,2,-19,-14,-7,48,24,-9,3,43,18,32,-6,-21,18,33,71,27,32,31,-17,-1,-46,40,-3,-55,9,-2,50,3,50,74,-54,8,22,-13,29,16,8,19,17,96,-57,24,-44,16,10,1,74,-6,87,28,-44,33,44,52,-26,7,13,-57,10,52,-8,12,-8,52,86,9,10,-11,20,63,10,11,41,8,74,21,30,13,46,83,-32,6,-12,-14,-10,25,-2,56,37,-16,-33,58,11,16,45,18,50,75,-8,3,32,-35,61,-54,278967
1,-52,73,-42,14,-2,-41,-12,35,-9,-88,81,62,-38,-31,20,4,0,3,-14,23,23,47,9,6,-19,19,-36,-29,-33,16,22,19,38,-60,-9,7,75,-7,37,-45,46,0,93,31,70,-11,17,35,-60,-17,45,19,-65,21,72,-15,-2,24,1,-20,46,61,39,-24,-34,-39,16,70,18,47,13,54,-26,0,-100,-4,-29,-42,21,7,-46,8,-26,-33,9,8,-17,18,13,0,24,-58,26,20,-35,-54,70,1,26,-29,-50,39,-13,-41,32,0,5,16,38,14,-4,17,-24,21,-52,-37,3,16,68,-71,32,-13,46,10,-11,39,-43,54,-24,44,76,63,27,0,16,37,3,18,23,0,44,23,-5,54,-24,25,-9,6,95,-14,-37,43,72,-43,0,69,-5,9,32,-7,28,19,10,-8,-43,21,38,45,-25,-22,13,18,38,94,3,3,55,30,7,21,-6,52,-63,279202
