competitionid,artificialkey,adsponserid,isapproved,dynamicimageid
-1,1,0,0,0
-1,2,0,0,0
-1,3,0,0,0
-1,4,0,0,0
-1,5,0,0,0
-1,6,0,0,0
-1,7,0,0,0
10,8,38,1,0
10,9,38,1,0
10,10,38,1,0
10,11,38,1,0
10,12,38,1,0
10,13,38,1,0
10,14,38,1,0
10,15,38,1,0
10,16,38,1,0
10,17,38,1,0
10,18,38,1,0
13,19,38,1,0
13,20,38,1,0
13,21,38,1,0
13,22,38,1,0
13,23,38,1,0
13,24,38,1,0
13,25,38,1,0
13,26,38,1,0
13,27,38,1,0
13,28,38,1,0
13,29,38,1,0
14,30,38,1,0
14,31,38,1,0
14,32,38,1,0
14,33,38,1,0
14,34,38,1,0
14,35,38,1,0
14,36,38,1,0
14,37,38,1,0
14,38,38,1,0
14,39,38,1,0
-1,40,24,1,433
16,41,38,1,0
16,42,38,1,0
16,43,38,1,0
16,44,38,1,0
16,45,38,1,0
16,46,38,1,0
16,47,38,1,0
16,48,38,1,0
16,49,38,1,0
16,50,38,1,0
16,51,81,1,63
-1,52,0,1,0
-1,53,24,1,441
17,54,38,1,0
17,55,38,1,0
17,56,38,1,0
17,57,38,1,0
17,58,38,1,0
17,59,38,1,0
17,60,38,1,0
17,61,38,1,0
17,62,38,1,0
17,63,38,1,0
17,64,81,1,64
-1,65,0,1,0
19,66,38,1,0
19,67,38,1,0
19,68,38,1,0
19,69,38,1,0
19,70,38,1,0
19,71,38,1,0
19,72,38,1,0
19,73,38,1,0
19,74,38,1,0
19,75,38,1,0
19,76,38,1,0
20,77,38,1,0
20,78,38,1,0
20,79,38,1,0
20,80,38,1,0
20,81,38,1,0
20,82,38,1,0
20,83,38,1,0
20,84,38,1,0
20,85,38,1,0
20,86,38,1,0
20,87,38,1,0
21,88,38,1,0
21,89,38,1,0
21,90,38,1,0
21,91,38,1,0
21,92,38,1,0
21,93,38,1,0
21,94,38,1,0
21,95,38,1,0
21,96,38,1,0
21,97,38,1,0
21,98,38,1,0
21,99,81,1,211
31,100,38,1,0
31,101,38,1,0
31,102,38,1,0
31,103,38,1,0
31,104,38,1,0
31,105,38,1,0
31,106,38,1,0
31,107,38,1,0
31,108,38,1,0
-1,109,49,1,0
-1,110,0,1,0
32,111,38,1,0
32,112,38,1,0
32,113,38,1,0
32,114,38,1,0
32,115,38,1,0
32,116,38,1,0
32,117,38,1,0
32,118,38,1,0
32,119,38,1,0
39,120,38,1,0
39,121,38,1,0
39,122,38,1,0
39,123,38,1,0
39,124,38,1,0
39,125,38,1,0
39,126,38,1,0
39,127,38,1,0
39,128,38,1,0
39,129,38,1,0
53,130,38,1,0
53,131,38,1,0
53,132,38,1,0
53,133,38,1,0
53,134,38,1,0
53,135,38,1,0
53,136,38,1,0
53,137,38,1,0
53,138,38,1,0
53,139,38,1,0
53,140,81,1,1025
-1,141,0,1,0
54,142,38,1,0
54,143,38,1,0
54,144,38,1,0
54,145,38,1,0
54,146,38,1,0
54,147,38,1,0
54,148,38,1,0
54,149,38,1,0
54,150,38,1,0
54,151,38,1,0
54,152,81,1,1026
-1,153,0,1,0
56,154,38,1,0
56,155,38,1,0
56,156,38,1,0
56,157,38,1,0
56,158,38,1,0
56,159,38,1,0
56,160,38,1,0
56,161,38,1,0
56,162,38,1,0
56,163,81,1,823
60,164,38,1,0
60,165,38,1,0
60,166,38,1,0
60,167,38,1,0
60,168,38,1,0
60,169,38,1,0
60,170,38,1,0
60,171,38,1,0
60,172,38,1,0
60,173,38,1,0
61,174,38,1,0
61,175,38,1,0
61,176,38,1,0
61,177,38,1,0
61,178,38,1,0
61,179,38,1,0
61,180,38,1,0
61,181,38,1,0
61,182,38,1,0
61,183,38,1,0
66,184,81,1,13
189,185,81,1,1
201,186,38,1,0
201,187,38,1,0
201,188,38,1,0
201,189,38,1,0
201,190,38,1,0
201,191,38,1,0
201,192,38,1,0
201,193,38,1,0
201,194,38,1,0
201,195,38,1,0
206,196,81,1,71
206,197,38,1,0
206,198,38,1,0
206,199,38,1,0
206,200,38,1,0
206,201,38,1,0
206,202,38,1,0
206,203,38,1,0
206,204,38,1,0
206,205,38,1,0
206,206,38,1,0
-1,207,0,1,0
207,208,38,1,0
207,209,38,1,0
207,210,38,1,0
207,211,38,1,0
207,212,38,1,0
207,213,38,1,0
207,214,38,1,0
207,215,38,1,0
207,216,38,1,0
207,217,81,1,41
217,218,81,1,34
223,219,97,1,0
223,220,97,1,0
223,221,97,1,0
223,222,97,1,0
223,223,97,1,0
223,224,97,1,0
223,225,97,1,0
223,226,97,1,0
223,227,97,1,0
223,228,81,1,15
224,229,97,1,0
224,230,97,1,0
224,231,97,1,0
224,232,97,1,0
224,233,97,1,0
224,234,97,1,0
224,235,97,1,0
224,236,97,1,0
224,237,97,1,0
224,238,97,1,0
224,239,81,1,16
226,240,97,1,0
226,241,97,1,0
226,242,97,1,0
226,243,97,1,0
226,244,97,1,0
226,245,97,1,0
226,246,97,1,0
226,247,97,1,0
226,248,97,1,0
226,249,97,1,0
226,250,81,1,569
232,251,97,1,0
232,252,97,1,0
232,253,97,1,0
232,254,97,1,0
232,255,97,1,0
232,256,97,1,0
232,257,97,1,0
232,258,97,1,0
232,259,97,1,0
232,260,81,1,17
-1,261,24,1,453
233,262,38,1,0
233,263,38,1,0
233,264,38,1,0
233,265,38,1,0
233,266,38,1,0
233,267,38,1,0
233,268,38,1,0
233,269,38,1,0
233,270,38,1,0
233,271,38,1,0
233,272,81,1,47
308,273,38,1,0
308,274,38,1,0
308,275,38,1,0
308,276,38,1,0
308,277,38,1,0
308,278,38,1,0
308,279,38,1,0
308,280,38,1,0
308,281,38,1,0
308,282,38,1,0
350,283,38,1,0
350,284,38,1,0
350,285,38,1,0
350,286,38,1,0
350,287,38,1,0
350,288,38,1,0
350,289,38,1,0
350,290,38,1,0
350,291,38,1,0
350,292,38,1,0
353,293,38,1,0
353,294,38,1,0
353,295,38,1,0
353,296,38,1,0
353,297,38,1,0
353,298,38,1,0
353,299,38,1,0
353,300,38,1,0
353,301,38,1,0
353,302,38,1,0
360,303,38,1,0
360,304,38,1,0
360,305,38,1,0
360,306,38,1,0
360,307,38,1,0
360,308,38,1,0
360,309,38,1,0
360,310,38,1,0
360,311,38,1,0
360,312,38,1,0
361,313,38,1,0
361,314,38,1,0
361,315,38,1,0
361,316,38,1,0
361,317,38,1,0
361,318,38,1,0
361,319,38,1,0
361,320,38,1,0
361,321,38,1,0
361,322,38,1,0
390,323,38,1,0
390,324,38,1,0
390,325,38,1,0
390,326,38,1,0
390,327,38,1,0
390,328,38,1,0
390,329,38,1,0
390,330,38,1,0
390,331,38,1,0
390,332,38,1,0
414,333,38,1,0
414,334,38,1,0
414,335,38,1,0
414,336,38,1,0
414,337,38,1,0
414,338,38,1,0
414,339,38,1,0
414,340,38,1,0
414,341,38,1,0
414,342,38,1,0
820,343,38,1,0
821,344,38,1,0
822,345,38,1,0
840,346,38,1,0
841,347,38,1,0
842,348,38,1,0
843,349,38,1,0
844,350,38,1,0
845,351,38,1,0
846,352,38,1,0
847,353,38,1,0
848,354,38,1,0
849,355,38,1,0
850,356,38,1,0
851,357,38,1,0
860,358,38,1,0
861,359,38,1,0
862,360,38,1,0
863,361,38,1,0
864,362,38,1,0
865,363,38,1,0
866,364,38,1,0
867,365,38,1,0
868,366,38,1,0
869,367,38,1,0
870,368,38,1,0
871,369,38,1,0
970,370,38,1,0
970,371,38,1,0
970,372,38,1,0
970,373,38,1,0
970,374,38,1,0
970,375,38,1,0
970,376,38,1,0
970,377,38,1,0
970,378,38,1,0
970,379,38,1,0
980,380,38,1,0
980,381,38,1,0
980,382,38,1,0
980,383,38,1,0
980,384,38,1,0
980,385,38,1,0
980,386,38,1,0
980,387,38,1,0
980,388,38,1,0
980,389,38,1,0
980,390,81,1,95
990,391,38,1,0
990,392,38,1,0
990,393,38,1,0
990,394,38,1,0
990,395,38,1,0
990,396,38,1,0
990,397,38,1,0
990,398,38,1,0
990,399,38,1,0
990,400,38,1,0
990,401,38,1,0
990,402,81,1,43
1003,403,38,1,0
1003,404,38,1,0
1003,405,38,1,0
1003,406,38,1,0
1003,407,38,1,0
1003,408,38,1,0
1003,409,38,1,0
1003,410,38,1,0
1003,411,38,1,0
1003,412,38,1,0
1003,413,38,1,0
1007,414,38,1,0
1007,415,38,1,0
1007,416,38,1,0
1007,417,38,1,0
1007,418,38,1,0
1007,419,38,1,0
1007,420,38,1,0
1007,421,38,1,0
1007,422,38,1,0
1007,423,38,1,0
1007,424,81,1,200
1014,425,38,1,0
1014,426,38,1,0
1014,427,38,1,0
1014,428,38,1,0
1014,429,38,1,0
1014,430,38,1,0
1014,431,38,1,0
1014,432,38,1,0
1014,433,38,1,0
1014,434,38,1,0
1014,435,81,1,332
1015,436,38,1,0
1015,437,38,1,0
1015,438,38,1,0
1015,439,38,1,0
1015,440,38,1,0
1015,441,38,1,0
1015,442,38,1,0
1015,443,38,1,0
1015,444,38,1,0
1015,445,38,1,0
1015,446,38,1,0
1015,447,38,1,0
2076,448,81,1,75
2136,449,81,1,221
2173,450,38,1,0
2173,451,38,1,0
2173,452,38,1,0
2173,453,38,1,0
2173,454,38,1,0
2173,455,38,1,0
2173,456,38,1,0
2173,457,38,1,0
2173,458,38,1,0
2173,459,38,1,0
2173,460,81,1,321
3005,461,38,1,0
3005,462,38,1,0
3005,463,38,1,0
3005,464,38,1,0
3005,465,38,1,0
3005,466,38,1,0
3005,467,38,1,0
3005,468,38,1,0
3005,469,38,1,0
3005,470,38,1,0
3005,471,81,1,202
83,472,81,1,424
451,473,38,1,0
451,474,38,1,0
451,475,38,1,0
451,476,38,1,0
451,477,38,1,0
451,478,38,1,0
451,479,38,1,0
451,480,38,1,0
451,481,38,1,0
451,482,38,1,0
451,483,81,1,640
2216,484,38,1,0
2216,485,38,1,0
2216,486,38,1,0
2216,487,38,1,0
2216,488,38,1,0
2216,489,38,1,0
2216,490,38,1,0
2216,491,38,1,0
2216,492,38,1,0
2216,493,38,1,0
2216,494,81,1,1024
2218,495,38,1,0
2218,496,38,1,0
2218,497,38,1,0
2218,498,38,1,0
2218,499,38,1,0
2218,500,38,1,0
2218,501,38,1,0
2218,502,38,1,0
2218,503,38,1,0
2218,504,38,1,0
2218,505,38,1,0
2218,506,81,1,791
211,507,81,1,786
80,508,38,1,0
80,509,38,1,0
80,510,38,1,0
80,511,38,1,0
80,512,38,1,0
80,513,38,1,0
80,514,38,1,0
80,515,38,1,0
80,516,38,1,0
80,517,38,1,0
2221,518,38,1,0
2221,519,38,1,0
2221,520,38,1,0
2221,521,38,1,0
2221,522,38,1,0
2221,523,38,1,0
2221,524,38,1,0
2221,525,38,1,0
2221,526,38,1,0
2221,527,38,1,0
2221,528,38,1,0
227,529,97,1,0
227,530,97,1,0
227,531,97,1,0
227,532,97,1,0
227,533,97,1,0
227,534,97,1,0
227,535,97,1,0
227,536,97,1,0
227,537,97,1,0
227,538,97,1,0
227,539,97,1,0
227,540,97,1,0
227,541,81,1,856
2215,542,38,1,0
2215,543,38,1,0
2215,544,38,1,0
2215,545,38,1,0
2215,546,38,1,0
2215,547,38,1,0
2215,548,38,1,0
2215,549,38,1,0
2215,550,38,1,0
2215,551,38,1,0
2215,552,38,1,0
2215,553,81,1,894
2222,554,81,1,1017
2222,555,38,1,0
2222,556,38,1,0
2222,557,38,1,0
2222,558,38,1,0
2222,559,38,1,0
2222,560,38,1,0
2222,561,38,1,0
2222,562,38,1,0
2222,563,38,1,0
2222,564,38,1,0
3000,565,81,1,3
3001,566,81,1,9
3010,567,38,1,0
3010,568,38,1,0
3010,569,38,1,0
3010,570,38,1,0
3010,571,38,1,0
3010,572,38,1,0
3010,573,38,1,0
3010,574,38,1,0
3010,575,38,1,0
3010,576,38,1,0
3010,577,38,1,0
3010,578,38,1,0
3010,579,38,1,0
3011,580,38,1,0
3011,581,38,1,0
3011,582,38,1,0
3011,583,38,1,0
3011,584,38,1,0
3011,585,38,1,0
3011,586,38,1,0
3011,587,38,1,0
3011,588,38,1,0
3011,589,38,1,0
3011,590,38,1,0
3011,591,38,1,0
3011,592,38,1,0
3020,593,38,1,0
3020,594,38,1,0
3020,595,38,1,0
3020,596,38,1,0
3020,597,38,1,0
3020,598,38,1,0
3020,599,38,1,0
3020,600,38,1,0
3020,601,38,1,0
3020,602,38,1,0
3020,603,38,1,0
3020,604,38,1,0
3020,605,38,1,0
3021,606,38,1,0
3021,607,38,1,0
3021,608,38,1,0
3021,609,38,1,0
3021,610,38,1,0
3021,611,38,1,0
3021,612,38,1,0
3021,613,38,1,0
3021,614,38,1,0
3021,615,38,1,0
3021,616,38,1,0
3021,617,38,1,0
3021,618,38,1,0
3030,619,38,1,0
3030,620,38,1,0
3030,621,38,1,0
3030,622,38,1,0
3030,623,38,1,0
3030,624,38,1,0
3030,625,38,1,0
3030,626,38,1,0
3030,627,38,1,0
3030,628,38,1,0
3030,629,38,1,0
3030,630,38,1,0
3030,631,38,1,0
3031,632,38,1,0
3031,633,38,1,0
3031,634,38,1,0
3031,635,38,1,0
3031,636,38,1,0
3031,637,38,1,0
3031,638,38,1,0
3031,639,38,1,0
3031,640,38,1,0
3031,641,38,1,0
3031,642,38,1,0
3031,643,38,1,0
3031,644,38,1,0
