homega,previousyeartableposition,homegf,currenttableposition,awaygf,awayga,teamshortform,hasachievedobjective,yettowin,unbeatenallcomps,unbeatenleague,champion,leagueid,prevleagueid,highestpossible,teamform,highestprobable,homewins,artificialkey,nummatchesplayed,teamid,grouping,awaywins,objective,points,actualvsexpectations,homelosses,unbeatenhome,lastgameresult,unbeatenaway,awaylosses,awaydraws,homedraws,teamlongform
9,5,17,6,25,23,40,0,0,0,0,0,1,1,8,21101,8,5,0,22,269,8,3,0,33,0,1,0,1,0,4,4,5,50
15,9,17,7,21,14,46,0,0,0,0,0,1,1,8,2201,3,4,1,22,270,3,4,0,33,0,3,0,1,0,2,5,4,43
10,3,26,3,16,13,53,0,0,0,0,0,1,1,10,22110,10,6,2,22,271,10,3,0,36,0,0,1,2,0,4,4,5,43
11,1,22,2,16,13,53,0,0,0,0,0,1,1,10,22110,10,7,3,22,819,10,4,0,41,0,0,1,2,0,3,4,4,56
21,12,12,9,11,20,26,0,0,0,0,0,1,1,5,102,5,3,4,22,820,5,2,0,21,0,5,0,0,0,6,3,3,26
24,11,14,12,10,26,46,0,0,0,0,0,1,1,4,21002,4,2,5,22,822,4,1,0,13,0,6,0,0,0,9,1,3,40
20,4,23,8,15,19,46,0,0,0,0,0,1,1,3,212,3,6,6,22,1443,3,1,0,28,0,3,0,0,0,5,5,2,46
28,13,14,11,12,23,6,0,0,0,0,0,1,1,4,10,4,2,7,22,1447,4,2,0,17,0,6,0,2,0,7,2,3,20
12,7,23,1,19,15,80,0,0,0,0,1,1,1,0,20222,0,10,8,22,1516,0,4,0,45,0,1,0,0,0,4,3,0,70
13,6,20,4,19,15,33,0,0,0,0,0,1,1,10,1120,10,5,9,22,1786,10,4,0,35,0,3,0,2,0,2,5,3,56
12,2,24,5,15,24,60,0,0,0,0,0,1,1,10,22020,8,7,10,22,1788,8,3,0,35,0,0,1,2,0,7,1,4,53
12,10,7,10,8,14,53,0,0,0,0,0,1,1,5,1122,5,2,11,22,15001,5,1,0,18,0,4,0,0,0,6,4,5,30
15,11,30,4,20,12,60,0,0,0,0,0,4,4,10,20202,10,8,12,30,229,10,7,0,51,0,4,0,0,0,5,3,3,60
17,3,33,5,14,15,40,0,0,0,0,0,4,4,10,21101,10,8,13,30,230,10,4,0,46,0,4,0,1,0,4,7,3,46
18,4,38,2,27,18,53,0,0,0,0,1,4,4,10,10122,10,10,14,30,231,10,7,0,59,0,2,0,0,0,3,5,3,60
10,6,12,7,10,25,26,0,0,0,0,0,4,4,8,2001,8,7,15,30,232,8,3,0,39,0,4,0,1,0,7,5,4,46
18,15,14,12,19,33,6,0,0,0,0,0,4,4,3,1000,3,4,16,30,537,3,4,0,32,0,6,0,2,0,8,3,5,16
12,9,18,10,18,24,26,0,0,0,0,0,4,4,3,2100,3,6,17,30,670,8,4,0,37,0,5,0,2,0,8,3,4,33
9,1,30,1,25,24,73,0,0,0,0,0,4,4,0,21122,0,13,18,30,673,0,8,0,68,0,0,1,0,0,4,3,2,86
16,5,27,6,14,17,53,0,0,0,0,0,4,4,10,21120,10,7,19,30,674,10,4,0,45,0,4,0,2,0,3,8,4,50
24,16,17,16,9,36,26,0,0,0,0,0,4,4,4,1200,4,3,20,30,675,4,0,0,18,0,5,0,2,0,13,2,7,20
22,12,24,14,17,34,53,0,0,0,0,0,4,4,5,11220,5,5,21,30,680,5,2,0,31,0,3,0,2,0,10,3,7,40
22,7,30,9,20,27,53,0,0,0,0,0,4,4,3,10122,3,6,22,30,681,5,4,0,37,0,5,0,0,0,8,3,4,46
18,8,17,13,12,26,20,0,0,0,0,0,4,4,3,11100,5,5,23,30,1750,3,2,0,32,0,4,0,2,0,8,5,6,36
11,2,29,3,20,14,60,0,0,0,0,0,4,4,10,2220,10,10,24,30,2014,10,5,0,55,0,2,0,2,0,3,7,3,80
20,14,14,15,14,35,46,0,0,0,0,0,4,4,4,1022,4,5,25,30,100081,4,2,0,26,0,8,0,0,0,10,3,2,26
10,10,19,11,9,23,53,0,0,0,0,0,4,4,3,21102,3,7,26,30,100087,3,1,0,37,0,1,0,0,0,8,6,7,40
20,13,31,8,14,20,66,0,0,0,0,0,4,4,8,21022,8,6,27,30,110724,3,4,0,38,0,4,0,0,0,8,3,5,36
10,3,35,1,27,16,0,0,0,0,0,0,10,10,0,0,0,12,28,30,245,0,11,0,73,0,0,1,2,0,3,2,2,0
15,1,30,3,34,17,0,0,0,0,0,0,10,10,0,0,0,9,29,29,246,10,8,0,59,0,2,0,0,0,2,5,3,0
13,2,47,2,39,20,0,0,0,0,0,1,10,10,0,0,0,11,30,29,247,10,9,0,64,0,1,0,0,0,4,1,3,0
24,13,15,12,18,25,0,0,0,0,0,0,10,10,0,0,0,6,31,29,634,3,3,0,33,0,8,0,2,0,6,6,0,0
23,7,27,4,30,19,0,0,0,0,0,0,10,10,0,0,0,9,32,30,1903,10,8,0,59,0,5,0,0,1,0,6,2,0
18,19,19,15,12,31,0,0,0,0,0,0,10,10,0,0,0,6,33,29,1904,3,2,0,31,0,4,0,1,0,10,2,5,0
23,9,17,17,18,35,0,0,0,0,0,0,10,10,0,0,0,3,34,29,1905,4,1,0,19,0,8,0,2,0,10,4,3,0
15,4,25,6,22,18,0,0,0,0,0,0,10,10,0,0,0,7,35,29,1906,8,6,0,46,0,5,0,2,0,4,5,2,0
23,20,18,16,12,26,0,0,0,0,0,0,10,10,0,0,0,3,36,29,1907,5,3,0,24,0,9,0,2,0,8,3,3,0
15,5,31,5,24,26,0,0,0,0,0,0,10,10,0,0,0,9,37,29,1908,8,4,0,48,0,1,0,1,0,6,5,4,0
23,12,32,11,10,20,0,0,0,0,0,0,10,10,0,0,0,5,38,29,1910,3,4,0,33,0,5,0,0,0,9,1,5,0
15,8,27,10,11,38,0,0,0,0,0,0,10,10,0,0,0,8,39,30,1913,3,2,0,37,0,1,0,0,0,12,1,6,0
19,17,21,14,14,25,0,0,0,0,0,0,10,10,0,0,0,6,40,29,1914,3,1,0,31,0,6,0,1,0,6,7,3,0
10,12,15,13,13,34,0,0,0,0,0,0,10,10,0,0,0,6,41,29,1915,3,2,0,32,0,3,0,2,0,10,3,5,0
19,11,31,7,21,27,0,0,0,0,0,0,10,10,0,0,0,9,42,29,100632,8,4,0,46,0,2,0,1,0,7,3,4,0
21,16,27,8,9,27,0,0,0,0,0,0,10,10,0,0,0,6,43,29,100634,8,2,0,35,0,2,0,0,0,8,4,7,0
19,6,19,9,14,17,0,0,0,0,0,0,10,10,0,0,0,4,44,29,100646,3,4,0,34,0,5,0,0,0,6,4,6,0
32,18,12,18,9,27,0,0,0,0,0,0,10,10,0,0,0,2,45,30,111380,4,2,0,19,0,9,0,2,0,10,4,3,0
13,2,31,2,30,14,73,0,0,0,0,0,13,13,0,22112,1,10,46,33,1,1,8,0,66,0,1,0,0,0,2,7,5,63
20,7,31,7,22,27,80,0,0,0,0,0,13,13,1,22220,3,9,47,33,2,3,7,0,57,0,1,0,2,0,7,2,7,66
17,12,30,6,28,23,53,0,0,0,0,0,13,13,1,2112,3,9,48,33,5,3,7,0,57,0,2,0,0,0,6,4,5,56
21,17,22,13,12,19,33,0,0,0,0,0,13,13,3,10120,3,4,49,33,7,3,4,0,38,0,5,0,2,0,6,6,8,40
12,5,34,1,41,19,80,0,0,0,0,0,13,13,0,22022,0,13,50,33,9,0,11,0,79,0,1,0,0,0,1,5,2,76
21,1,37,5,27,21,86,0,0,0,0,1,13,13,1,21222,2,10,51,33,10,2,7,0,58,0,3,0,0,0,6,4,3,66
26,3,21,14,17,20,26,0,0,0,0,0,13,13,3,20100,3,6,52,33,11,3,4,0,38,0,8,0,2,0,7,5,3,30
19,4,35,4,27,25,80,0,0,0,0,0,13,13,1,22220,1,10,53,33,13,1,8,0,59,0,4,0,2,0,6,3,2,60
11,16,24,3,29,28,60,0,0,0,0,0,13,13,1,22002,1,9,54,33,14,1,9,0,60,0,3,0,0,0,6,2,4,53
43,20,11,20,13,35,13,0,0,0,0,0,13,14,4,1001,4,1,55,33,17,4,1,0,11,0,13,0,1,0,13,3,2,16
29,8,34,16,27,22,20,0,0,0,0,0,13,13,3,200,5,6,56,33,18,5,5,0,37,0,8,0,2,0,10,1,3,43
31,14,21,17,16,24,20,0,0,0,0,0,13,13,3,10101,5,5,57,33,19,5,4,0,36,0,8,0,1,0,7,5,4,30
40,2,13,18,20,31,26,0,0,0,0,0,13,14,5,2010,4,1,58,33,94,4,3,0,21,0,12,0,2,0,8,5,4,16
34,19,11,19,16,39,6,0,0,0,0,1,13,14,4,10,4,2,59,33,95,4,2,0,18,0,12,0,2,0,11,3,3,3
29,13,23,15,25,32,100,0,0,0,0,0,13,13,3,22222,5,5,60,33,110,5,6,0,38,0,9,0,0,0,8,3,2,73
25,10,26,9,22,20,40,0,0,0,0,0,13,13,1,20200,3,7,61,33,144,3,6,0,48,0,5,0,2,0,6,4,5,50
23,11,19,12,22,22,33,0,0,0,0,0,13,13,1,12001,3,5,62,33,1799,3,6,0,44,0,6,0,1,0,5,5,6,56
21,6,23,10,30,32,13,0,0,0,0,0,13,13,1,10010,3,6,63,33,1808,3,6,0,48,0,3,0,2,0,6,5,7,46
29,9,34,11,22,21,53,0,0,0,0,0,13,13,1,20112,3,8,64,33,1925,3,5,0,46,0,5,0,0,0,8,3,4,50
14,15,20,8,32,26,33,0,0,0,0,0,13,13,1,121,3,7,65,33,1943,3,6,0,49,0,6,0,1,0,4,7,3,30
22,7,32,9,18,24,66,0,0,0,0,0,14,14,7,1222,3,11,66,44,3,3,7,0,62,0,7,0,0,0,11,4,4,36
12,18,57,1,32,17,86,0,0,0,0,0,14,14,6,12222,6,17,67,44,8,6,10,0,94,0,1,0,0,0,3,9,4,63
23,4,31,7,33,31,40,0,0,0,0,0,14,14,7,20020,8,11,68,44,12,8,7,0,63,0,6,0,2,0,11,4,5,53
29,20,31,15,21,29,53,0,0,0,0,0,14,14,3,12120,3,7,69,44,15,3,6,0,53,0,7,0,2,0,10,6,8,30
18,7,25,21,22,38,33,0,0,0,0,0,14,60,3,1102,5,9,70,44,91,5,3,0,46,0,9,0,0,0,13,6,4,56
19,8,26,8,19,27,80,0,0,0,0,0,14,14,7,22202,8,11,71,44,97,8,6,0,63,0,7,0,0,0,8,8,4,60
17,6,32,4,26,24,26,0,0,0,0,0,14,14,7,21000,7,12,72,44,106,7,9,0,76,0,3,0,2,0,7,6,7,46
17,9,28,10,24,27,20,0,0,0,0,0,14,14,7,200,3,10,73,44,109,3,4,0,60,0,4,0,2,0,8,10,8,30
20,8,32,16,24,49,46,0,0,0,0,1,14,60,3,122,3,11,74,44,1790,3,3,0,52,0,5,0,0,0,15,4,6,43
32,13,48,14,19,34,6,0,0,0,0,0,14,14,3,1000,3,9,75,44,1792,3,4,0,53,0,5,0,2,0,12,6,8,20
16,2,32,3,28,19,20,0,0,0,0,0,14,13,7,20,7,15,76,44,1794,7,12,0,86,0,4,0,2,0,6,4,3,53
21,11,26,12,25,37,20,0,0,0,0,0,14,14,3,2000,3,12,77,44,1795,3,4,0,56,0,7,0,2,0,13,5,3,26
7,1,32,2,29,8,86,0,0,0,0,0,14,13,6,21222,6,13,78,44,1796,6,13,0,94,0,0,1,0,0,2,7,9,86
24,5,38,6,24,33,46,0,0,0,0,0,14,14,7,2120,7,13,79,44,1800,7,6,0,66,0,6,0,2,0,10,6,3,53
20,12,25,18,20,35,13,0,0,0,0,0,14,14,3,11000,5,7,80,44,1801,5,3,0,49,0,3,0,2,0,12,7,12,23
23,16,29,17,16,37,53,0,0,0,0,0,14,14,3,11220,5,8,81,44,1806,5,4,0,50,0,5,0,2,0,13,5,9,50
31,3,29,13,29,36,26,0,0,0,0,0,14,14,3,1002,3,6,82,44,1807,3,9,0,56,0,9,0,0,0,9,4,7,36
18,14,34,5,23,31,66,0,0,0,0,0,14,14,7,22120,7,13,83,44,1919,7,4,0,67,0,3,0,2,0,8,10,6,60
22,3,24,22,17,42,53,0,0,0,0,0,14,13,3,11022,4,8,84,44,1923,4,4,0,46,0,7,0,0,0,15,3,7,60
37,1,39,24,9,48,60,0,0,0,0,0,14,14,5,20202,4,9,85,44,1929,4,1,0,43,0,6,0,0,0,15,6,7,43
29,19,29,19,15,33,46,0,0,0,0,0,14,60,3,20201,5,10,86,44,1951,5,2,0,49,0,7,0,1,0,12,8,5,36
27,15,24,20,19,25,46,0,0,0,0,0,14,14,3,20102,5,5,87,44,1952,5,7,0,48,0,9,0,0,0,11,4,8,50
21,10,30,11,18,31,100,0,0,0,0,0,14,14,7,22222,3,10,88,44,1960,3,7,0,60,0,7,0,0,0,11,4,5,66
27,21,24,23,22,42,20,0,0,0,0,0,14,14,5,11001,4,7,89,44,1961,4,2,0,43,0,10,0,1,0,9,11,5,23
14,17,22,11,19,31,46,0,0,0,0,1,16,17,3,12200,3,7,90,30,57,3,3,0,38,0,3,0,2,0,9,3,5,50
18,2,15,8,20,15,60,0,0,0,0,0,16,16,1,20202,3,6,91,30,64,3,7,0,45,0,7,0,0,0,4,4,2,40
16,5,28,4,19,16,60,0,0,0,0,0,16,16,1,2022,2,10,92,30,65,2,5,0,53,0,2,0,0,0,5,5,3,60
18,7,30,6,28,23,60,0,0,0,0,0,16,16,1,20220,3,9,93,30,66,3,6,0,51,0,3,0,2,0,6,4,2,70
16,6,36,3,21,19,66,0,0,0,0,0,16,16,1,22021,1,11,94,30,69,1,5,0,54,0,2,0,1,0,6,3,3,56
37,12,16,18,6,34,0,0,0,0,0,0,16,16,5,0,4,3,95,30,70,4,1,0,15,0,9,0,2,0,14,0,3,0
17,16,16,14,19,33,46,0,0,0,0,0,16,16,3,20201,5,4,96,30,71,5,3,0,31,0,5,0,1,0,8,5,5,33
15,9,31,5,25,23,33,0,0,0,0,0,16,16,1,10012,2,9,97,30,72,2,5,0,51,0,2,0,0,0,5,5,4,56
12,1,41,1,42,16,86,1,0,0,1,1,16,16,0,22221,0,13,98,30,73,0,11,0,78,0,0,1,1,1,0,4,2,93
17,4,23,10,22,23,60,0,0,0,0,0,16,16,3,2022,3,8,99,30,74,3,4,0,38,0,7,0,0,0,9,1,1,60
15,15,26,7,22,22,73,0,0,0,0,0,16,16,1,22211,3,8,100,30,76,3,6,0,51,0,1,0,1,0,6,4,5,80
20,3,33,2,29,22,40,0,0,0,0,0,16,16,1,202,1,8,101,30,219,1,9,0,55,0,3,0,0,0,6,0,4,50
21,14,28,9,20,28,53,0,0,0,0,0,16,16,1,12210,3,8,102,30,378,3,5,0,44,0,4,0,2,0,8,2,3,53
23,11,17,13,15,19,66,0,0,0,0,0,16,16,3,12022,3,4,103,30,379,3,4,0,32,0,8,0,0,0,6,4,4,33
30,20,16,15,13,18,20,0,0,0,0,0,16,17,3,20,5,4,104,30,1530,5,4,0,30,0,9,0,2,0,7,4,2,23
37,1,13,16,20,27,40,0,0,0,0,0,16,16,3,2200,5,3,105,30,1738,5,5,0,27,0,11,0,2,0,8,2,1,43
20,13,17,12,21,19,0,0,0,0,0,0,16,16,3,0,3,4,106,30,1809,3,5,0,34,0,7,0,2,0,7,3,4,26
27,8,21,17,12,41,46,0,0,0,0,0,16,17,3,20012,4,6,107,30,1819,4,1,0,27,0,6,0,0,0,11,3,3,30
10,4,25,8,12,21,46,0,0,0,0,0,17,17,7,2120,3,8,108,31,58,3,2,0,44,0,0,1,2,0,7,7,7,56
16,6,29,5,21,25,40,0,0,0,0,0,17,17,7,22000,7,8,109,31,62,7,7,0,48,0,5,0,2,0,8,1,2,43
26,21,12,16,14,22,46,0,0,0,0,0,17,17,3,12002,5,3,110,31,67,4,6,0,31,0,11,0,0,0,7,2,2,43
12,2,34,3,23,15,73,0,0,0,0,0,17,16,6,22121,7,10,111,31,68,7,7,0,61,0,1,0,1,0,3,5,5,76
23,5,14,18,15,28,13,0,0,0,0,0,17,17,4,110,4,3,112,31,210,4,2,0,21,0,9,0,2,0,11,2,4,20
11,10,40,1,18,17,86,0,0,0,0,0,17,16,6,22221,6,13,113,31,217,6,7,0,65,0,1,0,1,0,5,4,1,73
13,19,16,13,17,18,33,0,0,0,0,0,17,16,8,112,3,5,114,31,294,3,6,0,38,0,6,0,0,0,9,1,4,46
16,18,20,11,8,21,53,0,0,0,0,0,17,17,7,20211,3,8,115,31,614,3,3,0,39,0,5,0,1,0,9,3,3,50
16,10,22,9,14,22,26,0,0,0,0,0,17,17,7,10200,3,7,116,31,1805,3,4,0,40,0,4,0,2,0,9,2,5,33
15,15,21,6,20,20,40,0,0,0,0,0,17,17,7,20002,8,7,117,31,1814,3,6,0,46,0,5,0,0,0,6,4,3,40
17,8,14,17,11,25,20,0,0,0,0,0,17,16,3,11010,4,2,118,31,1815,5,4,0,28,0,6,0,2,0,9,2,8,13
18,12,22,10,12,28,66,0,0,0,0,0,17,17,7,21022,3,10,119,31,1816,3,2,0,40,0,4,0,0,0,11,2,2,36
15,13,17,12,17,30,40,0,0,0,0,0,17,17,7,12011,3,7,120,31,110321,3,2,0,39,0,3,0,1,0,7,7,5,33
20,22,17,15,17,28,20,0,0,0,0,0,17,17,3,1101,5,6,121,31,111273,5,3,0,35,0,6,0,1,0,8,5,3,43
14,20,28,4,18,24,40,0,0,0,0,0,17,17,7,202,7,12,122,31,111276,7,5,0,54,0,4,0,0,0,7,3,0,60
24,14,26,14,25,25,40,0,0,0,0,0,17,17,3,11210,3,6,123,31,111659,3,3,0,36,0,6,0,2,0,7,6,3,43
16,7,32,2,19,15,80,0,0,0,0,0,17,17,6,2222,6,12,124,31,111817,6,8,0,64,0,2,0,0,0,5,2,2,80
15,23,19,7,16,24,40,0,0,0,0,0,17,17,7,10121,3,7,125,31,131447,8,5,0,45,0,4,0,1,0,6,5,4,40
16,1,48,1,39,13,73,0,0,0,0,0,19,19,0,12212,0,12,126,30,21,0,10,0,72,0,1,0,0,0,1,4,2,70
19,2,37,7,20,28,66,0,0,0,0,0,19,19,1,2212,3,9,127,30,22,3,4,0,45,0,3,0,0,0,8,3,3,53
21,10,25,9,23,25,46,0,0,0,0,0,19,19,1,22100,3,7,128,30,23,3,6,0,44,0,6,0,2,0,6,3,2,46
21,5,29,5,14,26,46,0,0,0,0,0,19,19,1,10022,2,9,129,30,25,2,5,0,48,0,4,0,0,0,6,4,2,60
18,6,32,2,32,17,73,0,0,0,0,1,19,19,0,22211,1,9,130,30,32,1,9,0,64,0,2,0,1,1,0,6,4,63
26,16,31,11,25,24,26,0,0,0,0,0,19,19,1,201,3,6,131,30,36,3,5,0,41,0,7,0,1,0,4,6,2,30
26,13,21,8,27,28,80,0,0,0,0,0,19,19,1,2222,3,5,132,30,38,3,8,0,45,0,6,0,0,0,5,2,4,50
28,14,14,17,15,34,0,0,0,0,0,0,19,19,5,0,4,3,133,30,160,4,2,0,20,0,9,0,2,0,11,2,3,26
15,9,21,6,27,21,20,0,0,0,0,0,19,19,1,10101,2,6,134,30,169,2,7,0,47,0,3,0,1,0,6,2,6,53
27,8,25,12,28,20,6,0,0,0,0,0,19,19,1,1,3,3,135,30,175,3,7,0,39,0,6,0,1,0,5,3,6,33
36,8,19,18,22,35,13,0,0,0,0,0,19,20,5,101,4,3,136,30,576,4,1,0,19,0,10,0,1,0,9,5,2,23
20,7,35,3,23,22,66,0,0,0,0,0,19,19,1,22021,1,9,137,30,1824,1,6,0,52,0,3,0,1,0,5,4,3,46
18,4,16,13,14,26,60,0,0,0,0,0,19,19,2,12211,3,5,138,30,1831,3,4,0,35,0,5,0,1,0,8,3,5,50
29,12,23,15,15,26,26,0,0,0,0,0,19,19,3,1020,5,4,139,30,10029,5,3,0,30,0,6,0,2,0,8,4,5,40
15,15,16,10,17,25,53,0,0,0,0,0,19,19,1,21021,3,6,140,30,100409,3,5,0,43,0,4,0,1,0,5,5,5,56
16,5,10,14,16,20,53,0,0,0,0,1,19,20,3,20121,5,3,141,30,110329,5,5,0,30,0,7,0,1,0,9,1,5,30
29,1,12,16,20,31,40,0,0,0,0,0,19,19,5,22000,5,3,142,30,111235,5,3,0,22,0,11,0,2,0,9,3,1,26
17,3,28,4,20,21,66,0,0,0,0,0,19,19,1,20221,1,8,143,30,112172,1,5,0,49,0,2,0,1,0,5,5,5,53
17,3,37,2,28,21,53,0,0,0,0,0,20,20,6,21201,6,7,144,30,28,6,7,0,53,0,1,0,1,0,4,4,7,60
20,9,30,7,20,27,20,0,0,0,0,0,20,20,6,2000,3,7,145,30,29,7,6,0,46,0,3,0,2,0,7,2,5,36
17,11,28,1,18,18,66,0,0,0,0,0,20,19,6,22012,6,8,146,30,31,6,8,0,54,0,4,0,0,0,4,3,3,56
31,17,30,13,20,23,33,0,0,0,0,0,20,20,7,1201,3,6,147,30,34,3,4,0,38,0,6,0,1,0,6,5,3,46
27,12,23,14,18,27,13,0,0,0,0,0,20,20,3,1010,5,5,148,30,165,3,4,0,35,0,5,0,2,0,8,3,5,40
22,18,17,11,29,25,86,0,0,0,0,0,20,20,7,22212,3,3,149,30,166,5,8,0,39,0,8,0,0,0,5,3,3,46
23,14,28,8,23,25,40,0,0,0,0,0,20,20,6,20020,3,8,150,30,171,3,5,0,44,0,5,0,2,0,7,3,2,53
14,10,21,10,15,19,26,0,0,0,0,0,20,20,6,21000,3,7,151,30,485,3,4,0,43,0,2,0,2,0,7,4,6,36
16,20,14,16,16,24,33,0,0,0,0,0,20,2076,3,21010,5,3,152,30,531,5,3,0,28,0,6,0,2,0,8,4,6,26
16,17,11,18,7,48,40,0,0,0,0,0,20,2076,5,2020,5,6,153,30,543,5,0,0,22,0,6,0,2,0,14,1,3,26
25,1,36,4,19,9,53,0,0,0,0,0,20,20,6,1221,8,8,154,30,580,8,5,0,48,0,5,0,1,0,3,6,3,63
22,7,26,9,22,28,53,0,0,0,0,0,20,20,6,10212,3,8,155,30,1832,3,4,0,44,0,4,0,0,0,6,5,3,46
21,6,27,5,24,20,40,0,0,0,0,0,20,20,6,20002,8,7,156,30,10030,8,6,0,48,0,6,0,0,0,2,7,2,56
18,17,18,17,13,20,46,0,0,0,0,1,20,2076,3,12020,5,4,157,30,110176,5,1,0,26,0,7,0,2,0,7,7,4,30
20,15,19,15,15,34,66,0,0,0,0,0,20,20,3,1222,5,6,158,30,110500,5,2,0,33,0,5,0,0,0,8,5,4,60
15,2,26,12,25,32,46,0,0,0,0,0,20,19,7,212,3,7,159,30,110502,3,3,0,38,0,4,0,0,0,8,4,4,43
22,11,24,3,34,20,46,0,0,0,0,0,20,20,6,1202,7,4,160,30,110588,8,9,0,49,0,4,0,0,0,3,3,7,46
24,4,24,6,24,19,66,0,0,0,0,0,20,20,6,20221,8,6,161,30,110636,3,7,0,48,0,5,0,1,0,3,5,4,50
15,7,27,5,22,15,46,0,0,0,0,0,31,31,0,212,1,9,162,32,45,1,6,0,59,0,1,0,0,0,2,7,7,73
11,10,26,2,26,14,73,0,0,0,0,0,31,31,0,12122,1,12,163,33,48,1,9,0,71,0,2,0,0,0,2,6,2,56
27,4,24,16,13,24,33,0,0,0,0,1,31,32,3,11111,5,4,164,32,50,5,1,0,28,0,7,0,1,0,7,8,5,26
14,5,33,6,15,18,73,0,0,0,0,0,31,31,0,22112,3,11,165,33,52,3,5,0,57,0,4,0,0,0,4,7,2,86
13,10,14,10,22,24,40,0,0,0,0,0,31,31,2,12110,3,5,166,32,54,3,4,0,40,0,4,0,2,0,6,7,6,46
22,12,19,11,17,24,6,0,0,0,0,0,31,31,2,10000,3,7,167,32,55,3,4,0,40,0,7,0,2,0,7,5,2,46
14,9,31,4,21,23,66,0,0,0,0,0,31,31,0,22102,2,10,168,33,189,2,6,0,60,0,1,0,0,0,4,6,6,73
16,8,13,18,14,30,40,0,0,0,0,0,31,32,3,10121,4,4,169,33,205,4,0,0,25,0,7,0,1,0,9,8,5,30
32,17,13,14,17,28,40,0,0,0,0,0,31,31,3,21110,3,4,170,33,206,3,5,0,32,0,9,0,2,0,10,2,3,30
30,16,12,17,11,25,6,0,0,0,0,0,31,31,3,100,5,3,171,33,347,5,3,0,26,0,8,0,2,0,11,2,6,10
23,13,24,13,19,25,66,0,0,0,0,0,31,32,3,1222,3,6,172,33,1745,3,4,0,39,0,5,0,0,0,9,4,5,56
22,14,7,19,19,30,20,0,0,0,0,0,31,31,3,1101,4,1,173,33,1746,4,3,0,25,0,8,0,1,0,8,6,7,13
24,5,19,15,13,23,33,0,0,0,0,0,31,31,3,10210,5,5,174,32,1842,5,2,0,30,0,7,0,2,0,9,5,4,30
15,8,27,8,22,17,53,0,0,0,0,0,31,31,0,2211,3,10,175,32,110374,3,5,0,53,0,3,0,1,0,6,4,4,46
18,2,18,12,11,20,53,0,0,0,0,0,31,31,2,12021,3,5,176,32,110556,3,4,0,39,0,4,0,1,0,7,5,7,43
24,11,12,20,13,33,6,0,0,0,0,0,31,31,5,10000,4,1,177,33,111811,4,1,0,15,0,11,0,2,0,11,4,5,6
22,2,30,7,23,21,40,0,0,0,0,0,31,31,0,10121,2,7,178,32,115841,2,9,0,56,0,2,0,1,0,6,1,7,56
19,5,31,3,35,11,40,0,0,0,0,0,31,31,0,22,1,8,179,33,115845,1,11,0,64,0,4,0,0,0,3,3,4,56
15,2,25,9,26,23,46,0,0,0,0,0,31,31,1,20120,3,7,180,33,131681,3,7,0,51,0,3,0,2,0,7,2,7,43
18,1,37,1,35,14,66,0,0,0,0,1,31,31,0,22120,0,12,181,33,131682,0,9,0,71,0,1,0,2,0,3,5,3,66
18,10,23,10,18,23,40,0,0,0,0,0,32,32,7,220,3,6,182,33,1744,3,3,0,41,0,3,0,2,0,7,7,7,46
15,7,12,16,23,31,33,0,0,0,0,0,32,32,7,11002,5,5,183,33,1837,5,2,0,35,0,6,0,0,0,6,8,6,43
16,9,22,7,22,21,46,0,0,0,0,0,32,32,7,10220,8,7,184,33,1843,8,5,0,45,0,5,0,2,0,7,5,4,50
17,3,22,8,16,17,40,0,0,0,0,0,32,32,7,11012,8,6,185,33,1848,8,3,0,44,0,2,0,0,0,5,8,9,46
21,15,22,18,8,22,46,0,0,0,0,0,32,31,7,21002,4,7,186,33,110373,4,1,0,33,0,6,0,0,0,10,5,4,40
14,11,31,2,25,16,60,0,0,0,0,0,32,32,6,2202,6,11,187,33,110738,6,9,0,66,0,2,0,0,0,5,3,3,53
22,19,18,19,14,23,6,0,0,0,0,0,32,32,8,1000,4,4,188,33,110740,3,3,0,32,0,7,0,2,0,8,5,6,13
16,17,28,6,18,22,33,0,0,0,0,0,32,32,7,2011,7,7,189,33,110908,7,3,0,48,0,2,0,1,0,3,10,8,53
18,20,25,9,17,23,26,0,0,0,0,0,32,32,7,11011,3,7,190,33,110915,3,4,0,44,0,3,0,1,0,8,4,7,46
18,21,19,13,21,31,53,0,0,0,0,0,32,32,7,10221,3,6,191,33,111433,3,2,0,37,0,4,0,1,0,8,7,6,30
20,19,25,4,28,17,73,0,0,0,0,0,32,32,6,22121,7,6,192,33,111434,7,8,0,53,0,4,0,1,0,4,4,7,53
24,1,18,12,15,20,73,0,0,0,0,0,32,31,7,22211,3,4,193,33,111657,5,4,0,38,0,5,0,1,0,6,6,8,56
14,13,41,1,32,20,66,0,0,0,0,0,32,31,6,12202,6,13,194,33,111974,6,10,0,75,0,1,0,0,0,3,4,2,76
24,15,11,17,14,25,13,0,0,0,0,0,32,32,7,110,5,2,195,33,111993,3,7,0,35,0,8,0,2,0,8,2,6,26
16,22,22,5,17,21,73,0,0,0,0,0,32,32,7,12221,7,9,196,33,112124,7,4,0,50,0,4,0,1,0,5,8,3,56
19,17,12,20,16,28,33,0,0,0,0,0,32,32,3,20011,4,4,197,33,112168,4,2,0,27,0,6,0,1,0,8,6,7,30
17,23,21,11,13,26,40,0,0,0,0,0,32,32,7,1211,3,8,198,33,112493,3,1,0,38,0,4,0,1,0,9,6,5,36
26,6,21,15,20,26,33,0,0,0,0,0,32,32,7,21010,3,4,199,33,112494,4,5,0,35,0,6,0,2,0,10,2,6,43
23,16,22,14,14,20,33,0,0,0,0,0,32,32,7,10201,3,3,200,33,113973,3,4,0,35,0,5,0,1,0,7,6,8,33
13,18,29,3,20,12,53,0,0,0,0,0,32,32,6,21021,7,10,201,33,113974,7,5,0,59,0,2,0,1,0,2,10,4,46
4,16,6,5,6,3,0,0,0,0,0,1,39,39,0,0,0,2,202,9,687,13,3,0,18,0,1,0,2,1,0,1,2,0
6,28,5,25,6,13,0,0,0,0,0,0,39,39,0,0,0,1,203,9,688,11,1,0,9,0,2,0,0,0,2,1,2,0
6,6,9,17,1,3,0,0,0,0,0,0,39,39,0,0,0,3,204,9,689,12,0,0,12,0,1,0,2,0,2,2,1,0
4,20,4,21,2,3,0,0,0,0,0,0,39,39,0,0,0,2,205,8,691,11,1,0,10,0,2,0,0,0,2,1,0,0
6,24,5,15,11,9,0,0,0,0,0,0,39,39,0,0,0,0,206,9,693,12,3,0,12,0,1,0,2,0,2,0,3,0
8,18,8,10,5,5,0,0,0,0,0,0,39,39,0,0,0,2,207,9,694,13,2,0,15,0,1,0,1,0,1,2,1,0
6,7,3,18,7,5,0,0,0,0,0,0,39,39,0,0,0,1,208,9,695,12,2,0,12,0,3,0,1,1,0,3,0,0
11,22,8,26,7,8,0,0,0,0,0,0,39,39,0,0,0,1,209,9,696,11,1,0,7,0,3,0,0,0,3,0,1,0
8,8,2,30,4,8,0,0,1,0,0,0,39,39,0,0,0,0,210,9,697,0,0,0,3,0,3,0,2,0,3,2,1,0
10,25,6,28,2,4,0,0,0,0,0,0,39,39,0,0,0,1,211,9,698,11,0,0,7,0,3,0,1,0,1,3,1,0
5,17,12,1,5,1,0,0,0,0,0,0,39,39,0,0,0,4,212,9,101112,16,2,0,20,0,1,0,1,1,0,2,0,0
5,14,5,24,3,9,0,0,0,0,0,0,39,39,0,0,0,2,213,9,111065,11,1,0,9,0,3,0,2,0,3,0,0,0
2,11,5,7,6,5,0,0,0,0,0,0,39,39,0,0,0,2,214,9,111138,13,2,0,16,0,0,1,1,0,1,2,2,0
1,3,0,29,4,12,0,0,1,0,0,0,39,39,0,0,0,0,215,9,111139,11,0,0,3,0,1,0,1,0,5,2,1,0
9,15,9,9,7,4,0,0,0,0,0,0,39,39,0,0,0,2,216,9,111140,13,2,0,15,0,1,0,1,0,1,1,2,0
4,21,10,16,2,7,0,0,0,0,0,0,39,39,0,0,0,2,217,9,111144,12,1,0,12,0,0,1,0,0,3,1,2,0
2,27,1,27,7,11,0,0,0,0,0,0,39,39,0,0,0,0,218,9,111651,11,1,0,7,0,1,0,0,0,3,2,2,0
10,26,15,20,4,7,0,0,0,0,0,0,39,39,0,0,0,2,219,9,111928,11,1,0,10,0,3,0,2,0,2,0,1,0
4,2,9,6,7,5,0,0,0,0,0,0,39,39,0,0,0,3,220,9,112134,13,2,0,16,0,1,0,0,0,2,0,1,0
7,13,10,12,5,5,0,0,0,0,0,0,39,39,0,0,0,2,221,9,112606,13,1,0,13,0,1,0,1,0,1,3,1,0
4,5,6,19,5,9,0,0,0,0,0,0,39,39,0,0,0,3,222,9,112828,11,0,0,11,0,1,0,2,0,3,2,0,0
9,23,9,23,2,7,0,0,0,0,0,0,39,39,0,0,0,2,223,9,112885,11,0,0,9,0,2,0,2,0,2,1,2,0
4,12,6,4,7,2,0,0,0,0,1,0,39,39,0,0,0,2,224,8,112893,14,3,0,18,0,0,1,0,1,0,1,2,0
2,1,4,14,9,12,0,0,0,0,0,0,39,39,0,0,0,3,225,9,112996,13,1,0,13,0,1,0,1,0,3,1,0,0
3,29,2,22,3,3,0,0,0,0,0,0,39,39,0,0,0,1,226,9,113018,11,1,0,9,0,2,0,1,0,2,1,2,0
2,10,6,3,7,9,0,0,0,0,0,0,39,39,0,0,0,3,227,9,113149,14,3,0,19,0,0,1,0,0,2,0,1,0
2,4,4,8,3,6,0,0,0,0,0,0,39,39,0,0,0,3,228,9,114161,13,2,0,16,0,1,0,0,0,2,0,1,0
3,9,8,13,4,8,0,0,0,0,0,0,39,39,0,0,0,3,229,9,114162,13,1,0,13,0,1,0,2,0,3,0,1,0
2,19,13,2,3,5,0,0,0,0,0,0,39,39,0,0,0,5,230,9,114640,15,1,0,19,0,0,1,0,0,2,1,0,0
0,3,0,6,0,0,0,0,0,0,0,0,41,41,0,0,0,0,231,0,298,0,0,0,0,0,0,0,0,0,0,0,0,0
0,4,0,15,0,0,0,0,0,0,0,0,41,41,0,0,0,0,232,0,299,0,0,0,0,0,0,0,2,0,0,0,0,0
0,11,0,14,0,0,0,0,0,0,0,0,41,41,0,0,0,0,233,0,300,0,0,0,0,0,0,0,1,0,0,0,0,0
0,1,0,15,0,0,0,0,0,0,0,0,41,41,0,0,0,0,234,0,417,0,0,0,0,0,0,0,2,0,0,0,0,0
0,7,0,8,0,0,0,0,0,0,0,0,41,41,0,0,0,0,235,0,418,0,0,0,0,0,0,0,2,0,0,0,0,0
0,2,0,7,0,0,0,0,0,0,0,1,41,41,0,0,0,0,236,0,918,0,0,0,0,0,0,0,0,0,0,0,0,0
0,15,0,16,0,0,0,0,0,0,0,0,41,41,0,0,0,0,237,0,919,0,0,0,0,0,0,0,1,0,0,0,0,0
0,12,0,10,0,0,0,0,0,0,0,0,41,41,0,0,0,0,238,0,922,0,0,0,0,0,0,0,0,0,0,0,0,0
0,5,0,16,0,0,0,0,0,0,0,0,41,41,0,0,0,0,239,0,1456,0,0,0,0,0,0,0,2,0,0,0,0,0
0,10,0,12,0,0,0,0,0,0,0,0,41,41,0,0,0,0,240,0,1463,0,0,0,0,0,0,0,0,0,0,0,0,0
0,13,0,5,0,0,0,0,0,0,0,0,41,41,0,0,0,0,241,0,1756,0,0,0,0,0,0,0,2,0,0,0,0,0
0,14,0,13,0,0,0,0,0,0,0,0,41,41,0,0,0,0,242,0,1757,0,0,0,0,0,0,0,2,0,0,0,0,0
0,16,0,1,0,0,0,0,0,0,0,0,41,41,0,0,0,0,243,0,2041,0,0,0,0,0,0,0,0,0,0,0,0,0
0,8,0,4,0,0,0,0,0,0,0,0,41,41,0,0,0,0,244,0,112199,0,0,0,0,0,0,0,0,0,0,0,0,0
0,6,0,9,0,0,0,0,0,0,0,0,41,41,0,0,0,0,245,0,113459,0,0,0,0,0,0,0,2,0,0,0,0,0
0,17,0,2,0,0,0,0,0,0,0,0,41,41,0,0,0,0,246,0,131491,0,0,0,0,0,0,0,0,0,0,0,0,0
21,3,29,5,16,28,60,0,0,0,0,0,50,50,10,11221,8,9,247,33,77,10,5,0,50,0,4,0,1,0,7,4,4,50
7,1,58,1,39,15,60,0,0,0,0,1,50,50,0,20202,0,15,248,33,78,0,11,0,81,0,1,0,0,0,3,2,1,70
19,4,23,7,20,25,26,0,0,0,0,0,50,50,3,2001,3,7,249,33,80,3,4,0,40,0,6,0,1,0,9,4,3,53
20,5,34,3,20,21,86,0,0,0,0,0,50,50,10,21222,10,9,250,33,81,10,5,0,53,0,3,0,0,0,5,6,5,80
17,10,22,9,16,41,26,0,0,0,0,0,50,50,3,1020,3,7,251,33,82,5,2,0,35,0,4,0,2,0,12,3,5,33
25,7,21,8,16,31,33,0,0,0,0,0,50,50,3,21001,3,6,252,33,83,8,5,0,39,0,5,0,1,0,11,1,5,26
10,2,36,2,32,25,46,0,0,0,0,0,50,50,10,2201,10,12,253,33,86,10,8,0,66,0,3,0,1,0,4,5,1,63
36,12,32,11,18,35,46,0,0,0,0,0,50,50,5,12020,5,5,254,33,180,5,4,0,34,0,8,0,2,0,9,3,4,23
19,4,21,4,20,21,66,0,0,0,0,0,50,50,10,10222,10,7,255,33,181,8,7,0,50,0,6,0,0,0,5,5,3,43
24,11,20,10,13,32,20,0,0,0,0,0,50,50,3,20000,5,5,256,33,631,3,4,0,35,0,7,0,2,0,9,3,5,33
25,9,17,12,16,33,33,0,0,0,0,0,50,50,5,11020,5,5,257,33,100804,5,3,0,29,0,9,0,2,0,11,3,2,46
23,6,25,6,20,31,46,0,0,0,0,0,50,50,8,1202,8,7,258,33,100805,3,5,0,41,0,7,0,0,0,9,2,3,46
14,3,31,3,22,13,46,0,0,0,0,0,53,53,0,1220,1,11,259,32,240,1,7,0,63,0,1,0,2,0,4,5,4,50
14,1,46,1,43,18,86,0,0,0,0,0,53,53,0,21222,0,13,260,33,241,0,11,0,76,0,3,0,0,0,2,3,1,93
16,2,38,2,27,15,80,0,0,0,0,1,53,53,0,22022,1,13,261,32,243,1,8,0,69,0,2,0,0,0,3,5,1,66
10,8,30,4,19,16,53,0,0,0,0,0,53,53,0,21120,1,9,262,32,448,1,6,0,57,0,1,0,2,0,4,6,6,53
18,6,25,6,20,22,66,0,0,0,0,0,53,53,1,22102,2,8,263,32,449,2,6,0,51,0,3,0,0,0,6,4,5,73
17,13,25,8,22,32,46,0,0,0,0,0,53,53,1,21200,3,9,264,32,450,3,3,0,43,0,4,0,2,0,9,4,3,60
16,19,20,13,15,25,73,0,0,0,0,0,53,54,1,12221,3,7,265,32,452,5,3,0,39,0,3,0,1,0,10,3,6,53
18,9,17,7,14,20,26,0,0,0,0,0,53,53,1,210,3,6,266,33,453,3,6,0,44,0,5,0,2,0,8,2,6,43
17,4,17,9,15,19,53,0,0,0,0,0,53,53,1,12201,3,7,267,32,457,3,5,0,42,0,7,0,1,0,7,4,2,46
19,16,23,14,14,30,73,0,0,0,0,0,53,53,2,22211,3,8,268,33,461,5,1,0,39,0,5,0,1,0,7,8,4,56
28,18,10,20,13,48,0,0,0,0,0,0,53,54,5,0,4,3,269,32,462,4,1,0,16,0,9,0,2,0,15,0,4,3
16,4,11,18,23,30,33,0,0,0,0,0,53,53,3,10201,4,4,270,32,463,5,3,0,31,0,7,0,1,0,8,6,4,33
24,2,19,17,19,28,53,0,0,0,0,0,53,53,3,11022,5,4,271,32,472,4,4,0,32,0,7,0,0,0,9,3,5,30
23,7,28,11,11,23,53,0,0,0,0,0,53,53,1,1122,3,7,272,32,479,3,2,0,41,0,3,0,0,0,6,8,6,36
24,11,21,10,14,15,33,0,0,0,0,0,53,53,1,12001,3,5,273,32,480,3,5,0,41,0,5,0,1,0,6,5,6,30
19,12,14,15,21,24,6,0,0,0,0,0,53,53,2,1,5,5,274,32,481,3,4,0,37,0,6,0,1,0,7,5,5,30
23,5,31,5,24,19,53,0,0,0,0,0,53,53,0,2121,2,5,275,31,483,2,9,0,52,0,3,0,1,0,4,3,7,60
14,15,14,12,17,15,40,0,0,0,0,0,53,53,1,20200,3,4,276,32,1860,3,6,0,39,0,5,0,2,0,8,2,7,50
24,14,16,19,13,24,13,0,0,0,0,1,53,54,3,101,4,5,277,32,100888,4,1,0,29,0,8,0,1,0,7,8,3,20
25,10,26,16,13,26,6,0,0,0,0,0,53,53,2,10000,5,6,278,32,110062,3,3,0,34,0,7,0,2,0,9,4,3,10
19,23,19,11,28,22,60,0,0,0,0,0,54,54,6,12211,3,5,279,36,242,3,7,0,50,0,5,0,1,0,5,6,8,50
24,13,23,18,25,30,33,0,0,0,0,0,54,54,7,10210,5,5,280,36,244,5,5,0,41,0,7,0,2,0,8,5,6,23
17,10,20,20,13,32,73,0,0,0,0,0,54,54,3,22211,5,7,281,36,260,5,1,0,33,0,6,0,1,0,13,4,5,46
17,11,31,3,26,25,46,0,0,0,0,0,54,54,6,2012,7,9,282,36,456,6,9,0,63,0,4,0,0,0,5,4,5,50
22,17,25,14,21,22,40,0,0,0,0,0,54,54,7,22,3,8,283,36,459,3,3,0,47,0,6,0,0,0,5,9,5,36
17,5,22,12,14,20,46,0,0,0,0,0,54,54,6,21111,3,9,284,36,467,3,3,0,48,0,3,0,1,0,9,6,6,50
12,20,34,1,15,16,86,0,0,0,0,0,54,54,6,22221,6,14,285,36,468,7,5,0,67,0,2,0,1,0,5,7,3,70
13,18,16,17,20,27,26,0,0,0,0,0,54,54,7,20001,5,7,286,36,573,5,2,0,43,0,4,0,1,0,7,10,6,36
19,3,39,2,21,18,66,0,0,0,0,0,54,54,6,20212,6,11,287,36,1853,6,7,0,66,0,1,0,0,0,5,6,6,76
22,6,27,13,20,25,53,0,0,0,0,0,54,54,6,22101,3,8,288,36,1854,3,4,0,48,0,4,0,1,0,8,6,6,46
18,17,31,8,29,34,40,0,0,0,0,0,54,53,6,2020,8,9,289,36,1861,8,6,0,56,0,1,0,2,0,9,4,7,40
21,24,31,10,18,29,40,0,0,0,0,0,54,54,6,10211,3,7,290,36,1867,3,6,0,50,0,4,0,1,0,8,4,7,56
20,14,22,15,23,25,13,0,0,0,0,0,54,53,7,1001,3,6,291,36,1968,3,5,0,46,0,5,0,1,0,7,6,7,40
17,12,21,9,12,20,60,0,0,0,0,0,54,54,6,21211,3,9,292,36,10846,3,5,0,51,0,5,0,1,0,8,5,4,60
25,9,10,22,15,41,13,0,0,0,0,0,54,54,5,11000,5,2,293,36,100851,5,2,0,17,0,13,0,2,0,14,2,3,6
23,25,27,16,26,29,40,0,0,0,0,0,54,54,7,1112,5,7,294,36,100852,5,5,0,46,0,7,0,0,0,7,6,4,46
12,16,31,5,17,23,26,0,0,0,0,0,54,54,6,20010,7,13,295,36,110069,7,4,0,59,0,1,0,2,0,10,4,4,46
25,19,10,21,9,31,20,0,0,0,0,0,54,54,5,2,5,2,296,36,110242,5,3,0,26,0,9,0,0,0,11,4,7,13
19,8,30,4,18,20,53,0,0,0,0,0,54,54,6,2121,7,11,297,36,110827,7,5,0,59,0,4,0,1,0,5,8,3,50
17,1,33,6,25,28,80,0,0,0,0,0,54,53,6,20222,7,9,298,36,110832,8,7,0,58,0,3,0,0,0,7,4,6,56
20,15,33,7,16,16,40,0,0,0,0,0,54,54,6,2020,8,10,299,36,110839,7,6,0,57,0,3,0,2,0,8,4,5,36
27,22,21,19,15,23,26,0,0,0,0,0,54,54,8,1200,5,5,300,36,131110,5,5,0,39,0,8,0,2,0,9,4,5,46
0,8,0,15,0,0,0,0,0,0,0,0,56,56,0,0,0,0,301,0,319,0,0,0,0,0,0,0,2,0,0,0,0,0
0,7,0,5,0,0,0,0,0,0,0,1,56,56,0,0,0,0,302,0,320,0,0,0,0,0,0,0,0,0,0,0,0,0
0,16,0,16,0,0,0,0,0,0,0,0,56,56,0,0,0,0,303,0,321,0,0,0,0,0,0,0,2,0,0,0,0,0
0,5,0,8,0,0,0,0,0,0,0,0,56,56,0,0,0,0,304,0,433,0,0,0,0,0,0,0,0,0,0,0,0,0
0,6,0,7,0,0,0,0,0,0,0,0,56,56,0,0,0,0,305,0,700,0,0,0,0,0,0,0,1,0,0,0,0,0
0,12,0,4,0,0,0,0,0,0,0,0,56,56,0,0,0,0,306,0,702,0,0,0,0,0,0,0,2,0,0,0,0,0
0,3,0,2,0,0,0,0,0,0,0,0,56,56,0,0,0,0,307,0,708,0,0,0,0,0,0,0,2,0,0,0,0,0
0,2,0,13,0,0,0,0,0,0,0,0,56,56,0,0,0,0,308,0,710,0,0,0,0,0,0,0,0,0,0,0,0,0
0,1,0,3,0,0,0,0,0,0,0,0,56,56,0,0,0,0,309,0,711,0,0,0,0,0,0,0,2,0,0,0,0,0
0,4,0,15,0,0,0,0,0,0,0,0,56,56,0,0,0,0,310,0,1439,0,0,0,0,0,0,0,0,0,0,0,0,0
0,17,0,9,0,0,0,0,0,0,0,0,56,56,0,0,0,0,311,0,111594,0,0,0,0,0,0,0,0,0,0,0,0,0
0,15,0,14,0,0,0,0,0,0,0,0,56,56,0,0,0,0,312,0,111705,0,0,0,0,0,0,0,2,0,0,0,0,0
0,9,0,6,0,0,0,0,0,0,0,0,56,56,0,0,0,0,313,0,112072,0,0,0,0,0,0,0,0,0,0,0,0,0
0,10,0,11,0,0,0,0,0,0,0,0,56,56,0,0,0,0,314,0,112126,0,0,0,0,0,0,0,1,0,0,0,0,0
0,18,0,16,0,0,0,0,0,0,0,0,56,56,0,0,0,0,315,0,112180,0,0,0,0,0,0,0,0,0,0,0,0,0
0,11,0,10,0,0,0,0,0,0,0,0,56,56,0,0,0,0,316,0,113458,0,0,0,0,0,0,0,2,0,0,0,0,0
31,5,35,8,30,37,20,0,0,0,0,0,60,60,7,20000,8,11,317,44,4,7,9,0,66,0,8,0,2,0,10,3,3,30
11,17,43,1,32,19,86,0,0,0,0,0,60,14,6,22212,6,18,318,42,88,6,12,0,99,0,0,1,0,0,3,5,4,76
15,10,35,4,29,24,86,0,0,0,0,0,60,60,6,21222,7,14,319,44,89,7,10,0,82,0,2,0,0,0,8,4,6,76
35,12,19,24,19,41,6,0,0,0,0,0,60,60,4,100,4,5,320,44,127,4,2,0,30,0,14,0,2,0,14,6,3,10
32,14,27,16,19,29,33,0,0,0,0,0,60,60,3,1210,3,7,321,44,143,3,7,0,53,0,9,0,2,0,10,5,6,43
22,11,37,11,25,29,73,0,0,0,0,0,60,60,8,21122,3,10,322,44,149,3,6,0,61,0,6,0,0,0,9,7,6,60
24,2,27,14,13,23,40,0,0,0,0,0,60,60,3,2002,3,9,323,43,361,3,6,0,55,0,8,0,0,0,10,6,4,36
17,22,35,7,29,36,66,0,0,0,0,0,60,60,7,22102,8,14,324,44,1793,8,6,0,72,0,4,0,0,0,8,8,4,60
29,19,33,13,18,28,46,0,0,0,0,0,60,14,3,22010,3,10,325,44,1797,3,5,0,55,0,7,0,2,0,12,5,5,36
22,24,19,15,18,17,60,0,0,0,0,0,60,60,3,11122,3,7,326,43,1917,5,6,0,53,0,9,0,0,0,7,8,6,46
26,23,31,10,36,30,60,0,0,0,0,0,60,60,7,22020,3,6,327,43,1926,3,10,0,63,0,4,0,2,0,8,4,11,63
30,3,23,18,24,32,46,0,0,0,0,0,60,60,3,2102,5,7,328,44,1930,5,5,0,50,0,9,0,0,0,9,8,6,43
20,4,39,5,27,19,86,0,0,0,0,1,60,61,6,22212,7,15,329,44,1931,7,8,0,81,0,3,0,0,0,6,8,4,70
34,4,32,12,32,35,26,0,0,0,0,0,60,60,3,201,3,6,330,44,1932,3,10,0,58,0,8,0,1,0,10,2,8,20
15,9,26,3,43,26,60,0,0,0,0,0,60,60,6,2220,7,12,331,44,1933,7,12,0,84,0,4,0,2,0,4,6,6,56
35,6,37,17,27,39,33,0,0,0,0,0,60,60,3,20011,5,8,332,43,1938,3,5,0,50,0,8,0,1,0,11,5,6,43
20,18,26,9,30,28,20,0,0,0,0,0,60,14,8,20000,3,10,333,44,1939,8,9,0,64,0,8,0,2,0,10,3,4,20
32,8,23,19,30,35,6,0,0,0,0,0,60,61,3,10,5,6,334,43,1940,5,7,0,48,0,11,0,2,0,10,5,4,30
31,20,24,23,19,38,46,0,0,0,0,0,60,60,5,12020,4,5,335,44,1944,4,4,0,38,0,11,0,2,0,13,5,6,30
15,23,38,2,24,19,60,0,0,0,0,0,60,61,6,12112,6,15,336,44,1947,6,10,0,86,0,2,0,0,0,6,6,5,70
19,1,32,6,35,28,86,0,0,0,0,0,60,60,7,12222,7,11,337,44,1958,3,11,0,72,0,7,0,0,0,9,2,4,63
31,17,31,21,12,39,6,0,0,0,0,0,60,60,5,10,4,9,338,44,1962,5,3,0,43,0,9,0,2,0,16,3,4,23
32,15,27,20,18,29,46,0,0,0,0,0,60,60,5,20210,5,5,339,43,15015,4,5,0,43,0,11,0,2,0,9,8,5,36
35,22,28,22,24,47,26,0,0,0,0,0,60,61,5,12,4,6,340,44,110890,4,4,0,40,0,10,0,0,0,14,4,6,36
34,21,30,7,31,32,33,0,0,0,0,0,61,61,7,2101,7,10,341,44,92,7,10,0,67,0,9,0,1,0,8,4,3,46
26,6,30,11,19,19,26,0,0,0,0,0,61,61,7,20010,3,9,342,44,121,3,6,0,62,0,7,0,2,0,5,11,6,23
22,5,36,1,33,26,73,0,0,0,0,0,61,61,6,21122,6,11,343,44,142,6,11,0,78,0,4,0,0,0,6,5,7,56
34,15,23,24,15,32,20,0,0,0,0,0,61,61,5,20000,5,6,344,44,357,5,4,0,36,0,12,0,2,0,16,2,4,33
19,8,31,14,18,28,60,0,0,0,0,0,61,61,3,12211,3,10,345,44,381,3,5,0,57,0,6,0,1,0,11,6,6,56
33,24,23,23,17,33,66,0,0,0,0,0,61,60,5,2221,5,5,346,44,1480,5,5,0,41,0,10,0,1,0,13,4,7,46
25,4,25,18,27,41,26,0,0,0,0,0,61,61,5,12,5,8,347,44,1798,5,6,0,50,0,9,0,0,0,13,3,5,36
19,12,23,17,16,26,60,0,0,0,0,0,61,61,3,11212,5,10,348,44,1802,5,3,0,54,0,8,0,0,0,8,11,4,53
31,11,46,4,28,22,20,0,0,0,0,0,61,61,6,10011,7,12,349,44,1803,7,8,0,74,0,4,0,1,0,6,8,6,23
13,9,38,3,24,30,33,0,0,0,0,0,61,61,6,2011,6,16,350,44,1804,6,5,0,75,0,2,0,1,0,9,8,4,40
26,24,37,10,31,27,40,0,0,0,0,0,61,61,7,1211,3,9,351,44,1924,3,8,0,64,0,3,0,1,0,11,3,10,63
17,23,34,2,29,28,66,0,0,0,0,0,61,60,6,22201,6,12,352,44,1928,6,9,0,77,0,3,0,1,0,6,7,7,63
33,19,39,13,31,29,80,0,0,0,0,0,61,61,8,22220,3,9,353,44,1934,3,6,0,60,0,6,0,2,0,8,8,7,53
15,22,28,8,23,28,53,0,0,0,0,0,61,61,7,12210,8,10,354,44,1935,8,6,0,66,0,5,0,2,0,5,11,7,56
29,21,29,16,28,36,46,0,0,0,0,0,61,60,3,212,3,9,355,44,1936,3,6,0,57,0,7,0,0,0,10,6,6,36
19,14,30,6,34,27,26,0,0,0,0,0,61,61,6,20010,7,10,356,44,1937,7,9,0,69,0,7,0,2,0,6,7,5,36
22,16,22,22,17,42,33,0,0,0,0,0,61,61,5,2101,5,7,357,44,15048,5,3,0,45,0,6,0,1,0,13,6,9,53
30,17,29,21,23,38,33,0,0,0,0,0,61,61,5,121,5,5,358,44,110313,5,6,0,47,0,6,0,1,0,13,3,11,36
28,13,25,19,15,29,53,0,0,0,0,0,61,61,5,20112,5,10,359,44,112222,5,3,0,50,0,8,0,0,0,12,7,4,46
28,18,31,20,20,42,20,0,0,0,0,0,61,61,5,10011,5,10,360,44,112254,5,3,0,49,0,7,0,1,0,14,5,5,20
14,10,35,5,20,19,33,0,0,0,0,0,61,61,6,2110,7,13,361,44,112259,7,6,0,70,0,4,0,2,0,8,8,5,43
21,22,22,15,36,38,26,0,0,0,0,0,61,60,3,20010,3,6,362,44,112260,3,8,0,57,0,4,0,2,0,11,3,12,40
26,23,32,12,26,30,66,0,0,0,0,0,61,61,7,12022,3,8,363,44,112764,3,8,0,62,0,7,0,0,0,7,7,7,46
27,20,28,9,30,24,53,0,0,0,0,0,61,61,7,12102,8,9,364,44,113926,8,8,0,65,0,8,0,0,0,5,9,5,53
5,6,6,6,7,9,60,0,0,0,0,0,65,65,0,2022,3,3,365,11,305,3,2,0,15,0,2,0,0,0,4,0,0,40
4,1,9,3,7,7,66,0,0,0,0,1,65,65,0,22210,10,3,366,11,306,10,2,0,18,0,1,0,2,0,2,2,1,60
5,4,11,2,5,4,60,0,0,0,0,0,65,65,0,21211,10,3,367,11,423,10,2,0,19,0,0,1,1,0,2,1,3,60
7,2,6,7,5,7,66,0,0,0,0,0,65,65,0,12022,3,2,368,10,445,3,2,0,14,0,2,0,0,0,2,1,1,56
9,5,6,10,10,12,20,0,0,0,0,0,65,65,0,20,4,1,369,10,563,4,1,0,7,0,4,0,2,0,3,1,0,23
11,6,3,9,6,10,0,0,0,0,0,0,65,65,0,0,5,1,370,11,753,5,2,0,9,0,4,0,2,0,4,0,0,20
6,7,8,4,6,4,60,0,0,0,0,0,65,65,0,21211,8,2,371,11,834,8,2,0,18,0,1,0,1,1,0,3,3,50
0,3,0,10,0,0,0,0,0,0,0,0,65,65,0,0,0,0,372,0,837,0,0,0,0,0,0,0,0,0,0,0,0,0
6,9,6,5,10,7,46,0,0,0,0,0,65,65,0,20201,3,2,373,11,1571,3,2,0,17,0,2,0,1,1,0,4,1,53
5,8,9,1,6,2,60,0,0,0,0,0,65,65,0,12211,0,2,374,11,1572,0,3,0,20,0,1,0,1,1,0,2,3,63
18,12,17,12,17,25,60,0,0,0,0,0,66,66,8,22200,3,7,375,29,301,3,3,0,36,0,6,0,2,0,7,4,2,36
14,6,21,9,18,21,26,0,0,0,0,0,66,66,10,20001,3,7,376,29,420,3,5,0,41,0,5,0,1,0,7,3,2,33
11,3,37,2,17,15,60,0,0,0,0,0,66,66,0,222,10,13,377,29,873,10,6,0,59,0,2,0,0,0,6,2,0,60
15,2,30,5,22,23,46,0,0,0,0,0,66,66,0,1202,8,9,378,29,1871,8,4,0,47,0,3,0,0,0,5,5,3,46
11,19,19,8,21,26,60,0,0,0,0,0,66,66,10,2022,3,7,379,29,110206,3,5,0,42,0,3,0,0,0,8,2,4,53
17,14,31,3,19,18,46,0,0,0,0,1,66,66,0,20120,10,9,380,29,110745,10,7,0,55,0,2,0,2,0,4,3,4,56
11,4,30,4,17,19,66,0,0,0,0,0,66,66,0,21202,8,12,381,29,110746,8,3,0,50,0,2,0,0,0,7,4,1,66
27,7,27,7,24,20,26,0,0,0,0,0,66,66,10,2100,3,4,382,29,110747,3,7,0,42,0,5,0,2,0,4,3,6,33
19,9,14,14,13,23,66,0,0,0,0,0,66,66,8,10222,5,5,383,29,110749,5,4,0,32,0,7,0,0,0,8,3,2,43
18,13,16,11,12,20,33,0,0,0,0,0,66,66,8,10021,3,6,384,29,111083,3,3,0,37,0,6,0,1,0,4,8,2,60
19,5,17,10,13,12,33,0,0,0,0,0,66,66,8,121,3,4,385,29,111086,3,5,0,38,0,4,0,1,0,5,4,7,43
17,10,21,13,19,28,46,0,0,0,0,0,66,66,8,22001,5,5,386,29,111088,5,5,0,35,0,5,0,1,0,9,1,4,50
19,20,12,16,19,31,40,0,0,0,0,0,66,66,3,2020,4,5,387,29,111091,4,2,0,27,0,7,0,2,0,9,4,2,40
20,15,17,17,16,25,66,0,0,0,0,0,66,66,3,22120,4,3,388,29,111092,4,2,0,25,0,6,0,2,0,8,4,6,50
21,21,24,6,19,28,46,0,0,0,0,0,66,66,10,2102,8,6,389,29,111097,8,6,0,43,0,4,0,0,0,6,3,4,46
18,11,17,18,13,28,13,0,0,0,0,0,66,66,3,101,4,5,390,29,114004,4,1,0,25,0,5,0,1,0,11,2,5,20
12,1,22,1,20,7,66,0,0,0,0,0,66,66,0,22120,0,8,391,29,114326,0,9,0,59,0,3,0,2,0,1,5,3,73
21,18,20,15,9,23,33,0,0,0,0,0,66,66,3,20101,5,4,392,29,114393,5,2,0,27,0,4,0,1,0,10,3,6,26
14,1,37,1,36,15,80,0,0,0,0,1,68,68,0,22022,0,12,393,30,325,0,12,0,77,0,0,1,0,0,1,2,3,76
15,2,38,2,39,15,73,0,0,0,0,0,68,68,0,12221,9,12,394,30,326,9,10,0,72,0,1,0,1,0,1,4,2,80
18,3,24,5,19,13,33,0,0,0,0,0,68,68,9,2101,8,9,395,30,327,8,4,0,49,0,4,0,1,0,3,8,2,56
15,6,34,7,14,21,66,0,0,0,0,0,68,68,9,21022,3,9,396,30,436,3,2,0,42,0,2,0,0,0,8,5,4,53
20,13,22,12,12,33,66,0,0,0,0,0,68,68,9,20221,3,9,397,30,741,3,2,0,40,0,3,0,1,0,9,4,3,60
20,18,26,3,19,17,6,0,0,0,0,0,68,68,9,10000,9,8,398,31,748,9,7,0,51,0,5,0,2,0,5,4,2,36
16,5,31,6,18,23,80,0,0,0,0,0,68,68,9,2222,8,9,399,30,101014,8,5,0,48,0,3,0,0,0,7,2,4,63
33,4,11,19,15,41,0,0,0,0,0,0,68,68,4,0,4,1,400,30,101016,4,1,0,0,0,12,0,2,0,12,2,2,6
24,9,23,13,15,25,66,0,0,0,0,0,68,68,9,2221,3,6,401,30,101020,3,3,0,37,0,5,0,1,0,6,6,4,66
12,2,31,10,16,26,26,0,0,0,0,0,68,68,9,11101,3,9,402,30,101026,3,1,0,40,0,1,0,1,0,9,5,5,20
25,17,18,18,14,32,20,0,0,0,0,0,68,68,3,20000,4,3,403,30,101028,4,1,0,19,0,8,0,2,0,11,2,5,30
15,8,20,11,18,28,80,0,0,0,0,0,68,68,9,22022,3,7,404,31,101033,3,4,0,40,0,3,0,0,0,10,2,5,53
20,19,20,14,16,29,26,0,0,0,0,0,68,68,9,102,5,6,405,30,101037,5,5,0,37,0,5,0,0,0,10,0,4,33
22,12,27,17,14,31,26,0,0,0,0,0,68,68,3,2100,4,6,406,31,101041,4,2,0,31,0,5,0,2,0,11,2,5,26
8,16,21,8,19,32,46,0,0,0,0,0,68,68,9,20120,3,10,407,30,110776,3,2,0,42,0,2,0,2,0,10,3,3,53
27,10,27,9,26,28,66,0,0,0,0,0,68,68,9,22102,3,5,408,31,111339,3,5,0,42,0,4,0,0,0,5,6,6,46
19,14,22,15,11,24,20,0,0,0,0,0,68,68,9,2,5,7,409,30,113142,5,2,0,34,0,5,0,0,0,9,4,3,30
14,20,30,4,18,19,46,0,0,0,0,0,68,68,9,10220,8,9,410,31,131174,8,5,0,50,0,3,0,2,0,6,5,3,36
12,21,13,16,10,23,46,0,0,0,0,0,68,68,8,20210,4,5,411,31,131388,4,4,0,34,0,6,0,2,0,9,3,4,60
0,1,0,1,0,0,0,0,0,0,0,1,76,76,0,0,0,0,412,0,211,0,0,0,0,0,0,0,0,0,0,0,0,0
0,1,0,1,0,0,0,0,0,0,0,0,76,76,0,0,0,0,413,0,263,0,0,0,0,0,0,0,0,0,0,0,0,0
0,1,0,1,0,0,0,0,0,0,0,0,76,76,0,0,0,0,414,0,266,0,0,0,0,0,0,0,0,0,0,0,0,0
0,1,0,1,0,0,0,0,0,0,0,0,76,76,0,0,0,0,415,0,267,0,0,0,0,0,0,0,0,0,0,0,0,0
0,1,0,1,0,0,0,0,0,0,0,0,76,76,0,0,0,0,416,0,278,0,0,0,0,0,0,0,0,0,0,0,0,0
0,3,0,1,0,0,0,0,0,0,0,0,76,76,0,0,0,0,417,0,280,0,0,0,0,0,0,0,0,0,0,0,0,0
0,1,0,1,0,0,0,0,0,0,0,0,76,76,0,0,0,0,418,0,393,0,0,0,0,0,0,0,0,0,0,0,0,0
0,1,0,1,0,0,0,0,0,0,0,1,76,76,0,0,0,0,419,0,1874,0,0,0,0,0,0,0,0,0,0,0,0,0
0,1,0,1,0,0,0,0,0,0,0,0,76,76,0,0,0,0,420,0,1884,0,0,0,0,0,0,0,0,0,0,0,0,0
0,1,0,1,0,0,0,0,0,0,0,0,76,76,0,0,0,0,421,0,100135,0,0,0,0,0,0,0,0,0,0,0,0,0
0,1,0,1,0,0,0,0,0,0,0,1,76,76,0,0,0,0,422,0,100325,0,0,0,0,0,0,0,0,0,0,0,0,0
0,1,0,1,0,0,0,0,0,0,0,0,76,76,0,0,0,0,423,0,101047,0,0,0,0,0,0,0,0,0,0,0,0,0
0,1,0,1,0,0,0,0,0,0,0,0,76,76,0,0,0,0,424,0,101059,0,0,0,0,0,0,0,0,0,0,0,0,0
0,1,0,1,0,0,0,0,0,0,0,1,76,76,0,0,0,0,425,0,110468,0,0,0,0,0,0,0,0,0,0,0,0,0
0,2,0,1,0,0,0,0,0,0,0,0,76,1014,0,0,0,0,426,0,110975,0,0,0,0,0,0,0,0,0,0,0,0,0
0,4,0,1,0,0,0,0,0,0,0,0,76,76,0,0,0,0,427,0,111205,0,0,0,0,0,0,0,0,0,0,0,0,0
0,2,0,1,0,0,0,0,0,0,0,0,76,76,0,0,0,0,428,0,111596,0,0,0,0,0,0,0,0,0,0,0,0,0
0,1,0,1,0,0,0,0,0,0,0,1,76,76,0,0,0,0,429,0,111701,0,0,0,0,0,0,0,0,0,0,0,0,0
0,5,0,1,0,0,0,0,0,0,0,0,76,76,0,0,0,0,430,0,113888,0,0,0,0,0,0,0,0,0,0,0,0,0
0,1,0,1,0,0,0,0,0,0,0,0,76,76,0,0,0,0,431,0,114815,0,0,0,0,0,0,0,0,0,0,0,0,0
0,2,0,4,0,0,0,0,0,0,0,0,78,78,0,0,0,0,432,0,1318,0,0,0,1812,0,0,0,0,0,0,0,0,0
0,2,0,12,0,0,0,0,0,0,0,0,78,78,0,0,0,0,433,0,1328,0,0,0,1701,0,0,0,0,0,0,0,0,0
0,2,0,47,0,0,0,0,0,0,0,0,78,78,0,0,0,0,434,0,1330,0,0,0,1473,0,0,0,0,0,0,0,0,0
0,2,0,21,0,0,0,0,0,0,0,0,78,78,0,0,0,0,435,0,1331,0,0,0,1591,0,0,0,0,0,0,0,0,0
0,2,0,63,0,0,0,0,0,0,0,0,78,78,0,0,0,0,436,0,1334,0,0,0,1393,0,0,0,0,0,0,0,0,0
0,2,0,2,0,0,0,0,0,0,0,0,78,78,0,0,0,0,437,0,1335,0,0,0,1854,0,0,0,0,0,0,0,0,0
0,2,0,13,0,0,0,0,0,0,0,0,78,78,0,0,0,0,438,0,1337,0,0,0,1686,0,0,0,0,0,0,0,0,0
0,2,0,71,0,0,0,0,0,0,0,0,78,78,0,0,0,0,439,0,1341,0,0,0,1353,0,0,0,0,0,0,0,0,0
0,2,0,10,0,0,0,0,0,0,0,0,78,78,0,0,0,0,440,0,1343,0,0,0,1714,0,0,0,0,0,0,0,0,0
0,2,0,50,0,0,0,0,0,0,0,0,78,78,0,0,0,0,441,0,1352,0,0,0,1466,0,0,0,0,0,0,0,0,0
0,2,0,28,0,0,0,0,0,0,0,0,78,78,0,0,0,0,442,0,1353,0,0,0,1523,0,0,0,0,0,0,0,0,0
0,2,0,8,0,0,0,0,0,0,0,0,78,78,0,0,0,0,443,0,1354,0,0,0,1741,0,0,0,0,0,0,0,0,0
0,2,0,58,0,0,0,0,0,0,0,0,78,78,0,0,0,0,444,0,1355,0,0,0,1403,0,0,0,0,0,0,0,0,0
0,2,0,45,0,0,0,0,0,0,0,0,78,78,0,0,0,0,445,0,1356,0,0,0,1474,0,0,0,0,0,0,0,0,0
0,2,0,48,0,0,0,0,0,0,0,0,78,78,0,0,0,0,446,0,1359,0,0,0,1472,0,0,0,0,0,0,0,0,0
0,2,0,3,0,0,0,0,0,0,0,0,78,78,0,0,0,0,447,0,1362,0,0,0,1835,0,0,0,0,0,0,0,0,0
0,2,0,29,0,0,0,0,0,0,0,0,78,78,0,0,0,0,448,0,1363,0,0,0,1522,0,0,0,0,0,0,0,0,0
0,2,0,25,0,0,0,0,0,0,0,0,78,78,0,0,0,0,449,0,1366,0,0,0,1567,0,0,0,0,0,0,0,0,0
0,2,0,30,0,0,0,0,0,0,0,0,78,78,0,0,0,0,450,0,1367,0,0,0,1521,0,0,0,0,0,0,0,0,0
0,2,0,1,0,0,0,0,0,0,0,0,78,78,0,0,0,0,451,0,1369,0,0,0,1901,0,0,0,0,0,0,0,0,0
0,2,0,17,0,0,0,0,0,0,0,0,78,78,0,0,0,0,452,0,1386,0,0,0,1635,0,0,0,0,0,0,0,0,0
0,2,0,16,0,0,0,0,0,0,0,0,78,78,0,0,0,0,453,0,1387,0,0,0,1641,0,0,0,0,0,0,0,0,0
0,2,0,31,0,0,0,0,0,0,0,0,78,78,0,0,0,0,454,0,1886,0,0,0,1518,0,0,0,0,0,0,0,0,0
0,2,0,7,0,0,0,0,0,0,0,0,78,78,0,0,0,0,455,0,105035,0,0,0,1758,0,0,0,0,0,0,0,0,0
0,2,0,74,0,0,0,0,0,0,0,0,78,78,0,0,0,0,456,0,110081,0,0,0,1341,0,0,0,0,0,0,0,0,0
0,2,0,14,0,0,0,0,0,0,0,0,78,78,0,0,0,0,457,0,111111,0,0,0,1669,0,0,0,0,0,0,0,0,0
0,2,0,64,0,0,0,0,0,0,0,0,78,78,0,0,0,0,458,0,111462,0,0,0,1381,0,0,0,0,0,0,0,0,0
0,2,0,94,0,0,0,0,0,0,0,0,78,78,0,0,0,0,459,0,111473,0,0,0,1245,0,0,0,0,0,0,0,0,0
0,2,0,34,0,0,0,0,0,0,0,0,78,78,0,0,0,0,460,0,111527,0,0,0,1504,0,0,0,0,0,0,0,0,0
8,1,24,3,9,14,73,0,0,0,0,0,80,80,10,12212,10,7,461,22,191,8,3,0,38,0,1,0,0,0,3,5,3,66
14,2,34,1,17,14,60,0,0,0,0,1,80,80,0,2022,0,8,462,22,209,0,6,0,46,0,1,0,0,0,3,2,2,66
18,3,17,7,15,15,66,0,0,0,0,0,80,80,3,12220,3,4,463,22,252,3,5,0,31,0,5,0,2,0,4,2,2,56
9,4,22,5,10,15,40,0,0,0,0,0,80,80,8,202,8,8,464,22,254,10,1,0,34,0,2,0,0,0,4,6,1,36
8,5,22,2,14,11,80,0,0,0,0,0,80,80,0,20222,10,9,465,22,256,10,5,0,46,0,1,0,0,0,3,3,1,83
17,6,15,9,7,27,33,0,0,0,0,0,80,80,3,12001,3,3,466,22,1787,5,2,0,21,0,4,0,1,0,7,2,4,20
13,10,13,8,11,18,33,0,0,0,0,0,80,80,3,11020,3,4,467,22,2017,3,2,0,26,0,3,0,2,0,5,4,4,33
13,11,10,12,10,22,40,0,0,0,0,0,80,80,5,21011,4,1,468,22,15009,4,2,0,16,0,5,0,1,0,7,2,5,23
12,9,6,10,14,19,13,0,0,0,0,0,80,80,5,11000,5,1,469,22,15040,3,3,0,19,0,4,0,2,0,7,1,6,23
11,12,18,6,12,18,60,0,0,0,0,0,80,80,8,222,8,7,470,22,110720,8,3,0,33,0,4,0,0,0,5,3,0,63
14,7,20,4,24,16,46,0,0,0,0,0,80,80,10,21200,10,5,471,22,111822,10,6,0,36,0,4,0,2,0,4,1,2,63
20,13,13,11,14,25,6,0,0,0,0,0,80,351,5,10000,5,1,472,22,113616,5,2,0,16,0,6,0,2,0,6,3,4,33
0,12,0,1,0,0,0,0,0,0,0,0,83,83,0,0,0,0,473,0,980,0,0,0,0,0,0,0,2,0,0,0,0,0
0,8,0,11,0,0,0,0,0,0,0,0,83,83,0,0,0,0,474,0,982,0,0,0,0,0,0,0,2,0,0,0,0,0
0,1,0,10,0,0,0,0,0,0,0,1,83,83,0,0,0,0,475,0,1473,0,0,0,0,0,0,0,0,0,0,0,0,0
0,3,0,12,0,0,0,0,0,0,0,0,83,83,0,0,0,0,476,0,1474,0,0,0,0,0,0,0,1,0,0,0,0,0
0,2,0,4,0,0,0,0,0,0,0,0,83,83,0,0,0,0,477,0,1477,0,0,0,0,0,0,0,2,0,0,0,0,0
0,5,0,2,0,0,0,0,0,0,0,0,83,83,0,0,0,0,478,0,1478,0,0,0,0,0,0,0,0,0,0,0,0,0
0,11,0,9,0,0,0,0,0,0,0,0,83,83,0,0,0,0,479,0,2055,0,0,0,0,0,0,0,2,0,0,0,0,0
0,9,0,3,0,0,0,0,0,0,0,0,83,83,0,0,0,0,480,0,2056,0,0,0,0,0,0,0,0,0,0,0,0,0
0,4,0,12,0,0,0,0,0,0,0,0,83,83,0,0,0,0,481,0,110765,0,0,0,0,0,0,0,2,0,0,0,0,0
0,6,0,8,0,0,0,0,0,0,0,0,83,83,0,0,0,0,482,0,112115,0,0,0,0,0,0,0,0,0,0,0,0,0
0,11,0,6,0,0,0,0,0,0,0,0,83,83,0,0,0,0,483,0,112258,0,0,0,0,0,0,0,0,0,0,0,0,0
0,7,0,7,0,0,0,0,0,0,0,0,83,83,0,0,0,0,484,0,112558,0,0,0,0,0,0,0,1,0,0,0,0,0
0,2,0,2,0,0,0,0,0,0,0,0,111,111,0,0,0,0,485,0,111,0,0,0,0,0,0,0,0,0,0,0,0,0
0,2,0,2,0,0,0,0,0,0,0,0,111,111,0,0,0,0,486,0,112,0,0,0,0,0,0,0,0,0,0,0,0,0
0,2,0,2,0,0,0,0,0,0,0,0,111,111,0,0,0,0,487,0,131397,0,0,0,0,0,0,0,0,0,0,0,0,0
0,2,0,2,0,0,0,0,0,0,0,0,111,111,0,0,0,0,488,0,131398,0,0,0,0,0,0,0,0,0,0,0,0,0
0,2,0,2,0,0,0,0,0,0,0,0,111,111,0,0,0,0,489,0,131399,0,0,0,0,0,0,0,0,0,0,0,0,0
0,2,0,2,0,0,0,0,0,0,0,0,111,111,0,0,0,0,490,0,131400,0,0,0,0,0,0,0,0,0,0,0,0,0
0,2,0,2,0,0,0,0,0,0,0,0,111,111,0,0,0,0,491,0,131401,0,0,0,0,0,0,0,0,0,0,0,0,0
0,2,0,2,0,0,0,0,0,0,0,0,111,111,0,0,0,0,492,0,131402,0,0,0,0,0,0,0,0,0,0,0,0,0
0,2,0,2,0,0,0,0,0,0,0,0,111,111,0,0,0,0,493,0,131403,0,0,0,0,0,0,0,0,0,0,0,0,0
0,2,0,2,0,0,0,0,0,0,0,0,111,111,0,0,0,0,494,0,131404,0,0,0,0,0,0,0,0,0,0,0,0,0
0,2,0,2,0,0,0,0,0,0,0,0,111,111,0,0,0,0,495,0,131405,0,0,0,0,0,0,0,0,0,0,0,0,0
0,2,0,2,0,0,0,0,0,0,0,0,111,111,0,0,0,0,496,0,131406,0,0,0,0,0,0,0,0,0,0,0,0,0
0,2,0,2,0,0,0,0,0,0,0,0,111,111,0,0,0,0,497,0,131821,0,0,0,0,0,0,0,0,0,0,0,0,0
0,2,0,2,0,0,0,0,0,0,0,0,111,111,0,0,0,0,498,0,131822,0,0,0,0,0,0,0,0,0,0,0,0,0
0,2,0,2,0,0,0,0,0,0,0,0,111,111,0,0,0,0,499,0,131823,0,0,0,0,0,0,0,0,0,0,0,0,0
0,2,0,2,0,0,0,0,0,0,0,0,111,111,0,0,0,0,500,0,131824,0,0,0,0,0,0,0,0,0,0,0,0,0
0,2,0,2,0,0,0,0,0,0,0,0,111,111,0,0,0,0,501,0,131825,0,0,0,0,0,0,0,0,0,0,0,0,0
0,2,0,2,0,0,0,0,0,0,0,0,111,111,0,0,0,0,502,0,131914,0,0,0,0,0,0,0,0,0,0,0,0,0
0,2,0,2,0,0,0,0,0,0,0,0,111,111,0,0,0,0,503,0,132169,0,0,0,0,0,0,0,0,0,0,0,0,0
0,2,0,2,0,0,0,0,0,0,0,0,111,111,0,0,0,0,504,0,132170,0,0,0,0,0,0,0,0,0,0,0,0,0
0,2,0,2,0,0,0,0,0,0,0,0,111,111,0,0,0,0,505,0,132319,0,0,0,0,0,0,0,0,0,0,0,0,0
0,2,0,2,0,0,0,0,0,0,0,0,111,111,0,0,0,0,506,0,132320,0,0,0,0,0,0,0,0,0,0,0,0,0
0,2,0,2,0,0,0,0,0,0,0,0,111,111,0,0,0,0,507,0,132398,0,0,0,0,0,0,0,0,0,0,0,0,0
0,2,0,2,0,0,0,0,0,0,0,0,111,111,0,0,0,0,508,0,132399,0,0,0,0,0,0,0,0,0,0,0,0,0
0,2,0,2,0,0,0,0,0,0,0,0,111,111,0,0,0,0,509,0,132482,0,0,0,0,0,0,0,0,0,0,0,0,0
0,2,0,2,0,0,0,0,0,0,0,0,111,111,0,0,0,0,510,0,132483,0,0,0,0,0,0,0,0,0,0,0,0,0
24,7,21,10,14,22,40,0,0,0,0,0,189,189,4,220,4,3,511,33,322,4,4,0,33,0,6,0,2,0,8,4,8,36
22,2,28,2,24,21,46,0,0,0,0,0,189,189,10,20012,10,8,512,33,324,0,7,0,55,0,3,0,0,0,5,5,5,63
25,8,21,8,23,23,33,0,0,0,0,0,189,189,3,21100,5,6,513,33,894,3,7,0,47,0,6,0,2,0,6,3,5,46
14,5,34,1,38,18,100,0,0,0,0,0,189,189,0,22222,0,11,514,33,896,10,7,0,61,0,4,0,0,0,4,5,2,70
18,4,31,4,30,33,46,0,0,0,0,0,189,189,8,21020,8,9,515,33,897,10,5,0,51,0,3,0,2,0,7,5,4,40
17,6,28,7,18,26,53,0,0,0,0,0,189,189,3,1212,3,8,516,33,898,5,4,0,47,0,2,0,0,0,8,5,6,40
16,1,35,3,14,26,66,0,0,0,0,1,189,189,10,22102,10,11,517,33,900,8,4,0,53,0,2,0,0,0,8,4,4,63
21,10,17,11,16,36,13,0,0,0,0,0,189,189,4,10100,4,6,518,33,1704,4,2,0,33,0,7,0,2,0,9,6,3,40
25,9,17,12,15,36,66,0,0,0,0,0,189,189,4,2122,4,6,519,33,1713,4,2,0,30,0,8,0,0,0,11,4,2,53
19,11,32,6,20,25,46,0,0,0,0,0,189,189,3,1202,3,10,520,33,1862,3,3,0,47,0,5,0,0,0,7,6,2,40
24,3,30,5,18,23,26,0,0,0,0,0,189,189,3,2010,3,9,521,33,10032,3,5,0,49,0,4,0,2,0,8,3,4,33
19,7,27,9,14,32,13,0,0,0,0,0,189,189,5,10010,5,6,522,33,110770,5,3,0,36,0,3,0,2,0,12,2,7,30
11,1,45,2,29,14,86,0,0,0,0,0,308,308,0,22212,10,13,523,30,234,0,10,0,72,0,1,0,0,0,3,2,1,93
10,2,33,4,24,16,80,0,0,0,0,0,308,308,0,22022,10,11,524,30,236,10,8,0,62,0,1,0,0,0,5,2,3,66
12,4,36,1,42,13,86,0,0,0,0,1,308,308,0,22122,0,12,525,30,237,10,10,0,72,0,1,0,0,0,1,4,2,73
21,17,7,18,13,20,26,0,0,0,0,0,308,308,3,120,4,2,526,30,489,4,2,0,21,0,11,0,2,0,6,7,2,20
23,18,16,15,6,20,20,0,0,0,0,0,308,308,3,200,5,4,527,30,718,5,2,0,26,0,7,0,2,0,9,4,4,30
23,12,22,11,11,25,26,0,0,0,0,0,308,308,8,21,3,5,528,30,744,3,3,0,33,0,3,0,1,0,10,2,7,30
13,18,14,6,15,16,46,0,0,0,0,0,308,308,8,22001,8,8,529,30,1438,8,6,0,47,0,5,0,1,0,6,3,2,40
17,6,25,5,16,15,66,0,0,0,0,0,308,308,8,21220,8,8,530,30,1887,8,4,0,48,0,2,0,2,0,4,7,5,63
18,13,16,14,14,25,40,0,0,0,0,0,308,308,8,2002,3,4,531,30,1888,3,3,0,29,0,7,0,0,0,8,4,4,23
22,19,19,13,8,19,40,0,0,0,0,0,308,308,8,20020,3,7,532,30,1891,3,2,0,32,0,6,0,2,0,10,3,2,43
17,3,31,3,20,8,86,0,0,0,0,0,308,308,0,22122,10,9,533,30,1896,10,10,0,63,0,3,0,0,0,2,3,3,76
24,9,7,17,13,23,40,0,0,0,0,0,308,308,3,202,4,1,534,30,1898,4,4,0,21,0,11,0,0,0,8,3,3,30
18,16,19,10,16,26,46,0,0,0,0,0,308,308,8,21200,3,6,535,30,1900,3,3,0,35,0,3,0,2,0,10,2,6,40
21,14,18,9,20,27,26,0,0,0,0,0,308,308,8,10200,3,6,536,30,10020,3,4,0,39,0,5,0,2,0,6,5,4,40
18,5,12,12,18,27,33,0,0,0,0,0,308,308,8,10012,3,4,537,30,112513,3,4,0,33,0,6,0,0,0,7,4,5,36
10,8,17,7,22,23,60,0,0,0,0,0,308,308,8,2220,8,6,538,30,112809,8,5,0,43,0,3,0,2,0,6,4,6,63
15,10,19,8,16,23,33,0,0,0,0,0,308,308,8,2101,8,7,539,30,114510,8,4,0,41,0,4,0,1,0,7,4,4,36
21,20,12,16,11,28,6,0,0,0,0,0,308,308,3,1,5,3,540,30,131463,5,1,0,24,0,6,0,1,0,8,6,6,20
12,4,28,3,17,16,66,0,0,0,0,0,330,330,10,22120,10,9,541,30,308,10,5,0,52,0,1,0,2,0,5,5,5,66
10,5,22,6,13,16,53,0,0,0,0,0,330,330,8,12210,8,8,542,30,310,8,3,0,46,0,1,0,2,0,5,7,6,60
11,16,21,5,20,15,46,0,0,0,0,0,330,330,8,10022,8,8,543,30,100757,8,5,0,51,0,2,0,0,0,3,7,5,53
13,2,23,1,20,11,86,0,0,0,0,0,330,330,0,22212,0,8,544,30,100761,0,7,0,56,0,2,0,0,0,2,6,5,73
16,15,12,12,12,16,26,0,0,0,0,0,330,330,5,10020,5,3,545,30,110072,5,4,0,32,0,5,0,2,0,7,4,7,26
19,1,18,10,11,19,46,0,0,0,0,1,330,330,3,22001,3,6,546,30,110075,3,2,0,35,0,5,0,1,0,6,7,4,40
8,9,16,9,13,21,26,0,0,0,0,0,330,330,3,10002,3,6,547,30,110078,3,3,0,40,0,2,0,0,0,6,6,7,40
20,13,16,11,12,15,26,0,0,0,0,0,330,330,3,2010,3,3,548,30,110750,3,5,0,34,0,6,0,2,0,6,4,6,40
16,10,28,4,15,11,53,0,0,0,0,0,330,330,10,12201,8,9,549,30,110751,8,5,0,52,0,3,0,1,0,3,7,3,53
17,11,17,14,9,20,53,0,0,0,0,0,330,330,5,10122,5,4,550,30,110752,5,3,0,31,0,4,0,0,0,9,3,7,43
17,14,16,13,13,29,60,0,0,0,0,0,330,330,5,11122,5,6,551,30,110815,5,2,0,31,0,6,0,0,0,9,4,3,30
10,6,18,7,20,25,26,0,0,0,0,0,330,330,3,210,3,7,552,30,113378,3,4,0,41,0,4,0,2,0,7,4,4,40
13,12,18,8,16,27,66,0,0,0,0,0,330,330,3,12202,3,7,553,30,114147,3,4,0,41,0,2,0,0,0,9,2,6,53
20,3,35,2,21,12,73,0,0,0,0,0,330,330,10,21212,10,9,554,30,114385,10,5,0,54,0,3,0,0,0,1,9,3,73
15,17,12,16,13,36,6,0,0,0,0,0,330,330,4,10,4,4,555,30,114549,4,1,0,20,0,8,0,2,0,12,2,3,13
21,18,15,15,13,26,6,0,0,0,0,0,330,330,4,100,4,3,556,30,131459,4,4,0,26,0,8,0,2,0,10,1,4,13
17,3,48,2,31,17,53,0,0,0,0,1,350,350,0,20121,9,11,557,29,605,9,8,0,62,0,2,0,1,0,3,3,2,50
15,1,43,1,23,15,66,0,0,0,0,0,350,350,0,21202,0,14,558,29,607,0,7,0,68,0,0,1,0,0,3,4,1,63
15,4,31,6,23,18,73,0,0,0,0,0,350,350,9,22211,8,9,559,29,111674,8,6,0,51,0,4,0,1,0,4,4,2,63
24,7,13,7,24,17,33,0,0,0,0,0,350,350,8,1120,3,4,560,29,112096,3,7,0,40,0,9,0,2,0,2,6,1,50
14,2,29,3,33,19,80,0,0,0,0,0,350,350,0,22202,9,8,561,29,112139,9,10,0,60,0,2,0,0,0,3,2,4,63
15,15,36,4,24,14,66,0,0,0,0,0,350,350,0,1222,8,9,562,29,112387,8,9,0,58,0,2,0,0,0,5,1,3,66
19,6,19,13,16,32,66,0,0,0,0,0,350,350,3,2122,5,5,563,28,112390,5,3,0,29,0,6,0,0,0,9,2,3,63
9,19,20,5,21,16,33,0,0,0,0,0,350,350,0,10102,8,10,564,28,112391,8,7,0,55,0,2,0,0,0,5,2,2,56
23,10,12,18,21,27,20,0,0,0,0,0,350,350,3,2,4,2,565,28,112392,4,4,0,21,0,10,0,0,0,9,1,2,23
15,5,17,8,13,12,46,0,0,0,0,0,350,350,8,20210,3,5,566,28,112393,3,5,0,38,0,4,0,2,0,6,3,5,46
34,13,22,15,14,26,60,0,0,0,0,0,350,350,3,20220,4,3,567,29,112408,4,4,0,26,0,9,0,2,0,8,2,3,43
25,20,11,16,11,32,0,0,0,0,0,0,350,350,3,0,4,5,568,28,112675,4,3,0,26,0,9,0,2,0,9,2,0,40
21,14,16,10,17,25,26,0,0,0,0,0,350,350,8,10200,3,4,569,28,112883,3,5,0,33,0,7,0,2,0,6,3,3,20
12,18,11,9,17,26,26,0,0,0,0,0,350,350,8,20100,3,5,570,28,113037,3,4,0,34,0,4,0,2,0,8,3,4,20
17,11,9,14,12,22,46,0,0,0,0,0,350,350,3,2120,5,3,571,28,113057,5,3,0,29,0,5,0,2,0,6,5,6,43
20,17,13,17,14,21,53,0,0,0,0,0,350,350,3,2211,4,2,572,28,113060,4,4,0,25,0,8,0,1,0,7,3,4,33
23,8,20,11,15,23,46,0,0,0,0,0,350,350,3,21020,3,5,573,29,113217,3,3,0,31,0,6,0,2,0,8,3,4,26
26,21,20,12,15,28,20,0,0,0,0,0,350,350,3,20000,3,6,574,28,131735,3,3,0,31,0,6,0,2,0,9,2,2,40
27,3,27,7,26,28,26,0,0,0,0,0,351,351,14,21,11,4,575,25,111393,13,6,0,37,0,4,0,1,0,4,2,5,20
26,8,11,12,18,24,26,0,0,0,0,0,351,351,5,21,5,1,576,24,111395,0,2,0,15,0,9,0,1,0,6,4,2,33
25,2,12,10,16,24,33,0,0,0,0,1,351,351,11,12001,5,2,577,25,111396,5,3,0,26,0,5,0,1,0,4,6,5,23
15,11,25,5,16,19,60,0,0,0,0,0,351,351,15,20220,13,7,578,24,111397,14,4,0,39,0,2,0,2,0,5,3,3,56
21,10,22,9,20,21,26,0,0,0,0,0,351,351,11,1020,11,3,579,24,111398,11,5,0,29,0,6,0,2,0,5,2,3,56
29,9,11,13,9,26,0,0,0,0,0,0,351,351,0,0,0,2,580,24,111399,5,1,0,14,0,9,0,0,0,7,3,2,0
25,5,36,6,16,15,53,0,0,0,0,0,351,351,14,10212,13,6,581,24,111400,11,4,0,37,0,4,0,0,0,3,4,3,53
15,6,11,11,16,25,33,0,0,0,0,0,351,351,11,11200,5,2,582,24,111766,5,4,0,24,0,5,0,2,0,7,1,5,20
10,1,15,2,21,14,66,0,0,0,0,0,351,351,16,2221,15,7,583,24,112224,14,6,0,44,0,3,0,1,0,3,4,1,66
23,4,31,4,23,16,60,0,0,0,0,0,351,351,15,21121,14,6,584,24,112427,13,5,0,40,0,5,0,1,0,1,5,2,73
12,7,18,3,32,23,60,0,0,0,0,0,351,351,15,22200,14,5,585,24,114023,15,7,0,41,0,3,0,2,0,4,2,3,56
20,12,20,8,28,20,53,0,0,0,0,0,351,351,13,2121,11,2,586,24,114604,11,7,0,33,0,5,0,1,0,4,2,4,40
14,13,25,1,21,9,60,0,0,0,0,0,351,351,16,12112,16,7,587,24,131739,16,7,0,50,0,1,0,0,0,1,4,4,66
6,2,9,6,4,2,60,0,0,0,0,0,353,1003,0,11221,8,4,588,14,1013,8,3,0,26,0,1,0,1,0,1,3,2,60
5,2,8,8,7,2,46,0,0,0,0,1,353,1003,0,11112,8,4,589,14,1876,8,2,0,25,0,1,0,0,1,0,5,2,56
2,2,14,1,8,6,80,0,0,0,0,0,353,1014,0,20222,0,7,590,14,1877,0,3,0,32,0,0,1,0,0,2,1,1,90
5,2,10,12,8,10,13,0,0,0,0,0,353,1003,0,10010,3,4,591,14,101083,3,1,0,20,0,1,0,2,0,3,4,1,40
7,2,6,23,2,10,13,0,0,0,0,0,353,1014,9,1010,5,2,592,14,101084,5,1,0,13,0,2,0,2,0,5,1,3,33
5,2,13,9,10,10,80,0,0,0,0,0,353,1014,0,20222,3,4,593,14,101085,3,3,0,22,0,2,0,0,0,4,1,0,43
7,26,1,27,4,11,40,0,0,0,0,0,353,353,9,20002,4,1,594,14,101088,4,2,0,11,0,5,0,0,0,4,1,1,33
2,14,16,4,7,7,73,0,0,0,0,0,353,353,0,21212,9,6,595,13,110093,9,2,0,28,0,0,1,0,0,1,3,1,63
5,2,8,17,4,5,46,0,0,0,0,0,353,1014,0,21111,3,2,596,14,110395,3,1,0,17,0,1,0,1,0,2,4,4,36
4,2,4,18,6,10,60,0,0,0,0,0,353,1014,9,12211,3,2,597,14,110396,3,2,0,16,0,3,0,1,0,3,2,2,43
5,24,6,26,4,11,20,0,0,0,0,0,353,353,9,1011,5,1,598,14,110404,5,1,0,11,0,2,0,1,0,5,1,4,13
4,2,13,3,7,4,73,0,0,0,0,0,353,1003,0,21212,9,6,599,14,110580,9,2,0,29,0,0,1,0,0,1,5,0,63
2,28,10,21,3,16,40,0,0,0,0,0,353,353,9,2020,3,4,600,14,110953,3,0,0,14,0,1,0,2,0,7,1,1,26
4,2,12,2,7,4,53,0,0,0,0,0,353,1014,0,1212,9,5,601,14,111019,9,3,0,29,0,1,0,0,1,0,3,2,63
8,29,9,10,6,6,53,0,0,0,0,0,353,353,0,2112,3,3,602,14,111020,3,2,0,21,0,1,0,0,0,2,3,3,43
9,2,8,19,3,12,40,0,0,0,0,0,353,1014,0,11201,3,2,603,14,111022,3,1,0,15,0,2,0,1,0,3,3,3,43
5,15,2,20,5,10,20,0,0,0,0,0,353,353,9,10110,3,0,604,14,111706,3,2,0,14,0,1,0,2,0,3,2,6,40
10,5,10,28,4,10,20,0,0,0,0,0,353,353,9,20,4,2,605,13,111708,4,1,0,10,0,4,0,2,0,5,1,0,23
5,2,5,15,10,12,13,0,0,0,0,0,353,1014,0,11,3,2,606,14,111710,3,3,0,19,0,2,0,1,0,3,2,2,40
4,2,11,5,8,5,60,0,0,0,0,0,353,1014,0,21121,9,4,607,14,111711,9,3,0,27,0,0,1,1,0,1,3,3,73
4,2,7,7,10,7,26,0,0,0,0,0,353,1014,0,2001,8,4,608,14,111715,8,4,0,25,0,2,0,1,0,3,0,1,63
5,22,7,22,2,9,33,0,0,0,0,0,353,353,9,211,3,3,609,14,111716,3,0,0,13,0,2,0,1,0,5,1,3,40
8,2,6,24,3,3,40,0,0,0,0,0,353,1003,9,11210,5,1,610,14,112670,5,1,0,13,0,4,0,2,0,1,5,2,33
4,19,5,14,6,5,66,0,0,0,0,0,353,353,0,22012,3,2,611,14,112689,3,3,0,20,0,1,0,0,0,3,1,4,43
5,21,5,25,4,12,40,0,0,0,0,0,353,353,9,11120,5,1,612,14,112713,5,1,0,13,0,1,0,2,0,4,2,5,36
6,16,11,16,8,11,26,0,0,0,0,0,353,353,0,21000,3,4,613,14,112965,3,1,0,18,0,2,0,2,0,4,1,2,30
9,17,11,13,6,8,46,0,0,0,0,0,353,353,0,12020,3,4,614,14,113044,3,1,0,20,0,2,0,2,0,2,4,1,43
1,30,2,11,8,6,53,0,0,0,0,0,353,353,0,12201,3,1,615,14,115472,3,3,0,20,0,0,1,1,0,2,2,6,40
0,2,0,2,0,0,0,0,0,0,0,0,382,382,0,0,0,0,616,0,111592,0,0,0,0,0,0,0,0,0,0,0,0,0
0,2,0,2,0,0,0,0,0,0,0,0,382,382,0,0,0,0,617,0,131368,0,0,0,0,0,0,0,0,0,0,0,0,0
0,2,0,2,0,0,0,0,0,0,0,0,382,382,0,0,0,0,618,0,131680,0,0,0,0,0,0,0,0,0,0,0,0,0
0,2,0,2,0,0,0,0,0,0,0,0,383,383,0,0,0,0,619,0,112428,0,0,0,0,0,0,0,0,0,0,0,0,0
0,2,0,2,0,0,0,0,0,0,0,0,383,383,0,0,0,0,620,0,115486,0,0,0,0,0,0,0,0,0,0,0,0,0
0,2,0,2,0,0,0,0,0,0,0,0,1003,1003,0,0,0,0,621,0,383,0,0,0,0,0,0,0,0,0,0,0,0,0
0,2,0,2,0,0,0,0,0,0,0,0,1003,1003,0,0,0,0,622,0,517,0,0,0,0,0,0,0,0,0,0,0,0,0
0,2,0,2,0,0,0,0,0,0,0,0,1003,1003,0,0,0,0,623,0,598,0,0,0,0,0,0,0,0,0,0,0,0,0
0,2,0,2,0,0,0,0,0,0,0,0,1003,1003,0,0,0,0,624,0,1043,0,0,0,0,0,0,0,0,0,0,0,0,0
0,2,0,2,0,0,0,0,0,0,0,0,1003,1003,0,0,0,0,625,0,1048,0,0,0,0,0,0,0,0,0,0,0,0,0
0,2,0,2,0,0,0,0,0,0,0,0,1003,1003,0,0,0,0,626,0,1598,0,0,0,0,0,0,0,0,0,0,0,0,0
0,2,0,2,0,0,0,0,0,0,0,0,1003,1003,0,0,0,0,627,0,15029,0,0,0,0,0,0,0,0,0,0,0,0,0
0,2,0,2,0,0,0,0,0,0,0,0,1003,1003,0,0,0,0,628,0,101100,0,0,0,0,0,0,0,0,0,0,0,0,0
0,2,0,2,0,0,0,0,0,0,0,0,1003,1003,0,0,0,0,629,0,101108,0,0,0,0,0,0,0,0,0,0,0,0,0
0,2,0,2,0,0,0,0,0,0,0,0,1003,1003,0,0,0,0,630,0,101110,0,0,0,0,0,0,0,0,0,0,0,0,0
0,2,0,2,0,0,0,0,0,0,0,0,1003,1003,0,0,0,0,631,0,110968,0,0,0,0,0,0,0,0,0,0,0,0,0
0,2,0,2,0,0,0,0,0,0,0,0,1003,1003,0,0,0,0,632,0,110980,0,0,0,0,0,0,0,0,0,0,0,0,0
0,2,0,2,0,0,0,0,0,0,0,0,1003,1003,0,0,0,0,633,0,110981,0,0,0,0,0,0,0,0,0,0,0,0,0
0,2,0,2,0,0,0,0,0,0,0,0,1003,1003,0,0,0,0,634,0,110986,0,0,0,0,0,0,0,0,0,0,0,0,0
0,2,0,2,0,0,0,0,0,0,0,0,1003,1003,0,0,0,0,635,0,110990,0,0,0,0,0,0,0,0,0,0,0,0,0
0,2,0,2,0,0,0,0,0,0,0,0,1003,1003,0,0,0,0,636,0,110991,0,0,0,0,0,0,0,0,0,0,0,0,0
0,2,0,2,0,0,0,0,0,0,0,0,1003,1003,0,0,0,0,637,0,111008,0,0,0,0,0,0,0,0,0,0,0,0,0
0,2,0,2,0,0,0,0,0,0,0,0,1003,1003,0,0,0,0,638,0,111010,0,0,0,0,0,0,0,0,0,0,0,0,0
0,2,0,2,0,0,0,0,0,0,0,0,1003,1003,0,0,0,0,639,0,111013,0,0,0,0,0,0,0,0,0,0,0,0,0
0,2,0,2,0,0,0,0,0,0,0,0,1003,1003,0,0,0,0,640,0,111014,0,0,0,0,0,0,0,0,0,0,0,0,0
0,2,0,2,0,0,0,0,0,0,0,0,1003,1003,0,0,0,0,641,0,111052,0,0,0,0,0,0,0,0,0,0,0,0,0
0,2,0,2,0,0,0,0,0,0,0,0,1003,1003,0,0,0,0,642,0,111325,0,0,0,0,0,0,0,0,0,0,0,0,0
0,2,0,2,0,0,0,0,0,0,0,0,1003,1003,0,0,0,0,643,0,112716,0,0,0,0,0,0,0,0,0,0,0,0,0
0,2,0,2,0,0,0,0,0,0,0,0,1003,1003,0,0,0,0,644,0,112908,0,0,0,0,0,0,0,0,0,0,0,0,0
0,2,0,2,0,0,0,0,0,0,0,0,1003,1003,0,0,0,0,645,0,112992,0,0,0,0,0,0,0,0,0,0,0,0,0
0,2,0,2,0,0,0,0,0,0,0,0,1003,1003,0,0,0,0,646,0,131795,0,0,0,0,0,0,0,0,0,0,0,0,0
0,2,0,2,0,0,0,0,0,0,0,0,1014,1014,0,0,0,0,647,0,567,0,0,0,0,0,0,0,0,0,0,0,0,0
0,2,0,2,0,0,0,0,0,0,0,0,1014,1014,0,0,0,0,648,0,568,0,0,0,0,0,0,0,0,0,0,0,0,0
0,2,0,2,0,0,0,0,0,0,0,0,1014,1014,0,0,0,0,649,0,569,0,0,0,0,0,0,0,0,0,0,0,0,0
0,2,0,2,0,0,0,0,0,0,0,1,1014,1014,0,0,0,0,650,0,1035,0,0,0,0,0,0,0,0,0,0,0,0,0
0,2,0,2,0,0,0,0,0,0,0,0,1014,1014,0,0,0,0,651,0,1041,0,0,0,0,0,0,0,0,0,0,0,0,0
0,2,0,2,0,0,0,0,0,0,0,0,1014,1014,0,0,0,0,652,0,1629,0,0,0,0,0,0,0,0,0,0,0,0,0
0,2,0,2,0,0,0,0,0,0,0,0,1014,1014,0,0,0,0,653,0,1719,0,0,0,0,0,0,0,0,0,0,0,0,0
0,2,0,2,0,0,0,0,0,0,0,0,1014,1014,0,0,0,0,654,0,101099,0,0,0,0,0,0,0,0,0,0,0,0,0
0,2,0,2,0,0,0,0,0,0,0,0,1014,1014,0,0,0,0,655,0,101106,0,0,0,0,0,0,0,0,0,0,0,0,0
0,2,0,2,0,0,0,0,0,0,0,0,1014,1014,0,0,0,0,656,0,110977,0,0,0,0,0,0,0,0,0,0,0,0,0
0,2,0,2,0,0,0,0,0,0,0,0,1014,1014,0,0,0,0,657,0,110989,0,0,0,0,0,0,0,0,0,0,0,0,0
0,2,0,2,0,0,0,0,0,0,0,0,1014,1014,0,0,0,0,658,0,111006,0,0,0,0,0,0,0,0,0,0,0,0,0
0,2,0,2,0,0,0,0,0,0,0,0,1014,1014,0,0,0,0,659,0,111011,0,0,0,0,0,0,0,0,0,0,0,0,0
0,2,0,2,0,0,0,0,0,0,0,0,1014,1014,0,0,0,0,660,0,111328,0,0,0,0,0,0,0,0,0,0,0,0,0
0,2,0,2,0,0,0,0,0,0,0,0,1014,1014,0,0,0,0,661,0,111329,0,0,0,0,0,0,0,0,0,0,0,0,0
0,2,0,2,0,0,0,0,0,0,0,0,1014,1014,0,0,0,0,662,0,111334,0,0,0,0,0,0,0,0,0,0,0,0,0
0,2,0,2,0,0,0,0,0,0,0,0,1014,1014,0,0,0,0,663,0,112531,0,0,0,0,0,0,0,0,0,0,0,0,0
0,2,0,2,0,0,0,0,0,0,0,0,1014,1014,0,0,0,0,664,0,112615,0,0,0,0,0,0,0,0,0,0,0,0,0
0,2,0,2,0,0,0,0,0,0,0,0,1014,1014,0,0,0,0,665,0,112667,0,0,0,0,0,0,0,0,0,0,0,0,0
0,2,0,2,0,0,0,0,0,0,0,0,1014,1014,0,0,0,0,666,0,112868,0,0,0,0,0,0,0,0,0,0,0,0,0
0,2,0,2,0,0,0,0,0,0,0,0,1014,1014,0,0,0,0,667,0,114581,0,0,0,0,0,0,0,0,0,0,0,0,0
0,2,0,2,0,0,0,0,0,0,0,0,1014,1014,0,0,0,0,668,0,114598,0,0,0,0,0,0,0,0,0,0,0,0,0
0,2,0,2,0,0,0,0,0,0,0,0,1014,1014,0,0,0,0,669,0,114611,0,0,0,0,0,0,0,0,0,0,0,0,0
0,2,0,2,0,0,0,0,0,0,0,0,1014,1014,0,0,0,0,670,0,114615,0,0,0,0,0,0,0,0,0,0,0,0,0
0,2,0,2,0,0,0,0,0,0,0,0,1014,1014,0,0,0,0,671,0,115536,0,0,0,0,0,0,0,0,0,0,0,0,0
0,2,0,2,0,0,0,0,0,0,0,0,1014,1014,0,0,0,0,672,0,132375,0,0,0,0,0,0,0,0,0,0,0,0,0
0,10,0,2,0,0,0,0,0,0,0,0,2012,2012,0,0,0,0,673,0,110955,0,0,0,0,0,0,0,0,0,0,0,0,0
0,2,0,5,0,0,0,0,0,0,0,0,2012,2012,0,0,0,0,674,0,111724,0,0,0,0,0,0,0,0,0,0,0,0,0
0,7,0,4,0,0,0,0,0,0,0,0,2012,2012,0,0,0,0,675,0,111768,0,0,0,0,0,0,0,1,0,0,0,0,0
0,13,0,9,0,0,0,0,0,0,0,0,2012,2012,0,0,0,0,676,0,111769,0,0,0,0,0,0,0,1,0,0,0,0,0
0,8,0,6,0,0,0,0,0,0,0,0,2012,2012,0,0,0,0,677,0,111774,0,0,0,0,0,0,0,2,0,0,0,0,0
0,6,0,8,0,0,0,0,0,0,0,0,2012,2012,0,0,0,0,678,0,111779,0,0,0,0,0,0,0,1,0,0,0,0,0
0,3,0,7,0,0,0,0,0,0,0,0,2012,2012,0,0,0,0,679,0,112163,0,0,0,0,0,0,0,1,0,0,0,0,0
0,4,0,1,0,0,0,0,0,0,0,1,2012,2012,0,0,0,0,680,0,112540,0,0,0,0,0,0,0,0,0,0,0,0,0
0,16,0,16,0,0,0,0,0,0,0,0,2012,2012,0,0,0,0,681,0,112979,0,0,0,0,0,0,0,2,0,0,0,0,0
0,12,0,13,0,0,0,0,0,0,0,0,2012,2012,0,0,0,0,682,0,112985,0,0,0,0,0,0,0,2,0,0,0,0,0
0,9,0,15,0,0,0,0,0,0,0,0,2012,2012,0,0,0,0,683,0,114628,0,0,0,0,0,0,0,2,0,0,0,0,0
0,5,0,3,0,0,0,0,0,0,0,0,2012,2012,0,0,0,0,684,0,116360,0,0,0,0,0,0,0,2,0,0,0,0,0
0,1,0,11,0,0,0,0,0,0,0,0,2012,2012,0,0,0,0,685,0,116361,0,0,0,0,0,0,0,2,0,0,0,0,0
0,15,0,12,0,0,0,0,0,0,0,0,2012,2012,0,0,0,0,686,0,131173,0,0,0,0,0,0,0,0,0,0,0,0,0
0,15,0,14,0,0,0,0,0,0,0,0,2012,2012,0,0,0,0,687,0,131487,0,0,0,0,0,0,0,0,0,0,0,0,0
0,15,0,10,0,0,0,0,0,0,0,0,2012,2012,0,0,0,0,688,0,131488,0,0,0,0,0,0,0,0,0,0,0,0,0
0,2,0,2,0,0,0,0,0,0,0,0,2028,2028,0,0,0,0,689,0,112264,0,0,0,0,0,0,0,0,0,0,0,0,0
13,13,31,6,15,28,46,0,0,0,0,0,2076,20,6,10220,8,10,690,33,27,3,5,0,51,0,2,0,2,0,10,1,5,53
26,8,26,7,27,28,80,0,0,0,0,0,2076,2076,6,2222,3,7,691,34,33,3,8,0,51,0,7,0,0,0,6,3,3,73
19,16,34,2,23,15,86,0,0,0,0,0,2076,2076,6,12222,6,10,692,34,159,7,8,0,62,0,3,0,0,0,5,4,4,83
17,20,34,3,23,27,40,0,0,0,0,0,2076,2076,6,20002,7,10,693,34,162,6,7,0,58,0,3,0,0,0,7,3,4,33
24,19,20,20,18,40,26,0,0,0,0,0,2076,2076,4,210,4,3,694,33,172,4,1,0,23,0,6,0,2,0,12,4,7,26
21,3,19,13,24,27,66,0,0,0,0,0,2076,20,8,21022,3,7,695,34,487,3,5,0,45,0,6,0,0,0,7,5,4,56
25,4,22,11,28,28,33,0,0,0,0,0,2076,20,7,1012,3,7,696,34,492,3,5,0,46,0,6,0,0,0,6,6,4,40
18,6,34,1,31,19,66,0,0,0,0,0,2076,2076,6,22102,6,9,697,34,503,6,9,0,63,0,2,0,0,0,5,3,6,60
23,14,25,12,22,33,40,0,0,0,0,0,2076,2076,7,2002,3,9,698,34,506,3,5,0,46,0,5,0,0,0,11,1,3,50
17,5,27,4,21,22,40,0,0,0,0,0,2076,2076,6,11210,8,9,699,34,523,8,6,0,56,0,4,0,2,0,4,7,4,50
22,15,30,10,18,26,80,0,0,0,0,0,2076,2076,7,2222,3,8,700,34,526,3,6,0,49,0,4,0,0,0,9,2,5,73
13,21,18,14,19,25,46,0,0,0,0,0,2076,2076,8,20120,3,6,701,34,1826,3,4,0,44,0,3,0,2,0,7,6,8,46
33,18,28,18,17,25,0,0,0,0,0,0,2076,2076,3,0,4,6,702,34,110178,4,2,0,32,0,9,0,2,0,9,6,2,3
22,10,21,9,28,26,46,0,0,0,0,0,2076,2076,6,22001,3,6,703,34,110501,8,7,0,50,0,4,0,1,0,6,4,7,46
20,7,25,16,13,22,20,0,0,0,0,0,2076,2076,8,11001,5,7,704,34,110532,5,2,0,39,0,5,0,1,0,8,7,5,43
21,9,31,8,20,25,40,0,0,0,0,0,2076,2076,6,2200,3,10,705,34,110645,3,5,0,50,0,6,0,2,0,8,4,1,36
21,13,27,15,23,28,53,0,0,0,0,0,2076,2076,8,11220,5,7,706,34,110676,5,4,0,43,0,5,0,2,0,8,5,5,36
37,22,23,19,22,30,26,0,0,0,0,0,2076,2076,5,10111,4,4,707,34,110683,4,3,0,30,0,9,0,1,0,9,5,4,26
25,23,29,17,16,32,33,0,0,0,0,0,2076,2076,8,20011,4,9,708,34,110697,4,1,0,39,0,6,0,1,0,9,7,2,46
24,11,33,5,33,31,40,0,0,0,0,0,2076,2076,6,21110,8,9,709,34,111239,8,4,0,51,0,2,0,2,0,7,6,6,40
0,2,0,2,0,0,0,0,0,0,0,0,2092,2092,0,0,0,0,710,0,114019,0,0,0,0,0,0,0,0,0,0,0,0,0
0,2,0,7,0,0,0,0,0,0,0,0,2136,2136,0,0,0,0,711,0,113000,0,0,0,1986,0,0,0,0,0,0,0,0,0
0,2,0,4,0,0,0,0,0,0,0,0,2136,2136,0,0,0,0,712,0,113002,0,0,0,2008,0,0,0,0,0,0,0,0,0
0,2,0,11,0,0,0,0,0,0,0,0,2136,2136,0,0,0,0,713,0,113003,0,0,0,1921,0,0,0,0,0,0,0,0,0
0,2,0,3,0,0,0,0,0,0,0,0,2136,2136,0,0,0,0,714,0,113004,0,0,0,2014,0,0,0,0,0,0,0,0,0
0,2,0,15,0,0,0,0,0,0,0,0,2136,2136,0,0,0,0,715,0,113007,0,0,0,1850,0,0,0,0,0,0,0,0,0
0,2,0,6,0,0,0,0,0,0,0,0,2136,2136,0,0,0,0,716,0,113008,0,0,0,1992,0,0,0,0,0,0,0,0,0
0,2,0,1,0,0,0,0,0,0,0,0,2136,2136,0,0,0,0,717,0,113009,0,0,0,2069,0,0,0,0,0,0,0,0,0
0,2,0,29,0,0,0,0,0,0,0,0,2136,2136,0,0,0,0,718,0,113010,0,0,0,1683,0,0,0,0,0,0,0,0,0
0,2,0,10,0,0,0,0,0,0,0,0,2136,2136,0,0,0,0,719,0,113011,0,0,0,1931,0,0,0,0,0,0,0,0,0
0,2,0,2,0,0,0,0,0,0,0,0,2136,2136,0,0,0,0,720,0,113012,0,0,0,2020,0,0,0,0,0,0,0,0,0
0,2,0,24,0,0,0,0,0,0,0,0,2136,2136,0,0,0,0,721,0,113984,0,0,0,1731,0,0,0,0,0,0,0,0,0
0,2,0,33,0,0,0,0,0,0,0,0,2136,2136,0,0,0,0,722,0,113996,0,0,0,1659,0,0,0,0,0,0,0,0,0
0,2,0,22,0,0,0,0,0,0,0,0,2136,2136,0,0,0,0,723,0,115682,0,0,0,1773,0,0,0,0,0,0,0,0,0
0,2,0,13,0,0,0,0,0,0,0,0,2136,2136,0,0,0,0,724,0,116428,0,0,0,1867,0,0,0,0,0,0,0,0,0
0,2,0,25,0,0,0,0,0,0,0,0,2136,2136,0,0,0,0,725,0,131124,0,0,0,1723,0,0,0,0,0,0,0,0,0
17,9,16,9,11,16,66,0,0,0,0,0,2149,2149,11,22210,11,5,731,24,111629,11,3,0,28,0,5,0,2,0,7,2,2,46
24,13,8,13,4,19,0,0,0,0,0,0,2149,2149,0,0,0,0,732,24,111633,0,2,0,13,0,8,0,1,0,7,3,4,0
15,7,21,4,25,14,60,0,0,0,0,0,2149,2149,14,2022,14,4,733,24,113040,14,6,0,38,0,4,0,0,0,2,4,4,53
6,1,26,1,21,10,86,0,0,0,0,1,2149,2149,16,22212,16,11,734,24,113146,16,6,0,56,0,0,1,0,0,2,4,1,80
18,4,21,7,23,19,53,0,0,0,0,0,2149,2149,11,12012,11,4,735,24,113257,13,4,0,33,0,2,0,0,0,5,3,6,43
21,6,16,11,18,18,60,0,0,0,0,0,2149,2149,5,22002,5,3,736,24,113297,5,4,0,27,0,5,0,0,0,6,2,4,40
11,3,22,2,21,16,80,0,0,0,0,0,2149,2149,15,22220,15,8,737,24,113298,15,6,0,48,0,2,0,2,0,2,4,2,73
15,5,16,8,17,22,33,0,0,0,0,0,2149,2149,11,121,11,5,738,24,113299,11,3,0,29,0,5,0,1,0,6,3,2,50
17,2,13,6,16,11,33,0,0,0,0,0,2149,2149,13,1102,13,4,739,24,113300,11,5,0,36,0,4,0,0,0,2,5,4,43
24,12,12,12,10,23,13,0,0,0,0,0,2149,2149,5,1001,5,2,740,24,113301,5,2,0,18,0,5,0,1,0,9,1,5,33
12,10,22,3,18,19,66,0,0,0,0,0,2149,2149,14,22210,14,7,741,24,113302,14,4,0,38,0,3,0,2,0,5,3,2,36
18,11,22,5,15,25,26,0,0,0,0,0,2149,2149,14,2100,13,8,742,24,114168,13,4,0,38,0,3,0,2,0,7,1,1,36
18,8,17,10,17,20,26,0,0,0,0,0,2149,2149,11,21,5,5,743,24,115202,5,3,0,28,0,6,0,1,0,6,3,1,30
5,1,26,1,23,7,100,0,0,0,0,1,2215,2215,0,22222,0,8,744,19,115995,0,8,0,50,0,0,1,0,0,1,1,1,100
8,5,21,4,12,9,46,0,0,0,0,0,2215,2215,10,2201,8,6,745,19,115996,8,5,0,37,0,1,0,1,0,3,1,3,56
7,3,36,3,23,14,40,0,0,0,0,0,2215,2215,0,2020,10,8,746,19,115997,10,5,0,41,0,2,0,2,0,2,2,0,70
7,2,35,2,13,9,66,0,0,0,0,0,2215,2215,0,22021,10,8,747,19,115998,10,5,0,42,0,0,1,1,0,3,2,1,66
13,4,22,6,21,12,80,0,0,0,0,0,2215,2215,10,20222,3,6,748,19,115999,3,5,0,33,0,4,0,0,0,4,0,0,70
27,1,1,12,3,35,0,0,1,0,0,0,2215,2215,5,0,4,0,749,19,116000,4,0,0,1,0,8,0,2,0,10,0,1,0
14,7,8,9,10,13,40,0,0,0,0,0,2215,2215,5,20200,5,2,750,19,116001,5,2,0,16,0,6,0,2,0,5,2,2,26
12,6,18,5,12,14,73,0,0,0,0,0,2215,2215,10,22211,8,5,751,19,116002,8,5,0,34,0,2,0,1,0,3,1,3,56
20,9,5,11,7,26,6,0,0,0,0,0,2215,2215,5,1,4,0,752,19,116003,4,1,0,8,0,7,0,1,0,6,3,2,20
19,8,8,8,14,15,40,0,0,0,0,0,2215,2215,8,2002,3,3,753,19,116004,3,5,0,26,0,5,0,0,0,4,1,1,40
17,2,4,10,3,18,46,0,0,0,0,0,2215,2215,5,122,5,1,754,19,116005,5,1,0,10,0,7,0,0,0,6,2,2,23
8,11,14,7,16,26,33,0,0,0,0,0,2215,2215,8,20110,3,5,755,19,116021,3,3,0,27,0,3,0,2,0,5,2,1,36
8,3,35,2,19,6,100,0,0,0,0,0,2216,2216,0,22222,10,7,756,19,116009,10,7,0,45,0,1,0,0,0,1,1,2,90
8,1,21,1,28,5,73,0,0,0,1,1,2216,2216,0,21221,0,8,757,18,116010,0,7,0,48,0,0,1,1,1,0,2,1,80
15,9,14,9,9,25,6,0,0,0,0,0,2216,2216,8,10,3,4,758,19,116011,3,1,0,18,0,6,0,2,0,5,3,0,26
2,2,21,3,15,7,66,0,0,0,0,0,2216,2216,0,20221,10,7,759,19,116012,10,6,0,43,0,0,1,1,0,2,2,2,83
13,11,19,6,8,21,26,0,0,0,0,0,2216,2216,8,12000,3,4,760,19,116013,3,2,0,22,0,2,0,2,0,7,0,4,20
12,8,15,7,10,21,40,0,0,0,0,0,2216,2216,8,1211,3,5,761,19,116014,3,0,0,20,0,2,0,1,0,7,2,3,40
18,5,11,11,10,21,40,0,0,0,0,0,2216,2216,8,22,5,2,762,19,116015,5,2,0,16,0,5,0,0,0,6,2,2,33
13,6,13,8,6,15,46,0,0,0,0,0,2216,2216,8,20201,3,4,763,19,116016,3,1,0,20,0,3,0,1,0,6,3,2,46
12,4,24,4,17,12,53,0,0,0,0,0,2216,2216,10,21021,8,6,764,19,116017,8,5,0,36,0,3,0,1,0,2,2,1,46
10,10,11,10,4,22,26,0,0,0,0,0,2216,2216,8,210,5,4,765,19,116020,5,0,0,16,0,3,0,2,0,8,2,2,36
12,7,10,5,10,20,60,0,0,0,0,0,2216,2216,8,22002,8,3,766,19,116343,8,4,0,24,0,4,0,0,0,5,1,2,50
22,12,6,12,9,25,20,0,0,0,0,0,2216,2216,3,200,4,1,767,18,131725,4,1,0,9,0,7,0,2,0,6,2,1,13
4,1,50,1,38,3,86,0,0,0,1,1,2218,2218,0,22221,0,9,768,20,116033,0,9,0,56,0,0,1,1,1,0,1,1,93
5,2,35,2,19,7,86,0,0,0,0,0,2218,2218,10,21222,10,8,769,20,116034,10,7,0,48,0,1,0,0,0,1,2,1,76
6,3,33,3,21,7,40,0,0,0,0,0,2218,2218,10,11201,10,7,770,20,116035,10,5,0,42,0,0,1,1,0,2,3,3,70
13,4,24,5,15,11,66,0,0,0,0,0,2218,2218,8,21202,8,5,771,20,116036,8,4,0,33,0,2,0,0,0,3,3,3,63
11,5,15,6,17,24,66,0,0,0,0,0,2218,2218,8,22120,3,5,772,20,116037,3,4,0,29,0,4,0,2,0,5,1,1,43
11,10,21,4,13,13,66,0,0,0,0,0,2218,2218,10,1222,8,7,773,20,116039,8,5,0,39,0,2,0,0,0,3,2,1,63
21,6,6,11,16,26,6,0,0,0,0,0,2218,2218,5,10,4,0,774,20,116040,4,3,0,12,0,8,0,2,0,6,1,2,20
38,9,9,12,3,44,20,0,0,0,0,0,2218,2218,4,2,4,2,775,20,116042,4,0,0,6,0,8,0,0,0,10,0,0,10
21,11,9,9,4,37,0,0,0,0,0,0,2218,2218,3,0,5,3,776,20,116044,5,2,0,16,0,6,0,2,0,8,0,1,3
15,8,8,8,12,23,53,0,0,0,0,0,2218,2218,3,22011,3,2,777,20,116416,3,3,0,20,0,6,0,1,0,4,3,2,53
10,12,7,7,10,17,20,0,0,0,0,0,2218,2218,3,11100,3,1,778,20,116417,3,4,0,23,0,3,0,2,0,4,2,6,30
18,13,14,10,5,19,33,0,0,0,0,0,2218,2218,5,1021,5,2,779,20,131724,5,0,0,13,0,6,0,1,0,5,5,2,23
0,1,0,6,0,0,0,0,0,0,0,0,2221,2221,0,0,0,0,780,0,116300,0,0,0,0,0,0,0,2,0,0,0,0,0
0,2,0,13,0,0,0,0,0,0,0,0,2221,2221,0,0,0,0,781,0,116302,0,0,0,0,0,0,0,0,0,0,0,0,0
0,7,0,5,0,0,0,0,0,0,0,0,2221,2221,0,0,0,0,782,0,116303,0,0,0,0,0,0,0,2,0,0,0,0,0
0,11,0,3,0,0,0,0,0,0,0,0,2221,2221,0,0,0,0,783,0,116304,0,0,0,0,0,0,0,0,0,0,0,0,0
0,6,0,14,0,0,0,0,0,0,0,0,2221,2221,0,0,0,0,784,0,116305,0,0,0,0,0,0,0,2,0,0,0,0,0
0,4,0,12,0,0,0,0,0,0,0,0,2221,2221,0,0,0,0,785,0,116306,0,0,0,0,0,0,0,2,0,0,0,0,0
0,10,0,1,0,0,0,0,0,0,0,0,2221,2221,0,0,0,0,786,0,116307,0,0,0,0,0,0,0,0,0,0,0,0,0
0,9,0,4,0,0,0,0,0,0,0,0,2221,2221,0,0,0,0,787,0,116308,0,0,0,0,0,0,0,2,0,0,0,0,0
0,5,0,2,0,0,0,0,0,0,0,0,2221,2221,0,0,0,0,788,0,116309,0,0,0,0,0,0,0,0,0,0,0,0,0
0,12,0,9,0,0,0,0,0,0,0,1,2221,2221,0,0,0,0,789,0,116310,0,0,0,0,0,0,0,0,0,0,0,0,0
0,8,0,10,0,0,0,0,0,0,0,0,2221,2221,0,0,0,0,790,0,116311,0,0,0,0,0,0,0,2,0,0,0,0,0
0,3,0,11,0,0,0,0,0,0,0,0,2221,2221,0,0,0,0,791,0,116312,0,0,0,0,0,0,0,0,0,0,0,0,0
0,13,0,7,0,0,0,0,0,0,0,0,2221,2221,0,0,0,0,792,0,131477,0,0,0,0,0,0,0,0,0,0,0,0,0
0,14,0,8,0,0,0,0,0,0,0,0,2221,2221,0,0,0,0,793,0,131478,0,0,0,0,0,0,0,2,0,0,0,0,0
13,1,61,1,46,3,80,0,0,0,0,1,2222,2222,0,20222,0,11,794,26,116325,0,13,0,72,0,2,0,0,1,0,0,0,80
13,2,35,2,40,8,86,0,0,0,0,0,2222,2222,0,12222,10,9,795,26,116326,10,13,0,68,0,2,0,0,1,0,0,2,93
8,5,21,3,18,13,66,0,0,0,0,0,2222,2222,10,12202,10,8,796,26,116327,10,5,0,48,0,2,0,0,0,2,6,3,63
13,9,15,4,22,12,46,0,0,0,0,0,2222,2222,10,2201,8,6,797,26,116328,8,8,0,45,0,6,0,1,0,3,2,1,53
23,11,12,15,9,26,20,0,0,0,0,0,2222,2222,3,20,4,3,798,26,116330,4,3,0,22,0,8,0,2,0,8,2,2,23
22,15,9,8,11,13,66,0,0,0,0,0,2222,2222,8,22201,3,3,799,26,116331,3,6,0,34,0,6,0,1,0,4,3,4,56
16,7,25,6,8,16,26,0,0,0,0,0,2222,2222,8,1200,8,6,800,26,116332,8,3,0,35,0,3,0,2,0,6,4,4,40
20,4,13,12,14,21,60,0,0,0,0,0,2222,2222,8,20022,3,2,801,26,116333,5,5,0,26,0,8,0,0,0,6,2,3,53
22,6,18,10,11,28,46,0,0,0,0,0,2222,2222,8,20201,3,7,802,26,116334,3,1,0,29,0,4,0,1,0,9,3,2,36
20,3,18,7,14,17,6,0,0,0,0,0,2222,2222,8,1,3,5,803,26,116336,3,5,0,35,0,5,0,1,0,6,2,3,10
22,8,16,9,11,20,46,0,0,0,0,0,2222,2222,8,20120,3,6,804,26,116337,3,3,0,31,0,7,0,2,0,6,4,0,36
23,13,9,16,8,21,46,0,0,0,0,0,2222,2222,3,22010,4,1,805,26,116339,4,2,0,15,0,9,0,2,0,8,3,3,30
10,10,9,14,12,26,6,0,0,0,0,0,2222,2222,8,100,5,4,806,26,131125,5,1,0,24,0,4,0,2,0,8,4,5,20
12,16,19,5,18,25,60,0,0,0,0,0,2222,2222,10,2022,8,7,807,26,131391,8,6,0,42,0,4,0,0,0,6,1,2,63
14,17,9,13,13,23,33,0,0,0,0,0,2222,2222,8,11020,5,3,808,26,131720,3,3,0,26,0,5,0,2,0,7,3,5,36
14,18,12,11,10,29,53,0,0,0,0,0,2222,2222,8,12012,3,5,809,26,131733,3,1,0,28,0,3,0,0,0,7,5,5,33
0,2,0,2,0,0,0,0,0,0,0,0,2226,2226,0,0,0,0,810,0,116280,0,0,0,0,0,0,0,0,0,0,0,0,0
0,3,0,1,0,0,0,0,0,0,0,0,2226,2226,0,0,0,0,811,0,116282,0,0,0,0,0,0,0,0,0,0,0,0,0
0,1,0,2,0,0,0,0,0,0,0,0,2226,2226,0,0,0,0,812,0,131358,0,0,0,0,0,0,0,0,0,0,0,0,0
0,1,0,2,0,0,0,0,0,0,0,0,2226,2226,0,0,0,0,813,0,131359,0,0,0,0,0,0,0,0,0,0,0,0,0
0,1,0,2,0,0,0,0,0,0,0,0,2226,2226,0,0,0,0,814,0,131360,0,0,0,0,0,0,0,0,0,0,0,0,0
0,1,0,2,0,0,0,0,0,0,0,0,2226,2226,0,0,0,0,815,0,131361,0,0,0,0,0,0,0,0,0,0,0,0,0
0,1,0,2,0,0,0,0,0,0,0,0,2226,2226,0,0,0,0,816,0,131362,0,0,0,0,0,0,0,0,0,0,0,0,0
0,1,0,2,0,0,0,0,0,0,0,0,2226,2226,0,0,0,0,817,0,131363,0,0,0,0,0,0,0,0,0,0,0,0,0
0,2,0,2,0,0,0,0,0,0,0,0,2240,2240,0,0,0,0,819,0,114046,0,0,0,0,0,0,0,0,0,0,0,0,0
0,2,0,2,0,0,0,0,0,0,0,0,2240,2240,0,0,0,0,820,0,131524,0,0,0,0,0,0,0,0,0,0,0,0,0
0,2,0,2,0,0,0,0,0,0,0,0,2240,2240,0,0,0,0,821,0,131527,0,0,0,0,0,0,0,0,0,0,0,0,0
