firstname,surname,eyebrowcode,skintypecode,haircolorcode,facialhairtypecode,hairtypecode,lipcolor,cardstrictness,shoecolorcode2,skinsurfacepack,headtypecode,foulstrictness,height,leagueid,shoetypecode,birthdate,skinmakeup,socklengthcode,weight,eyedetail,gender,headassetid,faceposerpreset,eyecolorcode,jerseysleevelengthcode,headclasscode,sideburnscode,isreal,headvariation,skintonecode,shortstyle,smallsidedshoetypecode,refereeid,nationalitycode,skincomplexion,shoedesigncode,shoecolorcode1,hairstylecode,bodytypecode,facialhaircolorcode
Oliver,Mackey,60201,0,27,0,220,0,1,31,232001,17,1,182,60,315,150194,0,4,75,2,0,27082,4,2,0,0,0,0,0,2,0,500,73469,14,1,0,30,0,1,27
Ross,Martin,60201,0,19,254,672,0,1,31,232001,3500,1,180,60,315,150194,0,4,75,2,0,27072,4,3,0,0,0,0,0,3,0,500,73472,14,1,0,30,0,2,6
David,McNamara,60201,0,23,253,636,0,1,31,232001,2007,1,177,60,315,145080,0,4,80,2,0,27073,3,3,0,0,0,0,0,3,0,500,73473,14,1,0,30,0,3,22
Matthew,McQuillan,60201,0,3,251,186,0,1,31,232001,48,1,177,60,315,146907,0,4,75,2,0,27074,3,2,0,0,0,0,0,3,0,500,73474,14,1,0,30,0,2,3
Andrew,Miller,2150301,0,5,0,150,0,1,31,232001,52,1,184,60,315,146357,0,4,80,2,0,27067,0,2,0,0,0,0,0,3,0,500,73475,14,1,0,30,0,2,5
Stuart,Morland,60201,0,21,243,0,0,1,31,232001,20,1,180,60,315,147362,0,4,75,2,0,27099,0,5,0,0,0,0,0,2,0,500,73476,14,1,0,30,0,2,21
John,Mulligan,60201,0,5,0,660,0,1,31,232001,17,1,174,60,315,144350,0,4,70,2,0,27071,0,2,0,0,0,0,0,2,0,500,73478,14,1,0,30,0,2,5
Jamie,O'Connor,2150301,0,5,287,243,0,1,31,253101,49,1,184,60,315,143374,0,4,77,2,0,27071,0,2,0,0,0,0,0,2,0,500,73479,14,1,0,30,0,1,5
Stephen,Parkinson,60201,0,18,287,693,0,1,31,232001,33,1,181,60,315,148792,0,4,78,2,0,27081,0,4,0,0,0,0,0,5,0,500,73481,14,1,0,30,0,2,18
Adrian,Quelch,70000,0,5,287,297,0,1,31,232001,4021,1,175,60,315,147453,0,4,80,2,0,27072,4,3,0,0,0,0,0,3,0,500,73482,14,2,0,30,0,3,5
Garreth,Rhodes,60201,0,3,287,681,0,1,31,253101,3516,1,176,60,315,143679,0,4,77,2,0,27078,4,5,0,0,0,0,0,1,0,500,73484,14,2,0,30,0,2,3
Ruebyn,Ricardo,60201,0,0,16,240,0,1,31,232001,1528,1,178,60,315,149645,0,4,72,2,0,27073,3,3,0,0,0,0,0,3,0,500,73486,14,4,0,30,0,1,0
Greg,Rollason,60201,0,3,253,284,0,1,31,232001,2006,1,178,60,315,146279,0,4,75,2,0,27036,4,10,0,0,0,0,0,2,0,500,73489,14,1,0,30,0,2,3
Matthew,Russell,60201,0,2,0,138,0,1,31,223101,3,1,185,60,315,150479,0,4,71,2,0,27082,4,2,0,0,0,0,0,2,0,500,73492,14,1,0,30,0,4,2
Lewis,Smith,60201,0,3,0,243,0,1,31,232001,47,1,183,60,315,149715,0,4,76,2,0,27036,4,10,0,0,0,0,0,2,0,500,73493,14,1,0,30,0,2,3
Callum,Walchester,60201,0,3,0,114,0,1,31,232001,2014,1,180,60,315,149569,0,4,76,2,0,27084,0,7,0,0,0,0,0,3,0,500,73497,14,1,0,30,0,2,3
James,Westgate,60201,0,6,0,681,0,1,31,232001,2020,1,187,60,315,149821,0,4,78,2,0,27074,3,2,0,0,0,0,0,3,0,500,73499,14,1,0,30,0,5,6
Ben,Wyatt,60201,0,0,0,190,0,1,31,223101,4021,1,176,60,315,149150,0,4,75,2,0,27093,0,4,0,0,0,0,0,3,0,500,73500,14,2,0,30,0,2,0
Cheryl,Foster,70102,0,12,0,583,0,1,31,132101,5514,1,168,2216,315,145357,1,4,60,2,1,40954,3,8,0,0,0,0,0,2,0,500,73514,50,2,0,30,0,8,12
Aji,Ajibola,60201,0,0,37,241,0,1,31,240201,1024,1,172,60,315,146732,0,4,73,2,0,27076,3,9,0,0,0,0,0,9,0,500,73520,14,8,0,30,0,3,0
Richard,Aspinall,70000,0,20,0,0,0,1,31,232001,58,1,172,60,315,146269,0,4,70,2,0,27110,0,7,0,0,0,0,0,2,0,500,73522,14,2,0,30,0,2,20
Dale,Baines,70000,0,0,0,152,0,1,31,223101,2520,1,170,60,315,150239,0,4,69,2,0,27071,0,2,0,0,0,0,0,2,0,500,73523,14,2,0,30,0,7,0
James,Bancroft,60201,0,12,260,221,0,1,31,223101,2021,1,175,60,315,150640,0,4,73,2,0,27078,4,5,0,0,0,0,0,1,0,500,73525,14,1,0,30,0,1,12
Michael,Barlow,70000,0,13,287,184,0,1,31,223101,3516,1,172,60,315,149411,0,4,71,2,0,27071,0,2,0,0,0,0,0,2,0,500,73526,14,2,0,30,0,2,12
Elliot,Bell,70000,0,5,0,122,0,1,31,223101,2020,1,174,60,315,148758,0,4,73,2,0,27071,0,2,0,0,0,0,0,2,0,500,73527,14,2,0,30,0,2,19
Alex,Chilowicz,60201,0,0,0,29,0,1,31,232001,34,1,170,60,315,147707,0,4,73,2,0,27112,0,5,0,0,0,0,0,2,0,500,73528,95,2,0,30,0,8,0
Paul,Cooper,70000,0,15,0,0,0,1,31,232001,2020,1,175,60,315,145717,0,4,73,2,0,27099,0,5,0,0,0,0,0,2,0,500,73530,14,1,0,30,0,1,15
Steven,Copeland,60201,0,5,0,297,0,1,31,232001,2027,1,170,60,315,146158,0,4,71,2,0,27112,0,5,0,0,0,0,0,2,0,500,73531,14,1,0,30,0,8,9
Michael,Crusham,60201,0,0,259,135,0,1,31,232001,3507,1,172,60,315,146605,0,4,71,2,0,27036,4,10,0,0,0,0,0,2,0,500,73532,14,1,0,30,0,2,0
Alan,Dale,70000,0,19,0,75,0,1,31,223101,4008,1,172,60,315,148768,0,4,71,2,0,27085,4,4,0,0,0,0,0,3,0,500,73534,14,1,0,30,0,2,6
William,Davis,70000,0,6,0,77,0,1,31,223101,29,1,172,60,315,151213,0,4,71,2,0,27071,0,2,0,0,0,0,0,2,0,500,73535,14,2,0,30,0,2,6
James,Durkin,60201,0,12,287,1065,0,1,31,232001,47,1,172,60,315,145679,0,4,76,2,0,27071,0,2,0,0,0,0,0,2,0,500,73536,14,2,0,30,0,2,19
Richard,Eley,70000,0,3,0,175,0,1,31,223101,41,1,174,60,315,150316,0,4,73,2,0,27036,4,10,0,0,0,0,0,2,0,500,73537,14,1,0,30,0,2,20
Aaron,Farmer,60201,0,20,259,445,0,1,31,223101,34,1,173,60,315,149997,0,4,71,2,0,27078,4,5,0,0,0,0,0,1,0,500,73538,14,2,0,30,0,2,3
Andrew,Humphries,60201,0,4,243,221,0,1,31,232001,57,1,180,60,315,150030,0,4,79,2,0,27082,4,2,0,0,0,0,0,2,0,500,73553,14,1,0,30,0,2,4
Aaron,Jackson,60201,0,3,246,660,0,1,31,232001,4019,1,183,60,315,147770,0,4,79,2,0,27051,0,3,0,0,0,0,0,4,0,500,73557,14,1,0,30,0,2,3
Paul,Johnson,60201,0,2,287,681,0,1,31,232001,47,1,178,60,315,146358,0,4,75,2,0,27112,0,5,0,0,0,0,0,2,0,500,73559,14,1,0,30,0,2,2
Zac,Kennard-Kettle,70000,0,17,0,101,0,1,31,223101,4021,1,180,60,315,150770,0,4,75,2,0,27071,0,2,0,0,0,0,0,2,0,500,73560,14,1,0,30,0,2,5
Paul,Marsden,2150301,0,23,0,37,0,1,31,232001,34,1,179,60,315,144822,0,4,75,2,0,27084,0,7,0,0,0,0,0,3,0,500,73591,14,2,0,30,0,2,23
Dong-Kyoo,Choi,2150301,0,0,0,92,0,0,31,232001,500,2,165,83,315,143941,0,4,68,2,0,27113,4,3,0,0,0,0,0,4,0,500,176705,167,4,0,30,0,9,0
Benoît,Taillade,2150301,0,0,0,149,0,2,31,251101,2007,1,191,16,315,142284,0,4,78,2,0,27109,0,3,0,0,0,0,0,3,0,500,181722,18,4,0,30,0,4,0
Gökberk,Topaloğlu,2150301,0,0,0,16,0,1,31,251101,28,1,172,68,315,146185,0,4,61,2,0,27073,3,3,0,0,0,0,0,3,0,500,181902,48,4,0,30,0,1,0
Gustavo,Apollonio,2150301,0,0,287,29,0,0,31,253101,2001,2,173,31,315,146855,0,4,72,2,0,27074,3,2,0,0,0,0,0,3,0,500,182165,27,2,0,30,0,2,0
Loïc,Dacquigny,2150301,0,9,0,155,0,1,31,253101,4002,2,180,17,315,140357,0,4,74,2,0,27067,0,2,0,0,0,0,0,3,0,500,182553,18,1,0,30,0,2,3
Manuel Rui,Barbosa,60201,0,0,0,97,0,1,31,244101,1521,1,175,2092,315,140357,0,4,65,2,0,27070,3,9,0,0,0,0,0,7,0,500,182561,54,6,0,30,0,1,0
Ingvar,Tollefsen,2150301,0,6,0,104,0,1,31,232001,2507,1,186,41,315,141361,0,4,77,2,0,27099,0,5,0,0,0,0,0,2,0,500,182693,36,3,0,30,0,5,6
Mehmet,Yıldıraz,60201,0,0,0,150,0,1,31,251101,3,1,166,76,315,147532,0,4,73,2,0,27109,0,3,0,0,0,0,0,3,0,500,182737,48,4,0,30,0,9,0
Rainier,Vannier,60201,0,0,287,16,0,1,31,232001,4001,0,173,16,315,144545,0,4,63,2,0,27092,3,5,0,0,0,0,0,2,0,500,182753,18,2,0,30,0,1,0
Sung-Kwan,Cho,60201,0,0,0,59,0,1,31,221001,505,1,176,83,315,144075,0,4,69,1,0,27075,4,9,0,0,0,0,0,4,0,500,182754,167,4,0,30,0,2,0
Leonardo,San Milano,60201,0,3,0,100,0,2,31,251101,1,1,176,31,315,144471,0,4,65,2,0,27080,0,4,0,0,0,0,0,4,0,500,182777,27,4,0,30,0,1,0
Valente,Larrazábal,60201,0,0,287,21,0,2,31,232001,4003,1,178,53,315,140099,0,4,69,2,0,27080,0,4,0,0,0,0,0,4,0,500,182817,45,3,0,30,0,1,0
Pim,Ploegmakers,60201,0,9,243,0,0,1,31,232001,1517,2,166,10,315,145396,0,4,75,2,0,27099,0,5,0,0,0,0,0,2,0,500,183061,34,2,0,30,0,9,3
Pedro,Orteguilla,60201,0,9,0,291,0,2,31,232001,3507,1,172,53,315,146600,0,4,70,2,0,27092,3,5,0,0,0,0,0,2,0,500,183074,45,3,0,30,0,2,3
Lasse,Lagerroth,60201,0,1,0,75,0,1,31,232001,4000,1,178,56,315,146600,0,4,82,2,0,27082,4,2,0,0,0,0,0,2,0,500,183077,46,1,0,30,0,3,1
Hyun-Soon,Han,1170502,0,0,0,553,0,1,31,221001,517,1,175,83,315,146600,0,4,66,1,0,27030,4,9,0,0,0,0,0,3,0,500,183079,167,4,0,30,0,3,0
Scott,McBeanie,60201,0,2,0,104,0,1,31,232001,12,1,183,384,315,146600,0,4,75,2,0,183080,0,1,0,1,0,0,0,2,0,500,183080,14,2,0,30,0,2,1
Ireneusz,Iglikowski,70000,0,6,287,65,0,1,31,232001,2006,2,178,66,315,144215,0,4,65,2,0,27078,4,5,0,0,0,0,0,1,0,500,183083,37,1,0,30,0,1,3
Heimo,Wasserschneider,60201,0,3,243,26,0,1,31,253101,22,1,175,2076,315,144585,0,4,77,2,0,27110,0,7,0,0,0,0,0,2,0,500,183089,21,3,0,30,0,3,3
Özgür,Öztürkmek,2150301,0,0,287,101,0,2,31,224001,2511,1,182,68,315,147144,0,4,73,2,0,27051,0,3,0,0,0,0,0,4,0,500,183787,48,5,0,30,0,2,0
Wesley,Vangorten,60201,0,1,0,78,0,1,31,253101,11,0,168,4,315,144727,0,4,60,2,0,27082,4,2,0,0,0,0,0,2,0,500,188439,7,2,0,30,0,7,1
Paweł,Grygorski,60201,0,0,0,84,0,2,31,232001,2510,1,180,66,315,146587,0,4,74,2,0,27084,0,7,0,0,0,0,0,3,0,500,188444,37,1,0,30,0,2,0
Esben,Schjønberg,60201,0,3,0,150,0,0,31,232001,1512,2,172,1,315,146600,0,4,77,2,0,27108,3,6,0,0,0,0,0,2,0,500,188446,13,2,0,30,0,3,3
Jean,Rabault,60201,0,6,0,37,0,0,31,223101,2012,1,183,17,315,146600,0,4,71,2,0,27099,0,5,0,0,0,0,0,2,0,500,188448,18,2,0,30,0,1,6
Fabrice,Madoulet,70000,0,0,0,1,0,2,31,250201,4502,2,177,17,315,146600,0,4,85,2,0,27050,4,9,0,0,0,0,0,9,0,500,188449,18,9,0,30,0,3,0
Dietmar,Schönlebe,60201,0,5,0,277,0,2,31,253101,24,1,180,2076,315,146600,0,4,78,2,0,27067,0,2,0,0,0,0,0,3,0,500,188451,21,2,0,30,0,2,3
Vitor,Secretario,2150301,0,0,0,144,0,1,31,244101,1,2,180,308,315,144877,0,4,70,2,0,27085,4,4,0,0,0,0,0,3,0,500,188452,38,5,0,30,0,2,0
Steffen,Schwurbel,2150301,0,1,0,64,0,2,31,223101,2002,1,179,2076,315,146600,0,4,70,2,0,27078,4,5,0,0,0,0,0,1,0,500,188455,21,1,0,30,0,1,1
Torjus,Løken,60201,0,5,0,102,0,0,31,232001,2,1,185,41,315,146600,0,4,73,2,0,27081,0,4,0,0,0,0,0,5,0,500,188461,36,1,0,30,0,4,6
Njål,Flaten,60201,0,1,0,92,0,1,31,232001,18,2,172,41,315,146600,0,4,75,2,0,27067,0,2,0,0,0,0,0,3,0,500,188462,36,1,0,30,0,3,1
Guilherme,Santoso,60201,0,0,37,37,0,1,31,244101,2505,1,175,308,315,146600,0,4,70,2,0,27080,0,4,0,0,0,0,0,4,0,500,188465,38,5,0,30,0,2,0
Ignacio,Muñiz Villate,60201,0,0,0,65,0,2,31,253101,1505,2,179,54,315,146600,0,4,84,2,0,27073,3,3,0,0,0,0,0,3,0,500,188474,45,3,0,30,0,3,0
Ludvig,Walfridsson,60201,0,6,243,129,0,1,31,223101,20,0,180,56,315,146814,0,4,76,2,0,27112,0,5,0,0,0,0,0,2,0,500,188475,46,1,0,30,0,2,3
Henry,McDillon,60201,0,6,0,75,0,1,31,253101,3505,2,178,65,315,141597,0,4,73,2,0,27083,0,1,0,0,0,0,0,2,0,500,209677,25,2,0,30,0,2,6
Conor,O'Connelly,60201,0,3,0,37,0,1,31,232001,2016,0,177,65,315,142583,0,4,72,2,0,27071,0,2,0,0,0,0,0,2,0,500,209678,25,1,0,30,0,2,0
Sheamus,McArthur,2150301,0,7,0,29,0,2,31,253101,13,1,180,65,315,142920,0,4,78,2,0,27067,0,2,0,0,0,0,0,3,0,500,209679,25,1,0,30,0,2,7
Lutz,Gersthofer,60201,0,2,289,65,0,0,31,253101,2003,1,174,80,315,142288,0,4,75,2,0,27082,4,2,0,0,0,0,0,2,0,500,209684,4,2,0,30,0,3,1
Heribert,Allmaier,60201,0,3,38,92,0,1,31,253101,1501,2,189,80,315,141043,0,4,77,2,0,27067,0,2,0,0,0,0,0,3,0,500,209685,4,2,0,30,0,4,3
Harald,Fimmler,60201,1,7,0,42,0,1,31,223101,2000,0,179,19,315,145614,0,4,77,2,0,27081,0,4,0,0,0,0,0,5,0,500,209686,21,1,0,30,0,2,7
Jascha,Zurheide,60201,0,2,0,155,0,0,31,232001,3500,1,182,19,315,144318,0,4,75,2,0,27112,0,5,0,0,0,0,0,2,0,500,209687,21,1,0,30,0,2,6
Rafael,Ruibal Losada,60201,0,0,38,57,0,0,31,253101,2004,1,181,54,315,145477,0,4,76,2,0,27079,4,9,0,0,0,0,0,5,0,500,209689,45,3,0,30,0,1,0
Ansgar,von Hauenstein,70000,0,9,28,93,0,1,31,253101,37,2,192,19,315,143329,0,4,83,2,0,27074,3,2,0,0,0,0,0,3,0,500,209690,21,2,0,30,0,4,0
Daniel,Soengas Bello,2150301,0,0,39,150,0,1,31,253101,0,2,177,53,315,146212,0,4,82,2,0,27051,0,3,0,0,0,0,0,4,0,500,209692,45,3,0,30,0,3,0
Álvaro,Arias Romera,60201,0,0,289,118,0,1,31,251101,7,1,179,53,315,144890,0,4,76,2,0,27085,4,4,0,0,0,0,0,3,0,500,209693,45,4,0,30,0,2,0
Federico,Ramos Navarro,60201,0,0,287,115,0,1,31,232001,2010,2,172,54,315,145689,0,4,70,2,0,27077,0,4,0,0,0,0,0,4,0,500,209694,45,3,0,30,0,2,0
Dario,Nuessli,2150301,0,0,0,119,0,0,31,253101,528,0,178,189,315,142778,0,4,71,2,0,27051,0,3,0,0,0,0,0,4,0,500,209714,47,2,0,30,0,2,0
Eufemio,Lafranchi,60201,0,3,0,147,0,1,31,232001,1517,0,186,189,315,144050,0,4,76,2,0,27109,0,3,0,0,0,0,0,3,0,500,209716,47,2,0,30,0,4,3
Gwidon,Pietrzykowski,60201,0,3,28,0,0,0,31,253101,0,1,187,66,315,141500,0,4,79,2,0,27112,0,5,0,0,0,0,0,2,0,500,209777,37,1,0,30,0,5,3
Nikodem,Dworaczyk,60201,0,0,287,77,0,1,31,253101,22,1,174,66,315,139435,0,4,80,2,0,27112,0,5,0,0,0,0,0,2,0,500,209778,37,2,0,30,0,3,0
Kasper,Krosby,60201,0,3,287,83,0,1,31,232001,12,2,186,56,315,143466,0,4,83,2,0,27083,0,1,0,0,0,0,0,2,0,500,209788,46,2,0,30,0,5,0
Pontus,Ortendhal,2150301,0,5,289,0,0,0,31,253101,18,1,184,56,315,142602,0,4,70,2,0,27110,0,7,0,0,0,0,0,2,0,500,209790,46,1,0,30,0,1,0
Sven,Solomonsson,1170502,1,1,0,154,0,2,31,223101,6,1,176,56,315,144151,0,4,68,2,0,27067,0,2,0,0,0,0,0,3,0,500,209791,46,1,0,30,0,2,1
Graham,Boverick,60201,0,0,0,104,0,0,31,232001,2027,2,185,351,315,144978,0,4,80,2,0,27092,3,5,0,0,0,0,0,2,0,500,209792,195,2,0,30,0,5,0
Pat,Framlow,2150301,0,3,243,74,0,1,31,232001,3505,1,177,351,315,144763,0,4,73,2,0,27081,0,4,0,0,0,0,0,5,0,500,209793,195,2,0,30,0,2,0
Josh,Brithwell,70000,0,2,287,43,0,2,31,232001,1517,0,178,351,315,142142,0,4,68,2,0,27112,0,5,0,0,0,0,0,2,0,500,209794,195,2,0,30,0,2,6
Buk-Chol,Choi,60201,0,0,0,115,0,1,31,221001,519,1,170,83,315,144100,0,4,72,1,0,27115,3,9,0,0,0,0,0,3,0,500,209808,167,4,0,30,0,8,0
Yoon-Fang,Lee,60201,0,0,0,137,0,0,31,221001,522,0,178,83,315,140217,0,4,71,1,0,27111,4,9,0,0,0,0,0,2,0,500,209809,167,4,0,30,0,1,0
Sébastien,Mittré,60201,0,3,0,115,0,0,31,232001,2010,0,178,16,315,143061,0,4,74,2,0,27080,0,4,0,0,0,0,0,4,0,500,209821,18,2,0,30,0,2,3
Jean-Daniel,Lacagne,60201,0,6,0,65,0,1,31,232001,1511,2,183,17,315,142555,0,4,71,2,0,27081,0,4,0,0,0,0,0,5,0,500,209822,18,2,0,30,0,1,6
Roald,Wikborg,60201,0,0,0,8,0,1,31,232001,2000,0,178,41,315,143353,0,4,66,2,0,27080,0,4,0,0,0,0,0,4,0,500,209847,36,2,0,30,0,1,0
Gavin,Monksfield,60201,0,3,0,138,0,1,31,223101,4001,1,183,65,315,147399,0,4,69,2,0,27082,4,2,0,0,0,0,0,2,0,500,209883,25,1,0,30,0,1,3
Laurits,Tyllesen,60201,0,0,287,75,0,1,31,232001,3501,1,177,1,315,143578,0,4,73,2,0,27081,0,4,0,0,0,0,0,5,0,500,209891,13,1,0,30,0,2,0
Afonso,Masarenhas,2150301,0,0,287,61,0,0,31,244101,2507,1,189,308,315,143199,0,4,83,2,0,27079,4,9,0,0,0,0,0,5,0,500,209897,38,5,0,30,0,5,0
Arcibaldo,Pombal,60201,0,0,0,16,0,1,31,232001,2505,0,179,308,315,144700,0,4,67,2,0,27073,3,3,0,0,0,0,0,3,0,500,209899,38,4,0,30,0,1,0
Baptiste,Alacoque,60201,0,6,289,65,0,1,31,232001,1509,1,191,16,315,143665,0,4,84,2,0,27085,4,4,0,0,0,0,0,3,0,500,209902,18,2,0,30,0,5,6
Philippe,Daboussier,60201,0,3,28,57,0,2,31,223101,2019,1,184,17,315,146020,0,4,72,2,0,27074,3,2,0,0,0,0,0,3,0,500,209904,18,2,0,30,0,1,3
Klemens,Pilegaard,70000,0,2,0,25,0,1,31,253101,25,0,187,1,315,141960,0,4,82,2,0,27110,0,7,0,0,0,0,0,2,0,500,209914,13,2,0,30,0,5,1
Ian,Lowcroft,60201,0,0,286,2,0,0,31,250201,1005,1,185,76,315,143073,0,4,84,2,0,27076,3,9,0,0,0,0,0,9,0,500,209923,14,9,0,30,0,6,0
Grant,Lindum,60201,0,6,287,135,0,2,31,232001,16,1,183,78,315,145037,0,4,79,2,0,27099,0,5,0,0,0,0,0,2,0,500,209926,14,3,0,30,0,2,6
Gianluca,Del Tarano,2150301,0,3,38,119,0,1,31,232001,2027,1,180,31,315,144452,0,4,72,2,0,27092,3,5,0,0,0,0,0,2,0,500,209927,27,3,0,30,0,1,3
Filippo,Giacoletti,2150301,0,3,0,115,0,2,31,232001,1,1,176,31,315,145043,0,4,69,2,0,27072,4,3,0,0,0,0,0,3,0,500,209928,27,3,0,30,0,1,3
Gijsbert,Declerck,60201,0,1,0,119,0,2,31,232001,4,1,185,4,315,142450,0,4,77,2,0,27071,0,2,0,0,0,0,0,2,0,500,209938,7,2,0,30,0,5,1
Jochem,Van Vosselen,70000,1,12,0,102,0,1,31,223101,25,2,175,4,315,141224,0,4,72,2,0,27092,3,5,0,0,0,0,0,2,0,500,209939,7,2,0,30,0,3,7
Siem,Decauwer,2150301,0,0,39,13,0,0,31,223101,529,1,188,4,315,145198,0,4,74,2,0,27085,4,4,0,0,0,0,0,3,0,500,209940,7,2,0,30,0,4,0
Joep,Druppers,2150301,0,3,243,44,0,2,31,232001,1,1,182,10,315,144339,0,4,80,2,0,27083,0,1,0,0,0,0,0,2,0,500,209941,34,2,0,30,0,3,3
Luuk,Hoebacke,2150301,0,6,0,29,0,1,31,232001,2515,0,191,10,315,142161,0,4,85,2,0,27072,4,3,0,0,0,0,0,3,0,500,209942,34,2,0,30,0,5,3
Pim,van Tilburgh,60201,0,0,0,70,0,0,31,244101,508,1,179,10,315,143762,0,4,69,2,0,27074,3,2,0,0,0,0,0,3,0,500,209943,34,5,0,30,0,1,0
Fuad,Al-Rishani,2150301,0,0,28,16,0,1,31,224001,2510,0,174,350,315,140895,0,4,62,2,0,27109,0,3,0,0,0,0,0,3,0,500,209944,183,5,0,30,0,1,0
Abdulmajeed,Al-Reshedi,60201,0,0,0,22,0,1,31,224001,2517,1,183,350,315,145871,0,4,78,2,0,27106,0,3,0,0,0,0,0,4,0,500,209945,183,6,0,30,0,2,0
Mazhar,Al-Amur,2150301,0,0,287,90,0,0,31,253101,2504,1,172,350,315,143800,0,4,65,2,0,27093,0,4,0,0,0,0,0,3,0,500,209946,183,5,0,30,0,2,0
Alvaro,Aldgate,2150301,1,3,0,8,0,1,31,223101,1509,1,177,39,315,145627,0,4,73,2,0,27037,3,3,0,0,0,0,0,5,0,500,210589,95,3,0,30,0,3,3
Wilson,Mountland,70000,0,2,0,92,0,0,31,253101,2014,1,182,39,315,144606,0,4,71,2,0,27074,3,2,0,0,0,0,0,3,0,500,210590,95,2,0,30,0,1,1
Jefferson,Robertford,60201,0,0,28,119,0,1,31,232001,4005,0,175,39,315,141639,0,4,82,2,0,27110,0,7,0,0,0,0,0,2,0,500,210594,95,1,0,30,0,3,0
Oliver Benito,Ledesma,70000,0,3,243,149,0,1,31,224001,1512,2,174,353,315,144751,0,4,71,2,0,27077,0,4,0,0,0,0,0,4,0,500,214502,52,4,0,30,0,2,0
Gabriel,Santiseban,2150301,0,0,28,114,0,1,31,232001,1516,1,175,353,315,144752,0,4,75,2,0,27072,4,3,0,0,0,0,0,3,0,500,214865,52,4,0,30,0,3,0
Jerónimo,Santarelli,60201,0,0,287,156,0,2,31,224001,2500,1,183,353,315,144250,0,4,75,2,0,27073,3,3,0,0,0,0,0,3,0,500,214866,52,6,0,30,0,2,0
Maximiliano,Recobedo,70000,0,0,0,119,0,1,31,232001,528,2,178,353,315,144568,0,4,75,2,0,27077,0,4,0,0,0,0,0,4,0,500,214867,52,4,0,30,0,2,0
Aurelio Jesús,Alpízares,2150301,0,0,0,74,0,1,31,244101,1528,2,173,1003,315,146944,0,4,70,2,0,27085,4,4,0,0,0,0,0,3,0,500,214870,72,5,0,30,0,2,0
Armenio,Aristozabal,60201,0,0,243,46,0,2,31,253101,3000,1,179,1003,315,146712,0,4,75,2,0,27076,3,9,0,0,0,0,0,9,0,500,214871,72,7,0,30,0,2,0
Norberto,Sancelejo,70000,0,0,0,117,0,0,31,244101,2500,2,177,1003,315,144900,0,4,73,2,0,27037,3,3,0,0,0,0,0,5,0,500,214872,92,6,0,30,0,2,0
Yusri,Kao,60201,0,0,0,111,0,1,31,253101,509,1,176,76,315,141224,0,4,73,2,0,27029,1,9,0,0,0,0,0,4,0,500,221033,184,5,0,30,0,1,0
Dawud,Al-Habash,2150301,0,0,243,29,0,1,31,244101,2506,1,174,76,315,144659,0,4,76,2,0,27093,0,4,0,0,0,0,0,3,0,500,221034,150,5,0,30,0,1,0
Shahzad,Abu Shakra,60201,0,0,243,114,0,1,31,253101,1518,1,177,76,315,142525,0,4,80,2,0,27106,0,3,0,0,0,0,0,4,0,500,221035,182,5,0,30,0,1,0
Hoo-gwo,Xiang,60201,0,0,0,128,0,1,31,221001,519,1,167,76,315,144247,0,4,62,1,0,27030,4,9,0,0,0,0,0,3,0,500,221037,155,4,0,30,0,3,0
Azlan,Hamberi,60201,0,0,0,105,0,0,31,224001,538,0,176,76,315,144772,0,4,72,2,0,27115,3,9,0,0,0,0,0,3,0,500,221045,173,6,0,30,0,1,0
Lamon,Darawan,2150301,0,0,0,16,0,0,31,244101,543,1,177,76,315,144700,0,4,73,2,0,27113,4,3,0,0,0,0,0,4,0,500,221047,188,5,0,30,0,3,0
Radovan,Palenković,60201,0,23,287,102,0,1,31,253101,22,1,197,80,315,141294,0,4,92,2,0,27073,3,3,0,0,0,0,0,3,0,500,221049,51,3,0,30,0,5,22
Rubelio,Veriliano,60201,0,20,0,65,0,1,15,244101,2506,1,180,1003,1,141499,0,4,74,2,0,27074,3,2,0,0,0,0,0,3,0,500,221060,58,5,0,0,0,2,3
Álvaro,Merrión,60201,0,0,246,636,0,1,15,224001,1511,1,182,1003,1,143389,0,4,76,2,0,27073,3,3,0,0,0,0,0,3,0,500,221064,92,5,0,0,0,2,0
Herminio,Banelgas,60201,0,0,0,161,0,1,15,224001,4500,1,177,1003,1,144853,0,4,72,2,0,27072,4,3,0,0,0,0,0,3,0,500,221065,81,7,0,0,0,2,0
Toby,Ekington,60201,0,0,0,0,0,1,31,240201,1019,1,182,1003,315,143925,0,4,75,2,0,27077,0,4,0,0,0,0,0,4,0,500,221081,81,9,0,30,0,2,0
Matthew,Mzizi,60201,0,0,0,28,0,1,31,250201,1009,2,181,76,315,143781,0,4,82,2,0,27070,3,9,0,0,0,0,0,7,0,500,221100,140,10,0,30,0,2,0
Vyacheslav,Bondartchuk,2150301,0,3,243,66,0,1,31,232001,1503,1,177,76,315,144289,0,4,77,2,0,27112,0,5,0,0,0,0,0,2,0,500,221118,49,2,0,30,0,2,6
Leonidas,Lambrakis,2150301,0,0,0,103,0,1,31,251101,2517,1,181,76,315,142340,0,4,77,2,0,27051,0,3,0,0,0,0,0,4,0,500,221119,22,4,0,30,0,2,0
Regis,Graver,60201,0,0,0,280,0,1,31,220001,1007,2,185,78,315,143541,0,4,84,2,0,27068,2,3,0,0,0,0,0,8,0,500,221153,148,10,0,30,0,5,0
Michael,Oliver,2150301,6,23,287,65,0,1,31,232201,2016,1,182,13,302,146957,0,4,72,2,0,27036,4,10,0,0,0,1,0,2,0,500,221871,14,2,0,30,0,2,0
Robert,Madley,60201,0,9,0,43,0,1,31,232001,2012,0,188,14,302,147185,0,4,88,2,0,27099,0,5,0,0,0,1,0,2,0,500,221902,14,2,0,30,0,5,6
Craig,Pawson,60201,0,6,287,1283,0,2,31,252102,1522,0,182,13,315,144775,0,4,76,2,0,27071,0,2,0,0,0,1,0,2,0,500,221949,14,2,0,30,0,2,5
Anthony,Taylor,80000,0,22,287,0,0,1,31,232001,2500,0,180,13,302,144642,0,4,76,2,0,27099,0,5,0,0,0,1,0,2,0,500,221950,14,2,0,30,0,2,22
Enis,Balbay,60201,0,0,288,30,0,1,31,244101,2511,1,177,68,315,143943,0,4,72,2,0,27092,3,5,0,0,0,0,0,2,0,500,222948,48,5,0,30,0,2,0
Feridun,Doğançay,2150301,0,0,0,142,0,1,31,232001,1520,2,184,68,315,144535,0,4,77,2,0,27109,0,3,0,0,0,0,0,3,0,500,222949,48,4,0,30,0,1,0
Ingrún,Svansdóttir,70102,0,5,0,512,5,1,31,122101,9504,2,165,2136,315,145553,2,4,55,2,1,40961,3,2,0,0,0,0,0,3,0,500,226903,24,2,0,30,0,8,1
Bethany,Callanish,120102,0,3,0,536,5,0,31,143101,7018,1,168,2136,315,145755,2,4,61,2,1,40958,0,8,0,0,0,0,0,2,0,500,226905,42,1,0,30,0,7,6
Neea,Jokelainen,70102,0,6,0,538,0,1,31,122101,10501,1,173,2136,315,147399,1,4,59,2,1,40958,0,8,0,0,0,0,0,2,0,500,226907,17,1,0,30,0,1,6
Graham,Scott,60201,0,2,0,150,0,0,31,242101,2009,1,188,13,315,140980,0,4,84,2,0,27067,0,2,0,0,0,1,0,3,0,500,228958,14,2,0,30,0,5,2
Darren,Drysdale,60201,0,3,243,0,0,1,31,253101,15,1,182,60,315,141841,0,4,77,2,0,27110,0,7,0,0,0,1,0,2,0,500,231757,14,2,0,30,0,1,0
Geoff,Eltringham,2150301,0,5,0,297,0,2,31,253101,2016,2,174,14,302,141397,0,4,73,2,0,27067,0,2,0,0,0,1,0,3,0,500,231759,14,2,0,30,0,3,3
Darren,England,1130101,0,3,287,554,0,2,31,242102,4003,2,178,13,315,147027,0,4,75,2,0,27078,4,5,0,0,0,1,0,1,0,500,231760,14,1,0,30,0,2,6
Jeremy,Simpson,60201,0,6,0,297,0,2,31,253101,2,2,177,14,315,143588,0,4,75,2,0,27112,0,5,0,0,0,1,0,2,0,500,231764,14,2,0,30,0,1,3
Seb,Stockbridge,2150301,0,9,287,117,0,2,31,253101,2022,0,178,60,302,146510,0,4,75,2,0,27109,0,3,0,0,0,1,0,3,0,500,231765,14,2,0,30,0,1,6
Keith,Stroud,70000,0,5,0,114,0,2,31,253101,2005,2,170,14,315,141286,0,4,68,2,0,27081,0,4,0,0,0,1,0,5,0,500,231766,14,2,0,30,0,7,6
Lee,Swabey,70000,0,12,0,40,0,1,31,253101,2000,1,174,61,302,146327,0,4,69,2,0,27071,0,2,0,0,0,1,0,2,0,500,231768,14,2,0,30,0,3,7
Paul,Tierney,2180401,6,23,287,122,0,0,31,232001,2502,2,176,13,302,145176,0,4,70,2,0,27092,3,5,0,0,0,1,0,2,0,500,231769,14,2,0,30,0,2,9
Ben,Toner,2150301,0,6,0,16,0,0,31,232001,2012,2,180,61,302,147241,0,4,75,2,0,27036,4,10,0,0,0,1,0,2,0,500,231770,14,2,0,30,0,1,3
Gavin,Ward,60201,0,2,0,114,0,0,31,232001,2008,1,174,14,302,144657,0,4,72,2,0,27082,4,2,0,0,0,1,0,2,0,500,231771,14,2,0,30,0,1,1
David,Webb,60201,0,6,0,154,0,0,31,232001,2004,0,172,14,315,144319,0,4,73,2,0,27072,4,3,0,0,0,1,0,3,0,500,231772,14,2,0,30,0,2,6
Dean,Whitestone,60201,0,0,0,16,0,0,31,232001,2021,1,178,14,302,143832,0,4,77,2,0,27073,3,3,0,0,0,1,0,3,0,500,231773,14,2,0,30,0,1,0
Ross,Joyce,60201,0,6,0,16,0,2,31,232001,24,1,173,60,302,147496,0,4,83,2,0,27081,0,4,0,0,0,1,0,5,0,500,231782,14,2,0,30,0,2,3
Chris,Kavanagh,80201,0,23,255,150,0,2,31,232001,2512,0,188,13,315,146955,0,4,85,6,0,27036,4,10,0,0,0,1,0,2,0,500,231783,14,2,0,30,0,5,22
Oliver,Langford,70000,0,6,0,65,0,1,31,253101,2027,1,175,14,315,145166,0,4,77,2,0,27112,0,5,0,0,0,1,0,2,0,500,231787,14,2,0,30,0,2,6
Tony,Harrington,60201,0,0,287,77,0,2,31,242201,10,2,172,13,315,146411,0,4,78,2,0,27081,0,4,0,0,0,1,0,5,0,500,231788,14,2,0,30,0,1,0
James,Linington,70000,0,3,0,114,0,2,31,232001,2007,2,188,14,315,144960,0,4,90,2,0,27072,4,3,0,0,0,1,0,3,0,500,231791,14,2,0,30,0,6,3
Simon,Hooper,2150301,0,2,287,0,0,1,31,232001,2007,2,175,13,315,146006,0,4,77,1,0,27110,0,7,0,0,0,1,0,2,0,500,231793,14,3,0,30,0,3,1
Andy,Madley,2150301,0,0,287,693,0,1,31,242101,2027,2,190,13,315,146423,0,4,80,2,0,27084,0,7,0,0,0,1,0,3,0,500,231794,14,2,0,30,0,5,0
Stephen,Martin,70000,0,6,0,114,0,0,31,232001,5,1,182,14,302,145409,0,4,79,2,0,27071,0,2,0,0,0,1,0,2,0,500,231798,14,3,0,30,0,3,6
Tim,Robinson,60201,0,23,287,150,0,2,31,232001,2016,2,180,13,315,146227,0,4,85,2,0,27112,0,5,0,0,0,1,0,2,0,500,231804,14,2,0,30,0,2,23
Stuart,Attwell,60201,0,23,287,632,0,2,31,242201,1516,1,180,13,302,146089,0,4,74,2,0,27072,4,3,0,0,0,1,0,3,0,500,231893,14,2,0,30,0,1,23
Peter,Bankes,2150301,0,3,287,150,0,2,31,242101,5,2,183,13,315,145865,0,4,85,2,0,27072,4,3,0,0,0,1,0,3,0,500,231894,14,2,0,30,0,2,3
Darren,Bond,60201,0,23,287,122,0,1,31,242101,25,1,175,13,315,145887,0,4,80,1,0,27081,0,4,0,0,0,1,0,5,0,500,231899,14,2,0,30,0,2,23
Charles,Breakspear,70000,0,6,287,0,0,2,31,232001,16,2,180,60,302,148162,0,4,90,2,0,27099,0,5,0,0,0,1,0,2,0,500,231902,14,2,0,30,0,2,6
Andy,Davies,70000,0,3,0,0,0,2,31,253101,2501,0,175,14,315,143569,0,4,75,2,0,27110,0,7,0,0,0,1,0,2,0,500,231908,14,2,0,30,0,2,1
Ollie,Yates,70000,0,6,0,61,0,1,31,232001,4005,1,176,60,302,147503,0,4,75,2,0,27082,4,2,0,0,0,1,0,2,0,500,234546,14,2,0,30,0,1,6
John,Brooks,2150301,0,5,0,61,0,0,31,234101,3507,2,189,13,302,149000,0,4,78,2,0,27082,4,2,0,0,0,1,0,2,0,500,234548,14,2,0,30,0,4,5
John,Busby,60201,1,2,0,65,0,0,31,223101,10,0,180,14,315,147500,0,4,78,2,0,27071,0,2,0,0,0,1,0,2,0,500,234549,14,2,0,30,0,2,7
Michael,Salisbury,60201,0,6,287,114,0,1,31,234101,6,2,186,13,315,146980,0,4,81,2,0,27085,4,4,0,0,0,1,0,3,0,500,234551,14,1,0,30,0,4,6
Robert,Jones,2150301,0,3,287,65,0,1,31,232101,4000,2,182,13,302,147730,0,4,77,2,0,27082,4,2,0,0,0,1,0,2,0,500,234552,14,2,0,30,0,2,5
Zamfir,Izbașa,60201,0,0,287,188,0,1,31,251101,22,1,181,330,315,142603,0,4,74,2,0,27108,3,6,0,0,0,0,0,2,0,500,237583,39,4,0,30,0,2,0
Iacob,Săulescu,60201,0,0,0,40,0,1,31,232001,9,2,174,330,315,143130,0,4,68,2,0,27078,4,5,0,0,0,0,0,1,0,500,237584,39,3,0,30,0,2,3
Dragoș,Tismăneanu,60201,0,6,0,16,0,1,31,232001,4003,1,177,330,315,141862,0,4,70,2,0,27112,0,5,0,0,0,0,0,2,0,500,237585,39,4,0,30,0,1,6
Iwona,Małdowicz,1170502,1,1,0,504,0,1,31,122101,7018,1,180,2136,315,149681,1,4,75,2,1,40954,3,8,0,0,0,0,0,2,0,500,239184,37,2,0,30,0,2,6
Anthony,Backhouse,70000,0,3,0,30,0,1,31,232001,7,1,182,14,315,149024,0,4,83,2,0,27078,4,5,0,0,0,1,0,1,0,500,239251,14,3,0,30,0,3,6
Martin,Coy,1170502,0,5,0,114,0,0,31,253101,4003,1,170,61,302,146620,0,4,68,2,0,27072,4,3,0,0,0,1,0,3,0,500,239253,14,2,0,30,0,7,6
Craig,Hicks,60201,0,3,0,149,0,1,31,232001,2,2,185,61,302,147142,0,4,74,2,0,27093,0,4,0,0,0,1,0,3,0,500,239255,14,2,0,30,0,5,3
Tom,Nield,2150301,0,3,0,693,0,0,31,232001,4013,1,186,14,315,149208,0,4,78,2,0,27112,0,5,0,0,0,1,0,2,0,500,239256,14,1,0,30,0,5,3
Scott,Oldham,60201,0,2,0,77,0,0,31,232001,2020,0,191,61,302,145941,0,4,81,2,0,27071,0,2,0,0,0,1,0,2,0,500,239257,14,2,0,30,0,5,1
Hussain,Al-Shamkali,70000,0,0,243,77,0,1,31,224001,1526,1,185,350,315,146388,0,4,76,2,0,27108,3,6,0,0,0,0,0,2,0,500,241366,183,6,0,30,0,5,0
Nazario,Dasmarinas,60201,0,3,0,29,0,2,31,251101,1509,1,182,308,315,144866,0,4,74,2,0,27037,3,3,0,0,0,0,0,5,0,500,241367,38,4,0,30,0,2,3
Ludger,Falck,60201,1,5,0,290,0,2,31,223101,16,1,180,80,315,146600,0,4,78,2,0,27110,0,7,0,0,0,0,0,2,0,500,241369,4,1,0,30,0,2,6
Flemming,Fredskild,60201,0,1,0,117,0,0,31,232001,2016,1,188,1,315,146600,0,4,81,2,0,27071,0,2,0,0,0,0,0,2,0,500,241370,13,2,0,30,0,5,1
Adrian,Gløersen,60201,0,6,28,57,0,0,31,232001,3502,1,185,41,315,144643,0,4,83,2,0,27036,4,10,0,0,0,0,0,2,0,500,241371,36,2,0,30,0,5,6
Albin,Kuniak,60201,0,0,287,105,0,1,31,253101,529,0,181,66,315,142819,0,4,70,2,0,27071,0,2,0,0,0,0,0,2,0,500,241372,37,2,0,30,0,2,0
Thorvald,Oedegaard,2150301,0,6,243,77,0,1,31,232001,22,2,185,41,315,143047,0,4,86,2,0,27085,4,4,0,0,0,0,0,3,0,500,241373,36,2,0,30,0,6,6
An-Jol,Park,60201,0,0,0,121,0,0,31,221001,510,1,177,83,315,142914,0,4,74,1,0,27028,0,9,0,0,0,0,0,4,0,500,241374,167,4,0,30,0,2,0
Hai-wang,Sui,60201,0,0,0,102,0,1,31,221001,554,0,176,2012,315,142085,0,4,73,1,0,27029,1,9,0,0,0,0,0,4,0,500,241503,155,4,0,30,0,1,0
Zhi-xiang,Qun,60201,0,0,0,143,0,1,31,221001,540,2,174,2012,315,144105,0,4,70,1,0,27031,3,9,0,0,0,0,0,5,0,500,241504,155,4,0,30,0,2,0
Stefan,Häsenecker,60201,0,0,0,65,0,0,31,232001,7,1,184,189,315,144184,0,4,78,2,0,27082,4,2,0,0,0,0,0,2,0,500,243325,47,2,0,30,0,2,0
Joel,Highett,1170502,0,2,0,114,0,0,31,232001,4003,1,178,351,315,145248,0,4,76,2,0,27036,4,10,0,0,0,0,0,2,0,500,243326,195,3,0,30,0,2,3
Alvaro Joaquín,Florez,2150301,0,3,243,57,0,2,31,232001,2517,2,181,353,315,143540,0,4,82,2,0,27074,3,2,0,0,0,0,0,3,0,500,243327,52,4,0,30,0,3,0
Peraldo,Jagnarine,60201,0,0,0,154,0,1,31,253101,2510,1,188,1003,315,143057,0,4,79,2,0,27073,3,3,0,0,0,0,0,3,0,500,243329,79,5,0,30,0,5,0
Gang-sheng,Bai,70000,0,0,0,149,0,0,31,251101,558,1,174,2012,315,143065,0,4,76,2,0,27028,0,9,0,0,0,0,0,4,0,500,243331,155,4,0,30,0,2,0
Maximilian,Mehlbacher,2150301,0,5,0,74,0,2,31,232001,2004,1,186,19,315,145122,0,4,77,2,0,27092,3,5,0,0,0,0,0,2,0,500,243332,21,2,0,30,0,5,3
Aurelio,Oriol Gaspar,60201,0,0,0,150,0,0,31,232001,2008,2,178,54,315,144940,0,4,84,2,0,27072,4,3,0,0,0,0,0,3,0,500,243333,45,3,0,30,0,2,0
Thomas,Bramall,60201,0,3,0,1283,0,0,31,232101,2010,1,185,13,302,148963,0,4,80,2,0,27093,0,4,0,0,0,1,0,3,0,500,244144,14,3,0,30,0,5,3
Matthew,Donohue,60201,0,5,0,16,0,2,31,223101,2505,1,183,14,315,151773,0,4,75,2,0,27082,4,2,0,0,0,1,0,2,0,500,244146,14,2,0,30,0,2,6
Neil,Hair,60201,0,6,0,63,0,2,31,253101,4000,2,186,60,315,145471,0,4,84,2,0,27074,3,2,0,0,0,1,0,3,0,500,244148,14,2,0,30,0,5,6
Sam,Allison,2150301,0,0,287,0,0,1,31,240201,1016,1,178,14,315,145354,0,4,77,2,0,27068,2,3,0,0,0,1,0,8,0,500,244150,14,8,0,30,0,2,0
Peter,Wright,70000,0,6,0,75,0,1,31,232001,4003,0,181,60,302,147273,0,4,76,2,0,27082,4,2,0,0,0,1,0,2,0,500,244151,14,2,0,30,0,1,6
Alan,Young,1170502,0,12,0,65,0,1,31,253101,2004,2,180,60,315,145406,0,4,74,2,0,27071,0,2,0,0,0,1,0,2,0,500,244152,14,2,0,30,0,3,7
Jarred,Gillett,60201,0,0,0,16,0,1,31,232001,3505,1,185,13,302,147576,0,4,74,2,0,27085,4,4,0,0,0,1,0,3,0,500,247097,195,2,0,30,0,4,0
Mariam,Peñarrieta,60302,0,3,0,561,5,1,31,123101,7025,1,170,2136,315,146046,2,4,59,2,1,40950,0,5,0,0,0,0,0,4,0,500,248502,53,5,0,30,0,8,3
Serwa,Attram,70102,0,0,0,576,0,1,31,130101,10004,1,168,2136,315,145486,1,4,56,2,1,40951,3,9,0,0,0,0,0,9,0,500,248503,117,9,0,30,0,8,0
Elanne,Fung,1170502,0,3,0,560,0,1,31,122101,6025,1,165,2136,315,143960,1,4,54,1,1,40952,0,3,0,0,0,0,0,3,0,500,248504,158,4,0,30,0,8,6
Françoise,Berringuet,70102,0,6,0,539,0,1,31,122101,9500,1,168,2136,315,147502,1,4,58,2,1,40959,3,2,0,0,0,0,0,2,0,500,250783,18,2,0,30,0,8,3
Celina,Heiselmann,120102,0,2,0,536,0,1,31,132101,9500,1,167,2136,315,145875,1,4,56,2,1,40955,4,10,0,0,0,0,0,2,0,500,250784,21,2,0,30,0,7,3
Jett,Colling,1170502,0,5,30,129,0,1,31,232001,2027,1,182,2012,315,143603,0,4,78,2,0,27071,0,2,0,0,0,0,0,2,0,500,250793,195,2,0,30,0,2,3
Miloje,Tomčić,2150301,0,3,243,93,0,1,31,232001,1516,1,186,2012,315,145269,0,4,82,2,0,27112,0,5,0,0,0,0,0,2,0,500,250794,51,3,0,30,0,5,3
Aske,Hemmingsen,2150301,0,6,289,0,0,1,31,232001,3505,1,186,1,315,145731,0,4,81,2,0,27099,0,5,0,0,0,0,0,2,0,500,251117,13,2,0,30,0,6,3
Leigh,Doughty,60201,0,6,0,154,0,1,31,253101,13,1,184,14,315,147530,0,4,79,2,0,27078,4,5,0,0,0,1,0,1,0,500,251963,14,2,0,30,0,2,3
Will,Finnie,70000,0,6,0,75,0,1,31,223101,4003,1,182,61,302,151059,0,4,74,2,0,27036,4,10,0,0,0,1,0,2,0,500,251965,14,2,0,30,0,2,3
James,Oldham,60201,0,5,0,65,0,1,31,232001,12,1,181,61,302,147320,0,4,80,2,0,27082,4,2,0,0,0,1,0,2,0,500,251966,14,2,0,30,0,1,6
Christopher,Pollard,60201,0,5,243,65,0,1,31,232001,2016,1,186,61,302,147992,0,4,84,2,0,27081,0,4,0,0,0,1,0,5,0,500,251967,14,2,0,30,0,5,6
Sam,Purkiss,1170502,0,5,243,72,0,1,31,223101,2004,1,176,61,302,148230,0,4,77,2,0,27071,0,2,0,0,0,1,0,2,0,500,251968,14,2,0,30,0,1,6
David,Rock,70000,0,5,0,72,0,1,31,232001,2007,1,176,60,315,146830,0,4,82,2,0,27078,4,5,0,0,0,1,0,1,0,500,251969,14,2,0,30,0,3,7
Josh,Smith,60201,0,5,0,75,0,1,31,232001,0,1,184,14,315,151486,0,4,80,2,0,27071,0,2,0,0,0,1,0,2,0,500,251970,14,2,0,30,0,3,3
Moray,Baird,2150301,0,3,0,111,0,1,31,232001,9,1,181,50,315,147481,0,4,84,2,0,27082,4,2,0,0,0,0,0,2,0,500,252127,42,2,0,30,0,2,3
Alasdair,McMann,60201,0,2,0,158,0,1,31,232001,2014,1,178,50,315,145529,0,4,82,2,0,27074,3,2,0,0,0,0,0,3,0,500,252128,42,1,0,30,0,2,3
Ruaridh,Monroe,60201,0,5,0,16,0,1,31,232001,2000,1,184,50,315,145039,0,4,80,2,0,27036,4,10,0,0,0,0,0,2,0,500,252129,42,2,0,30,0,3,3
Innes,McKellar,2150301,0,6,0,119,0,1,31,232001,2004,1,179,50,315,147019,0,4,77,2,0,27080,0,4,0,0,0,0,0,4,0,500,252130,42,2,0,30,0,2,0
Hadrien,Dumortier,2150301,0,3,0,21,0,1,31,232001,2517,1,186,16,315,149357,0,4,82,2,0,27084,0,7,0,0,0,0,0,3,0,500,256907,18,3,0,30,0,5,0
Timothée,Géroux,60201,0,0,0,544,0,1,31,240201,3000,1,188,16,315,147775,0,4,84,2,0,27050,4,9,0,0,0,0,0,9,0,500,256908,18,8,0,30,0,5,0
Vincent,Lentvogt,60201,0,5,0,77,0,1,31,232001,1517,1,191,19,315,148895,0,4,86,2,0,27082,4,2,0,0,0,0,0,2,0,500,256910,21,2,0,30,0,4,6
Jannik,Zöckler,2150301,0,3,0,93,0,1,31,223101,4005,1,187,19,315,148713,0,4,81,2,0,27036,4,10,0,0,0,0,0,2,0,500,256911,21,2,0,30,0,5,3
Robin,Cainsdorf,60201,0,2,0,74,0,1,31,232001,7,1,191,2076,315,146976,0,4,87,2,0,27072,4,3,0,0,0,0,0,3,0,500,256985,21,2,0,30,0,5,6
Benjamin,Speedie,70000,0,6,0,16,0,1,31,223101,3500,1,180,60,302,145409,0,4,75,2,0,27036,4,10,0,0,0,1,0,2,0,500,258673,14,2,0,30,0,2,3
Samuel,Barrott,70000,0,5,0,284,0,1,31,232001,37,1,178,13,315,145514,0,4,82,2,0,27071,0,2,0,0,0,1,0,2,0,500,258674,14,2,0,30,0,2,3
James,Bell,70000,0,5,0,86,0,1,31,232001,2020,1,182,14,302,144492,0,4,74,2,0,27081,0,4,0,0,0,1,0,5,0,500,258675,14,2,0,30,0,1,3
Declan,Bourne,60201,0,6,0,75,0,1,31,232001,1506,1,181,60,315,146234,0,4,76,2,0,27051,0,3,0,0,0,1,0,4,0,500,258676,14,2,0,30,0,1,3
Carl,Brook,70000,0,5,0,37,0,1,31,232001,18,1,178,60,302,143711,0,4,76,2,0,27081,0,4,0,0,0,1,0,5,0,500,258677,14,2,0,30,0,2,3
Paul,Howard,60201,0,3,0,16,0,1,31,232001,3,1,177,60,315,146271,0,4,78,2,0,27073,3,3,0,0,0,1,0,3,0,500,258678,14,3,0,30,0,3,0
Chatura,Gaurab,1170502,0,9,0,105,0,1,31,253101,2506,1,178,2149,315,143932,0,4,76,2,0,27033,0,9,0,0,0,0,0,6,0,500,262003,159,6,0,30,0,3,6
Ranjit,Kadakia,60201,0,0,0,160,0,1,31,234101,1500,1,186,2149,315,147509,0,4,78,2,0,27032,3,3,0,0,0,0,0,7,0,500,262012,159,7,0,30,0,4,0
Narendra,Mamdani,60201,0,9,0,292,0,1,31,253101,2500,1,188,2149,315,147047,0,4,82,2,0,27035,0,9,0,0,0,0,0,8,0,500,262013,159,6,0,30,0,5,3
Mahit,Faujdar,60201,0,0,0,114,0,1,31,244101,1524,1,184,2149,315,144213,0,4,77,2,0,27034,0,9,0,0,0,0,0,7,0,500,262014,159,6,0,30,0,2,0
Wouter,Wiegerink,60201,0,0,0,1,0,1,31,240201,1016,1,187,10,315,146012,0,4,84,2,0,27076,3,9,0,0,0,0,0,9,0,500,262374,34,8,0,30,0,5,0
Gennaro,Scarpulla,2150301,0,0,0,0,0,1,31,232001,2002,1,189,31,315,147131,0,4,86,2,0,27099,0,5,0,0,0,0,0,2,0,500,262375,27,3,0,30,0,5,0
Andrew,Kitchen,60201,0,0,0,43,0,1,31,223101,29,1,178,14,315,150367,0,4,70,2,0,27072,4,3,0,0,0,1,0,3,0,500,262890,14,2,0,30,0,1,3
Simon,Mather,1170502,0,2,0,65,0,1,31,232001,30,1,182,60,315,149792,0,4,77,2,0,27071,0,2,0,0,0,1,0,2,0,500,262891,14,2,0,30,0,2,1
Tom,Reeves,60201,0,0,0,16,0,1,31,232001,34,1,180,60,302,148783,0,4,78,2,0,27051,0,3,0,0,0,1,0,4,0,500,262892,14,2,0,30,0,1,0
Rebecca,Welch,70102,0,3,0,539,0,1,31,132101,5501,1,168,60,302,149239,1,4,64,2,1,40959,3,2,0,0,0,1,0,2,0,500,262894,14,2,0,30,0,8,3
Marcela,Sostoni,120102,0,6,0,570,0,1,31,123101,7000,1,175,353,315,146907,1,4,60,2,1,40950,0,5,0,0,0,0,0,4,0,500,267487,52,4,0,30,0,1,1
Anne,De Vaert,70102,0,1,0,53,0,1,31,122101,5500,1,180,4,315,146907,1,4,60,2,1,40955,4,1,0,0,0,0,0,2,0,500,267488,7,2,0,30,0,1,1
Edith,Vancruysse,70102,0,6,0,540,5,1,31,122101,5501,1,165,4,315,146907,2,4,60,2,1,40954,3,8,0,0,0,0,0,2,0,500,267489,7,2,0,30,0,7,1
Amalie Lotte,Bundgaard,70102,0,2,0,647,0,1,31,122101,5502,1,176,1,315,146938,1,4,60,2,1,40961,3,2,0,0,0,0,0,3,0,500,267499,13,2,0,30,0,1,1
Audrey,Sargnac,70102,0,3,0,636,0,1,31,122101,5503,1,182,16,315,146938,1,4,65,2,1,40959,3,2,0,0,0,0,0,2,0,500,267500,18,2,0,30,0,2,3
Sarah,Paillotet,70102,0,3,0,521,0,1,31,132101,5504,1,174,16,315,146938,1,4,60,2,1,40955,4,1,0,0,0,0,0,2,0,500,267502,18,2,0,30,0,1,3
Coralie,Fabrier,70102,0,1,0,516,0,1,31,122101,5505,1,166,17,315,146938,1,4,60,2,1,40756,4,1,0,0,0,0,0,2,0,500,267503,18,2,0,30,0,7,1
Lola,Depeyre,70102,0,1,0,570,0,1,31,122101,5506,1,184,17,315,146938,1,4,62,2,1,40954,3,8,0,0,0,0,0,2,0,500,267504,18,1,0,30,0,1,6
Rinske,Dimmendaal,70102,0,3,0,512,0,1,31,132101,5507,1,174,10,315,146938,1,4,60,2,1,40958,0,8,0,0,0,0,0,2,0,500,267506,34,1,0,30,0,1,3
Hermine Kruse,Andresen,70102,0,1,0,501,5,1,31,122101,5508,1,168,41,315,146938,2,4,60,2,1,40954,3,8,0,0,0,0,0,2,0,500,267510,36,1,0,30,0,7,1
Honorata,Grażyńska,70102,0,6,0,503,0,1,31,132101,5508,1,172,66,315,146938,1,4,60,2,1,40757,4,4,0,0,0,0,0,3,0,500,267512,37,2,0,30,0,1,0
Sofie,Rettenbacher,70102,0,6,0,279,0,1,31,132101,5509,1,175,80,315,148203,1,4,60,2,1,40956,0,2,0,0,0,0,0,2,0,500,267538,4,2,0,30,0,1,3
Federica,Pellecciolli,120102,0,0,0,510,0,1,31,132101,7007,1,177,31,315,147595,1,4,63,2,1,40757,4,4,0,0,0,0,0,3,0,500,267539,27,3,0,30,0,2,3
Marilza,Bencatel,70102,0,6,0,517,0,1,31,122101,9001,1,173,308,315,146938,1,4,60,1,1,40959,3,2,0,0,0,0,0,2,0,500,267540,38,4,0,30,0,1,6
Laoise,McInerney,70102,0,1,0,530,5,1,31,122101,9511,1,178,2226,315,146938,2,4,60,2,1,40956,0,2,0,0,0,0,0,2,0,500,267541,25,2,0,30,0,1,1
Marialaura,Chiusdano,120102,0,5,0,517,5,1,31,143101,7025,1,168,31,315,145675,2,4,58,2,1,40958,0,8,0,0,0,0,0,2,0,500,267542,27,2,0,30,0,8,0
Ioana,Hatmanu,70102,0,0,0,501,5,1,31,143101,7501,1,172,330,315,144667,2,4,60,2,1,40954,3,8,0,0,0,0,0,2,0,500,267545,39,3,0,30,0,1,0
Grace,MacCallan,120102,0,6,0,530,0,1,31,132101,5504,1,164,50,315,147677,1,4,59,2,1,40961,3,2,0,0,0,0,0,3,0,500,267546,42,1,0,30,0,8,6
María José,Hortaleza,60302,0,3,0,538,0,1,31,132101,5507,1,166,53,315,148223,1,4,59,2,1,40959,3,2,0,0,0,0,0,2,0,500,267547,45,3,0,30,0,7,3
Maja,Ytternäs,70102,1,1,0,234,0,1,31,122101,9504,1,175,56,315,146938,1,4,60,2,1,40955,4,1,0,0,0,0,0,2,0,500,267548,46,2,0,30,0,1,1
Olivia,Azarona,120102,0,0,0,583,0,1,31,132101,5502,1,168,54,315,146687,1,4,60,2,1,40950,0,5,0,0,0,0,0,4,0,500,267549,45,2,0,30,0,8,3
Gabriele,Hüttli,70102,0,3,0,521,0,1,31,122101,5505,1,172,189,315,146938,1,4,60,2,1,40756,4,1,0,0,0,0,0,2,0,500,267550,47,2,0,30,0,1,6
Sena,Gözüpak,70102,0,3,0,562,0,1,31,141001,5509,1,169,68,315,146938,1,4,60,1,1,40954,3,8,0,0,0,0,0,2,0,500,267551,48,4,0,30,0,8,3
Maci,Pannell,70102,0,5,0,530,0,1,31,122101,9500,1,176,39,315,146938,1,4,60,2,1,40955,4,1,0,0,0,0,0,2,0,500,267552,95,2,0,30,0,1,1
Franziska,Hummelberg,120102,1,4,0,540,0,1,31,122101,9505,1,174,19,315,146938,1,4,60,2,1,40961,3,2,0,0,0,0,0,3,0,500,267553,21,2,0,30,0,2,1
Frieda,Pranzlhain,70102,0,12,0,562,0,1,31,122101,10009,1,170,19,315,146938,1,4,60,2,1,40958,0,8,0,0,0,0,0,2,0,500,267554,21,2,0,30,0,8,7
Juliane,Dohlmeier,120102,0,2,0,513,0,1,31,122101,9509,1,172,2076,315,146938,1,4,60,2,1,40956,0,2,0,0,0,0,0,2,0,500,267555,21,2,0,30,0,1,1
Sarah,Dräppe,120102,0,0,0,636,0,1,31,122101,9509,1,176,2076,315,146938,1,4,60,2,1,40955,4,3,0,0,0,0,0,3,0,500,267556,21,3,0,30,0,2,1
Agathe,Leyrac,120102,0,1,0,571,0,1,31,132101,5506,1,172,2218,315,147768,1,4,62,2,1,40954,3,8,0,0,0,0,0,2,0,500,267557,18,2,0,30,0,2,1
Alizée,Le Bihan,70102,0,3,0,530,0,1,31,132101,5504,1,170,2218,315,146109,1,4,61,2,1,40961,3,2,0,0,0,0,0,3,0,500,267558,18,2,0,30,0,7,0
Jennifer,Vesnier,1170502,0,6,0,505,0,1,31,132101,5502,1,168,2218,315,147427,1,4,58,2,1,40958,0,8,0,0,0,0,0,2,0,500,267559,18,2,0,30,0,8,6
Claire,Linglet,120102,0,0,0,524,0,1,31,130101,10009,1,166,2218,315,147523,1,4,57,2,1,40951,3,9,0,0,0,0,0,9,0,500,267560,18,8,0,30,0,8,0
Sandra,Drajcković,70102,0,6,0,532,0,1,31,122101,7501,1,177,76,315,146938,1,4,60,2,1,40959,3,2,0,0,0,0,0,2,0,500,267703,10,3,0,30,0,1,6
Iris,Pavlidou,70102,0,1,0,647,0,1,31,122101,9001,1,178,76,315,146938,1,4,60,2,1,40950,0,5,0,0,0,0,0,4,0,500,267705,22,3,0,30,0,1,1
Tereza,Bartonĕcová,70102,0,1,0,560,0,1,31,132101,7502,1,184,76,315,146938,1,4,60,2,1,40756,4,1,0,0,0,0,0,2,0,500,267706,12,2,0,30,0,1,1
Audra,Didgalviskaitė,70102,0,0,0,636,0,1,31,132101,7502,1,182,76,315,146938,1,4,60,2,1,40954,3,8,0,0,0,0,0,2,0,500,267707,30,3,0,30,0,2,0
Tilda,Mustakari,70102,0,1,0,538,5,1,31,122101,9510,1,176,76,315,146938,2,4,60,2,1,40955,4,1,0,0,0,0,0,1,0,500,267708,17,1,0,30,0,1,1
Inaya,Okech,70102,0,0,0,435,0,1,31,130101,10024,1,176,78,315,146938,1,4,60,2,1,40960,3,3,0,0,0,0,0,6,0,500,267709,141,9,0,30,0,1,1
Arijana,Loraj,70102,0,3,0,532,0,1,31,122101,9002,1,182,78,315,146938,1,4,60,1,1,40959,3,2,0,0,0,0,0,2,0,500,267710,1,4,0,30,0,1,0
Elvisa,Trto,70102,0,1,0,75,0,1,31,122101,7501,1,178,78,315,146938,1,4,62,2,1,40954,3,8,0,0,0,0,0,2,0,500,267711,8,3,0,30,0,2,1
Axeliane,Clarke,70102,0,3,0,530,0,1,31,122101,6010,1,175,78,315,146938,1,4,60,1,1,40957,3,3,0,0,0,0,0,2,0,500,267712,70,4,0,30,0,2,1
Kertu,Meitsar,70102,0,3,0,504,0,1,31,122101,5509,1,182,2136,315,146938,1,4,62,2,1,40958,0,8,0,0,0,0,0,2,0,500,267713,208,2,0,30,0,2,0
Netra,Sudrajat,70102,0,3,0,581,0,1,31,122101,6003,1,179,2136,315,146938,1,4,60,1,1,40957,3,3,0,0,0,0,0,2,0,500,267714,160,4,0,30,0,2,1
Skaidra,Vējiņa,70102,0,5,0,512,0,1,31,122101,7502,1,184,2136,315,146938,1,4,65,2,1,40950,0,5,0,0,0,0,0,4,0,500,267715,28,2,0,30,0,1,1
Pintyőke,Magyar,70102,0,3,0,538,0,1,31,132101,9000,1,178,2136,315,146938,1,4,60,2,1,40757,4,4,0,0,0,0,0,3,0,500,267716,23,2,0,30,0,1,3
Maddison,Streatfield,1170502,0,3,0,536,0,1,31,132101,5509,1,178,351,315,147328,1,4,61,2,1,40961,3,2,0,0,0,0,0,3,0,500,268495,195,2,0,30,0,2,0
Isla,Nulliner,70102,0,2,0,562,0,1,31,122101,5501,1,172,351,315,147937,1,4,61,2,1,40959,3,2,0,0,0,0,0,2,0,500,268496,195,2,0,30,0,2,0
Clémentine,Lavenir,60302,0,3,0,517,0,1,31,132101,5509,1,177,2218,315,145717,1,4,64,2,1,40757,4,4,0,0,0,0,0,3,0,500,268586,18,2,0,30,0,1,3
Gaëlle,Hauchard,1170502,0,5,0,524,5,1,31,143101,5510,1,174,2218,315,147902,2,4,61,2,1,40956,0,2,0,0,0,0,0,2,0,500,268587,18,2,0,30,0,2,6
Danish Nabil,Riaz,2150301,0,0,0,65,0,1,31,224001,517,1,184,41,315,145080,0,4,73,2,0,27115,3,9,0,0,0,0,0,3,0,500,268869,36,5,0,30,0,1,0
Suad,Hajradinović,60201,0,9,0,65,0,1,31,232001,3502,1,187,56,315,145080,0,4,78,2,0,27092,3,5,0,0,0,0,0,2,0,500,268870,46,4,0,30,0,5,0
Hakan,Bozbakan,60201,0,21,0,16,0,1,31,221001,2015,1,186,19,315,147027,0,4,75,1,0,27051,0,3,0,0,0,0,0,4,0,500,269241,48,4,0,30,0,5,3
Baran,Kocaoğul,2150301,0,20,0,77,0,1,31,224001,2005,1,189,19,315,147027,0,4,80,2,0,27080,0,4,0,0,0,0,0,4,0,500,269242,48,5,0,30,0,5,3
Ábel,Medvés,60201,0,3,0,636,0,1,31,224001,11,1,188,330,315,147027,0,4,82,2,0,27067,0,2,0,0,0,0,0,3,0,500,269266,23,4,0,30,0,5,0
Sunny,Gill,2150301,0,3,289,293,0,1,31,221001,605,1,185,60,315,146658,0,4,86,1,0,27032,3,3,0,0,0,1,0,7,0,500,269917,159,4,0,30,0,5,3
Adam,Herczeg,60201,0,6,287,160,0,1,31,232001,34,1,178,60,315,147047,0,4,77,2,0,27071,0,2,0,0,0,1,0,2,0,500,269918,14,2,0,30,0,1,6
Thomas,Kirk,60201,0,6,0,65,0,1,31,223101,4015,1,179,60,315,148602,0,4,73,2,0,27036,4,10,0,0,0,1,0,2,0,500,269936,14,2,0,30,0,2,19
Thomas,Parsons,70000,0,1,0,243,0,1,31,223101,2027,1,176,60,302,147594,0,4,73,2,0,27071,0,2,0,0,0,1,0,2,0,500,269938,14,1,0,30,0,2,5
Martin,Woods,60201,0,6,0,289,0,1,31,253101,1511,1,178,60,315,146473,0,4,76,2,0,27078,4,5,0,0,0,1,0,1,0,500,269939,14,2,0,30,0,2,20
Ryan,Atkin,1170502,0,19,243,140,0,1,31,232001,68,1,183,60,315,146895,0,4,79,2,0,27071,0,2,0,0,0,1,0,2,0,500,270283,14,2,0,30,0,2,5
Aaron,Bannister,60201,0,19,0,655,0,1,31,232001,3500,1,178,60,315,148805,0,4,76,2,0,27036,4,10,0,0,0,1,0,2,0,500,270284,14,2,0,30,0,2,5
Lisa,Benn,1170502,0,19,0,583,5,1,31,143101,5500,1,176,2216,315,149281,2,4,71,2,1,40956,0,2,0,0,0,1,0,2,0,500,270285,14,2,0,30,0,3,16
Abigail,Byrne,120102,0,2,0,596,0,1,31,132101,9006,1,170,2216,315,149572,1,4,66,2,1,40958,0,8,0,0,0,1,0,2,0,500,270286,14,2,0,30,0,8,2
Wayne,Cartmel,70000,0,0,0,40,0,1,31,253101,4008,1,178,60,302,148828,0,4,74,2,0,27112,0,5,0,0,0,1,0,2,0,500,270288,14,2,0,30,0,1,1
Matt,Corlett,60201,0,20,0,230,0,1,31,232001,34,1,181,2216,315,149421,0,4,80,2,0,27071,0,2,0,0,0,1,0,2,0,500,270289,14,2,0,30,0,2,6
Kirsty,Dowle,70102,0,6,0,565,0,1,31,132101,9529,1,168,60,302,149332,1,4,60,2,1,40961,3,2,0,0,0,1,0,3,0,500,270291,14,2,0,30,0,8,3
Ed,Duckworth,60201,0,6,0,65,0,1,31,223101,3506,1,177,60,302,151095,0,4,73,2,0,27082,4,2,0,0,0,1,0,2,0,500,270293,14,1,0,30,0,1,5
Stacey,Fullicks,60302,0,20,0,504,0,1,31,122101,5510,1,177,2216,302,148897,1,4,72,2,1,40757,4,4,0,0,0,1,0,3,0,500,270294,14,2,0,30,0,1,3
Amy,Fearn,120102,0,3,0,536,5,1,31,143101,9522,1,168,2216,302,144308,2,4,67,2,1,40958,0,8,0,0,0,0,0,2,0,500,270295,14,2,0,30,0,8,0
Farai,Hallam,2150301,0,0,0,239,0,1,31,244101,1002,1,183,60,315,149944,0,4,78,2,0,27070,3,9,0,0,0,1,0,7,0,500,270296,14,6,0,30,0,2,0
Cristiana,Hattersley,120102,0,6,0,510,0,1,31,122101,9503,1,173,2216,315,150134,1,4,67,2,1,40958,0,8,0,0,0,1,0,2,0,500,270298,14,2,0,30,0,2,6
Emily,Heaslip,120102,0,20,0,582,0,1,31,122101,9506,1,168,2216,315,150100,1,4,62,2,1,40958,0,8,0,0,0,1,0,2,0,500,270299,14,2,0,30,0,8,19
Lauren,Impey,120102,0,20,0,728,0,1,31,132101,9524,1,166,60,315,148762,1,4,59,2,1,40954,3,8,0,0,0,1,0,2,0,500,270300,14,3,0,30,0,8,5
Lucy,May,1170502,0,20,0,508,0,1,31,132101,5504,1,173,2216,315,148617,1,4,62,2,1,40959,3,2,0,0,0,1,0,2,0,500,270302,14,2,0,30,0,2,5
Stacey,Pearson,70102,0,20,0,561,5,1,31,143101,5510,1,165,2216,302,147733,2,4,58,2,1,40757,4,4,0,0,0,1,0,3,0,500,270303,14,2,0,30,0,8,20
Yasmin,Saeed,120102,0,0,0,560,0,1,31,122101,7002,1,166,2216,302,151821,1,4,57,1,1,40950,0,5,0,0,0,1,0,4,0,500,270304,14,4,0,30,0,7,0
Elizabeth,Simms,120102,0,20,0,514,0,1,31,132101,5503,1,171,2216,315,143068,1,4,62,2,1,40757,4,4,0,0,0,1,0,3,0,500,270308,14,2,0,30,0,1,5
Robert,Massey-Ellis,60201,0,6,0,665,0,1,31,232001,26,1,174,60,315,146491,0,4,80,2,0,27078,4,5,0,0,0,1,0,1,0,500,270311,14,1,0,30,0,3,0
Sam,Mulhall,60201,0,6,243,118,0,1,31,232001,2021,1,177,60,315,148598,0,4,78,2,0,27036,4,10,0,0,0,1,0,2,0,500,270313,14,2,0,30,0,2,5
Jason,Richardson,70000,0,2,243,0,0,1,31,232001,47,1,179,60,315,148275,0,4,82,2,0,27099,0,5,0,0,0,1,0,2,0,500,270315,14,2,0,30,0,3,5
Elliott,Swallow,60201,0,3,0,655,0,1,31,232001,4010,1,181,60,302,150127,0,4,76,2,0,27036,4,10,0,0,0,1,0,2,0,500,270316,14,2,0,30,0,1,20
Richie,Watkins,70000,0,5,0,174,0,1,31,232001,3506,1,178,60,315,148183,0,4,77,2,0,27082,4,2,0,0,0,1,0,2,0,500,270317,14,2,0,30,0,1,1
Kaisley,Leal,70102,0,0,0,512,0,1,31,122101,5501,1,174,2221,315,149203,1,4,65,2,1,40966,3,5,0,0,0,0,0,4,0,500,272634,95,2,0,30,0,1,0
Kaiya,Blackwell,1170502,0,20,0,615,0,1,31,122101,7005,1,176,2221,315,148570,1,4,67,1,1,40964,1,3,0,0,0,0,0,4,0,500,272635,95,4,0,30,0,2,6
Paisleigh,Monroe,120102,0,2,0,500,0,1,31,132101,9503,1,176,2221,315,149504,1,4,68,2,1,40963,3,4,0,0,0,0,0,4,0,500,272636,95,2,0,30,0,2,2
Giovanna,Piñeda,120102,0,20,0,504,0,1,31,123101,7012,1,177,2221,315,148122,1,4,68,2,1,40962,0,4,0,0,0,0,0,4,0,500,272637,95,5,0,30,0,2,20
Jaylani,Velazquez,60302,0,21,0,71,0,1,31,130101,10004,1,173,2221,315,146733,1,4,59,2,1,40965,2,9,0,0,0,0,0,8,0,500,272638,95,8,0,30,0,1,0
Kimber,Burchfield,120102,0,19,0,281,0,1,31,132101,9008,1,174,2221,315,146313,1,4,62,2,1,40961,3,2,0,0,0,0,0,3,0,500,272639,95,2,0,30,0,1,6
Dilara,Dahmen,70102,0,1,0,512,0,1,31,122101,5501,1,172,2215,315,146938,1,4,62,2,1,40954,3,8,0,0,0,0,0,2,0,500,275116,21,2,0,30,0,2,1
Nina,Kramermann,120102,0,2,0,16,0,1,31,122101,5500,1,170,2215,315,146938,1,4,59,2,1,40959,3,2,0,0,0,0,0,2,0,500,275117,21,2,0,30,0,8,2
Bea,Mühlendorf,120102,0,5,0,623,5,1,31,122101,5502,1,170,2215,315,146938,2,4,59,2,1,40964,1,3,0,0,0,0,0,4,0,500,275118,21,2,0,30,0,8,5
Hilda,Schmitzenberg,120102,0,16,0,77,0,1,31,122101,5503,1,171,2215,315,146938,1,4,60,2,1,40963,3,4,0,0,0,0,0,4,0,500,275119,21,2,0,30,0,2,16
Aina,Corella,120102,0,1,0,615,0,1,31,132101,5505,1,168,2222,315,146938,1,4,60,2,1,40956,0,2,0,0,0,0,0,2,0,500,275120,45,3,0,30,0,8,1
Naroa,Lete,120102,0,6,0,552,0,1,31,141001,5505,1,171,2222,315,150590,1,4,61,1,1,40962,0,4,0,0,0,0,0,4,0,500,275121,45,4,0,30,0,2,6
Leire,Perlas,120102,0,12,0,928,0,1,31,122101,5506,1,173,2222,315,146938,1,4,61,2,1,40961,3,2,0,0,0,0,0,3,0,500,275122,45,3,0,30,0,2,12
Athenea,Pinilla,120102,0,2,0,617,0,1,31,122101,5507,1,176,2222,315,146938,1,4,63,2,1,40958,0,8,0,0,0,0,0,2,0,500,275123,45,3,0,30,0,2,2
Eunate,Pazos,120102,0,4,0,639,0,1,31,122101,5506,1,175,2222,315,146938,1,4,62,2,1,40964,1,3,0,0,0,0,0,4,0,500,275124,45,3,0,30,0,2,4
Ben,Atkinson,60201,0,6,287,221,0,1,31,232001,2,1,184,60,302,150064,0,4,81,2,0,27082,4,2,0,0,0,1,0,2,0,500,275992,14,2,0,30,0,2,6
Scott,Jackson,60201,0,2,0,167,0,1,31,223101,3517,1,181,60,315,148804,0,4,84,2,0,27071,0,2,0,0,0,1,0,2,0,500,275993,14,2,0,30,0,2,1
Danny,Middleton,1170502,0,15,0,37,0,1,31,232001,33,1,184,60,315,149792,0,4,86,2,0,27099,0,5,0,0,0,1,0,2,0,500,275994,14,1,0,30,0,3,4
Jacob,Miles,60201,0,19,0,117,0,1,31,232001,32,1,179,60,315,150009,0,4,76,2,0,27112,0,5,0,0,0,1,0,2,0,500,275995,14,2,0,30,0,2,20
Scott,Simpson,60201,0,6,0,65,0,1,31,232001,41,1,184,60,315,148811,0,4,79,2,0,27036,4,10,0,0,0,1,0,2,0,500,275996,14,2,0,30,0,3,5
Scott,Tallis,1170502,0,0,0,117,0,1,31,232001,3500,1,178,60,302,148677,0,4,86,2,0,27072,4,3,0,0,0,1,0,3,0,500,275997,14,2,0,30,0,3,4
Phoebe,Cross,120102,0,6,0,910,0,1,31,122101,5517,1,168,2216,315,150344,1,4,67,2,1,40959,3,2,0,0,0,0,0,2,0,500,276010,14,1,0,30,0,7,20
Mel,Burgin,70102,0,6,0,536,0,1,31,122101,9522,1,166,2216,315,148789,1,4,63,2,1,40966,3,5,0,0,0,1,0,4,0,500,276011,14,1,0,30,0,8,6
Ade,Soneye,60201,0,0,285,82,0,1,31,220001,3004,1,180,2216,302,149294,0,4,78,2,0,27050,4,9,0,0,0,1,0,9,0,500,276046,14,8,0,30,0,2,0
