firstnameid,lastnameid,playerjerseynameid,commonnameid,role3,gkglovetypecode,role2,role1,eyebrowcode,skintypecode,haircolorcode,facialhairtypecode,curve,jerseystylecode,agility,tattooback,accessorycode4,gksavetype,positioning,tattooleftarm,hairtypecode,standingtackle,preferredposition3,longpassing,penalties,animfreekickstartposcode,lipcolor,isretiring,longshots,gkdiving,icontrait2,interceptions,shoecolorcode2,crossing,potential,gkreflexes,finishingcode1,reactions,composure,skinsurfacepack,vision,contractvaliduntil,finishing,dribbling,slidingtackle,accessorycode3,accessorycolourcode1,headtypecode,driref,sprintspeed,undershortstyle,height,hasseasonaljersey,tattoohead,preferredposition2,strength,shoetypecode,birthdate,preferredposition1,tattooleftleg,skinmakeup,ballcontrol,phypos,shotpower,trait1,socklengthcode,weight,hashighqualityhead,eyedetail,tattoorightarm,icontrait1,balance,gender,headassetid,gkkicking,defspe,internationalrep,shortpassing,freekickaccuracy,skillmoves,faceposerpreset,artificialkey,usercaneditname,avatarpomid,finishingcode2,aggression,acceleration,paskic,headingaccuracy,iscustomized,runningcode2,modifier,gkhandling,eyecolorcode,jerseysleevelengthcode,accessorycolourcode3,accessorycode1,playerjointeamdate,headclasscode,tattoofront,nationality,preferredfoot,sideburnscode,weakfootabilitytypecode,jumping,personality,gkkickstyle,stamina,playerid,accessorycolourcode4,gkpositioning,headvariation,skillmoveslikelihood,trait2,shohan,skintonecode,shortstyle,overallrating,smallsidedshoetypecode,emotion,runstylecode,muscularitycode,skincomplexion,jerseyfit,accessorycode2,shoedesigncode,shoecolorcode1,hairstylecode,bodytypecode,animpenaltiesstartposcode,pacdiv,defensiveawareness,runningcode1,preferredposition4,volleys,accessorycolourcode2,tattoorightleg,facialhaircolorcode
22914,23348,12143,22913,23,0,37,135,60201,0,0,287,75,0,89,0,0,0,88,0,129,38,18,81,82,2,0,0,86,8,0,38,15,90,88,13,0,87,87,224001,85,2029,85,92,36,0,0,1518,90,88,0,180,1,0,12,75,1,142466,23,0,0,91,77,81,18088460,0,75,1,2,0,65536,77,0,5589,12,38,5,88,81,3,0,1,0,0,0,75,91,86,59,0,0,0,8,3,0,0,0,160432,0,0,38,1,0,4,67,2,0,85,5589,0,10,0,3,0,84,3,0,88,500,3,0,0,4,0,0,0,0,0,2,0,89,33,0,-1,77,0,0,0
30062,4398,4398,0,0,0,0,14,30301,0,0,0,62,0,67,0,0,0,63,0,16,73,14,73,62,0,0,0,74,1,0,74,0,67,67,1,0,60,74,223101,71,2027,65,69,68,0,0,1,71,74,0,190,0,0,12,69,0,150364,10,0,0,74,71,73,0,0,84,1,0,0,0,79,0,26504,1,50,1,77,61,2,0,2,0,0,0,71,74,72,58,0,0,0,1,9,0,0,0,161427,0,0,18,2,0,3,72,4,0,76,26504,0,1,0,2,0,67,9,0,67,500,3,0,0,1,2,0,0,0,0,2,0,74,1,0,-1,39,0,0,0
1476,16106,16106,0,0,0,0,0,30301,0,0,0,1,1,1,0,0,0,1,0,16,1,-1,1,15,0,0,0,1,1,0,1,0,1,1,1,0,1,1,223101,1,2027,20,1,1,0,0,1,1,1,0,131,1,0,-1,1,0,157192,16,0,0,1,2,15,0,0,41,1,0,0,0,1,0,26520,1,1,1,1,15,1,0,3,0,0,0,1,1,2,1,0,0,0,1,9,1,0,0,161197,0,0,14,1,0,3,27,4,0,1,26520,0,1,0,1,0,13,7,0,1,500,3,0,0,1,2,0,0,0,0,90,0,1,1,0,-1,1,0,0,0
13107,39301,39301,0,0,0,0,0,30301,0,0,0,1,1,1,0,0,0,1,0,16,1,-1,1,15,0,0,0,1,1,0,1,2,1,1,1,0,1,1,223101,1,2027,20,1,1,0,0,1,1,1,0,130,1,0,-1,1,0,157192,16,0,0,1,2,15,0,0,54,0,0,0,0,1,0,26521,1,1,1,1,15,1,0,4,0,0,0,1,1,2,1,0,0,0,1,2,1,0,0,161197,0,0,14,1,0,3,27,4,0,1,26521,0,1,0,1,0,13,2,0,1,502,3,0,0,1,2,0,0,2,0,91,0,1,1,0,-1,1,0,0,0
18450,26136,18450,18450,0,0,0,41,30301,0,0,0,90,1,97,0,0,0,90,0,16,81,-1,91,96,0,0,0,88,1,0,86,21,95,87,1,0,90,90,223101,91,2027,92,90,84,0,0,1,91,93,0,140,1,0,-1,40,0,157498,25,0,0,91,63,84,262144,0,41,1,0,0,0,88,0,26551,1,59,4,94,91,4,0,5,0,0,0,89,92,93,84,0,0,0,1,9,1,0,0,161117,0,0,14,1,0,4,77,3,0,86,26551,0,1,0,3,0,89,8,0,87,503,3,0,0,1,2,0,0,21,0,90,0,93,1,0,-1,86,0,0,0
11938,35424,11938,11938,0,0,0,41,30301,0,0,0,90,1,97,0,0,0,90,0,16,81,-1,91,96,0,0,0,88,1,0,86,2,95,87,1,0,90,90,223101,91,2027,92,90,84,0,0,1,91,93,0,135,1,0,-1,40,0,157192,25,0,0,91,63,84,262144,0,41,0,0,0,0,88,0,26552,1,59,4,94,91,4,0,6,0,0,0,89,92,93,84,0,0,0,1,1,1,0,0,161117,0,0,14,1,0,4,77,4,0,86,26552,0,1,0,3,0,89,2,0,87,502,3,0,0,1,2,0,0,2,0,106,0,93,1,0,-1,86,0,0,0
13295,5334,5334,0,0,0,0,0,30301,0,0,0,1,1,1,0,0,0,1,0,16,1,-1,1,1,0,0,0,1,1,0,1,0,1,1,1,0,1,1,223101,1,2027,1,1,1,0,0,1,1,1,0,140,1,0,-1,1,0,157192,16,0,0,1,2,1,0,0,41,0,0,0,0,1,0,26553,1,1,1,1,1,1,0,7,0,0,0,1,1,1,1,0,0,0,1,1,1,0,0,160252,0,0,14,1,0,3,27,4,0,1,26553,0,1,0,1,0,1,2,0,1,500,3,0,0,1,2,0,0,0,0,107,0,1,1,0,-1,1,0,0,0
13295,5335,5335,0,0,0,0,0,30301,0,0,0,1,1,1,0,0,0,1,0,16,1,-1,1,1,0,0,0,1,1,0,1,15,1,1,1,0,1,1,223101,1,2027,1,1,1,0,0,1,1,1,0,140,1,0,-1,1,2,157192,16,0,0,1,2,1,0,0,41,0,0,0,0,1,0,26555,1,1,1,1,1,1,0,8,0,0,0,1,1,1,1,0,0,0,1,1,1,0,0,160252,0,0,14,1,0,3,27,2,0,1,26555,0,1,0,1,0,1,2,0,1,501,3,0,0,1,2,0,0,15,0,108,0,1,1,0,-1,1,0,0,0
11591,35039,13295,0,0,0,0,0,60302,0,0,0,1,0,1,0,0,0,1,0,501,1,-1,1,1,0,0,0,1,1,0,1,0,1,1,1,0,1,1,122101,1,2027,1,1,1,0,0,7000,1,1,0,170,0,0,-1,1,0,146600,16,0,1,1,2,1,0,0,64,1,2,0,0,1,1,26594,1,1,1,1,1,1,0,9,0,0,0,1,1,1,1,0,0,0,1,6,0,0,0,161235,0,0,14,1,0,3,27,3,0,1,26594,0,1,0,1,0,1,2,0,1,500,3,0,0,2,0,0,0,0,0,2,0,1,1,0,-1,1,0,0,0
11591,29390,13295,0,0,0,0,0,60302,0,0,0,1,0,1,0,0,0,1,0,501,1,-1,1,1,0,0,0,1,1,0,1,0,1,1,1,0,1,1,122101,1,2027,1,1,1,0,0,7000,1,1,0,169,0,0,-1,1,0,146600,16,0,1,1,2,1,0,0,65,1,2,0,0,1,1,26598,1,1,1,1,1,1,0,10,0,0,0,1,1,1,1,0,0,0,1,1,0,0,0,161235,0,0,14,1,0,3,27,2,0,1,26598,0,1,0,1,0,1,7,0,1,500,3,0,0,2,0,0,0,0,0,2,0,1,1,0,-1,1,0,0,0
11591,35039,13295,0,0,0,0,0,60302,0,0,0,1,0,1,0,0,0,1,0,501,1,-1,1,1,0,0,0,1,1,0,1,0,1,1,1,0,1,1,122101,1,2027,1,1,1,0,0,7000,1,1,0,171,0,0,-1,1,0,146600,16,0,1,1,2,1,0,0,62,1,2,0,0,1,1,26599,1,1,1,1,1,1,0,11,0,0,0,1,1,1,1,0,0,0,1,2,0,0,0,161235,0,0,14,1,0,3,27,3,0,1,26599,0,1,0,1,0,1,2,0,1,500,3,0,0,2,0,0,0,0,0,127,0,1,1,0,-1,1,0,0,0
22767,3699,22767,22767,0,0,0,41,30301,0,0,0,90,1,97,0,0,0,90,0,16,81,-1,91,96,0,0,0,88,1,0,86,0,95,87,1,0,90,90,223101,91,2027,92,90,84,0,0,1,91,93,0,139,1,0,-1,40,0,157192,25,0,0,91,63,84,262144,0,50,0,0,0,0,88,0,26601,1,59,4,94,91,4,0,12,0,0,0,89,92,93,84,0,0,0,1,1,1,0,0,161117,0,0,54,1,0,4,77,4,0,86,26601,0,1,0,3,0,89,2,0,87,500,3,0,0,1,2,0,0,0,0,109,0,93,1,0,-1,86,0,0,0
5466,19876,19875,19875,0,0,0,41,30301,0,0,0,90,1,97,0,0,0,90,0,16,81,-1,91,96,0,0,0,88,1,0,86,0,95,88,1,0,90,90,223101,91,2027,92,90,84,0,0,1,91,93,0,134,1,0,-1,54,0,157192,25,0,0,91,70,86,262144,0,51,0,0,0,0,88,0,26602,1,59,4,94,91,4,0,13,0,0,0,89,92,93,84,0,0,0,1,1,1,0,0,160252,0,0,54,1,0,4,83,4,0,86,26602,0,1,0,3,0,90,2,0,88,500,3,0,0,1,2,0,0,0,0,109,0,93,1,0,-1,86,0,0,0
41518,41603,41603,0,0,0,0,0,30301,0,0,0,1,1,1,0,0,0,1,0,16,1,-1,1,1,0,0,0,1,1,0,1,0,1,1,1,0,1,1,223101,1,2027,1,1,1,0,0,1,1,1,0,132,1,0,-1,1,0,157437,16,0,0,1,2,1,0,0,55,0,0,0,0,1,0,26621,1,1,1,1,1,1,0,14,0,0,0,1,1,1,1,0,0,0,1,1,1,0,0,160252,0,0,14,1,0,3,27,3,0,1,26621,0,1,0,1,0,1,5,0,1,500,3,0,0,1,2,0,0,0,0,99,0,1,1,0,-1,1,0,0,0
11591,29390,13295,0,0,0,0,0,60302,0,0,0,1,0,1,0,0,0,1,0,501,1,-1,1,1,0,0,0,1,1,0,1,0,1,1,1,0,1,1,122101,1,2027,1,1,1,0,0,7000,1,1,0,171,0,0,-1,1,0,146600,16,0,1,1,2,1,0,0,60,0,2,0,0,1,1,26635,1,1,1,1,1,1,0,15,0,0,0,1,1,1,1,0,0,0,1,2,0,0,0,161235,0,0,14,1,0,3,27,2,0,1,26635,0,1,0,1,0,1,2,0,1,500,3,0,0,2,0,0,0,0,0,97,0,1,1,0,-1,1,0,0,0
11591,29390,13295,0,0,0,0,0,60302,0,0,0,1,0,1,0,0,0,1,0,501,1,-1,1,1,0,0,0,1,1,0,1,0,1,1,1,0,1,1,122101,1,2027,1,1,1,0,0,7000,1,1,0,170,0,0,-1,1,0,146600,16,0,1,1,2,1,0,0,64,0,2,0,0,1,1,26636,1,1,1,1,1,1,0,16,0,0,0,1,1,1,1,0,0,0,1,6,0,0,0,161235,0,0,14,1,0,3,27,2,0,1,26636,0,1,0,1,0,1,2,0,1,500,3,0,0,2,0,0,0,0,0,97,0,1,1,0,-1,1,0,0,0
11955,13295,13295,0,0,0,0,0,1140503,0,0,0,1,0,1,0,0,0,1,0,501,1,-1,1,1,0,0,0,1,1,0,1,0,1,1,1,0,1,1,223101,1,2027,1,1,1,0,0,5500,1,1,0,170,0,0,-1,1,0,146600,16,0,0,1,2,1,0,0,60,0,0,0,0,1,1,26640,1,1,1,1,1,1,0,17,0,0,0,1,1,1,1,0,0,0,1,3,0,0,0,159640,0,0,14,1,0,3,27,2,0,1,26640,0,1,0,1,0,1,2,0,1,500,3,0,0,1,0,0,0,0,0,97,0,1,1,0,-1,1,0,0,0
23714,13295,13295,0,0,0,0,0,30301,0,0,0,1,0,1,0,0,0,1,0,16,1,-1,1,1,0,0,0,1,1,0,1,0,1,1,1,0,1,1,223101,1,2027,1,1,1,0,0,1,1,1,0,180,0,0,-1,1,0,146600,16,0,0,1,2,1,0,0,75,0,0,0,0,1,0,26641,1,1,1,1,1,1,0,18,0,0,0,1,1,1,1,0,0,0,1,1,0,0,0,159640,0,0,14,1,0,3,27,2,0,1,26641,0,1,0,1,0,1,2,0,1,500,3,0,0,1,2,0,0,0,0,80,0,1,1,0,-1,1,0,0,0
23714,13295,13295,0,0,0,0,0,30301,0,0,0,1,0,1,0,0,0,1,0,16,1,-1,1,1,0,0,0,1,1,0,1,0,1,1,1,0,1,1,223101,1,2027,1,1,1,0,0,1,1,1,0,180,0,0,-1,1,0,146600,16,0,0,1,2,1,0,0,75,0,0,0,0,1,0,26642,1,1,1,1,1,1,0,19,0,0,0,1,1,1,1,0,0,0,1,4,0,0,0,159640,0,0,14,1,0,3,27,3,0,1,26642,0,1,0,1,0,1,2,0,1,500,3,0,0,1,2,0,0,0,0,80,0,1,1,0,-1,1,0,0,0
23714,13295,13295,0,0,0,0,0,30301,0,0,0,1,0,1,0,0,0,1,0,16,1,-1,1,1,0,0,0,1,1,0,1,0,1,1,1,0,1,1,223101,1,2027,1,1,1,0,0,1,1,1,0,180,0,0,-1,1,0,146600,16,0,0,1,2,1,0,0,75,0,0,0,0,1,0,26643,1,1,1,1,1,1,0,20,0,0,0,1,1,1,1,0,0,0,1,4,0,0,0,159640,0,0,14,1,0,3,27,3,0,1,26643,0,1,0,1,0,1,2,0,1,500,3,0,0,1,2,0,0,0,0,80,0,1,1,0,-1,1,0,0,0
23714,13295,13295,0,0,0,0,0,30301,0,0,0,1,0,1,0,0,0,1,0,16,1,-1,1,1,0,0,0,1,1,0,1,0,1,1,1,0,1,1,223101,1,2027,1,1,1,0,0,1,1,1,0,184,0,0,-1,1,0,146600,16,0,0,1,2,1,0,0,82,1,0,0,0,1,0,26644,1,1,1,1,1,1,0,21,0,0,0,1,1,1,1,0,0,0,1,3,0,0,0,159640,0,0,14,1,0,3,27,4,0,1,26644,0,1,0,1,0,1,7,0,1,500,3,0,0,1,2,0,0,0,0,80,0,1,1,0,-1,1,0,0,0
23714,13295,13295,0,0,0,0,0,30301,0,0,0,1,0,1,0,0,0,1,0,16,1,-1,1,1,0,0,0,1,1,0,1,0,1,1,1,0,1,1,223101,1,2027,1,1,1,0,0,1,1,1,0,180,0,0,-1,1,0,146600,16,0,0,1,2,1,0,0,75,0,0,0,0,1,0,26645,1,1,1,1,1,1,0,22,0,0,0,1,1,1,1,0,0,0,1,8,0,0,0,159640,0,0,14,1,0,3,27,4,0,1,26645,0,1,0,1,0,1,2,0,1,500,3,0,0,1,2,0,0,0,0,80,0,1,1,0,-1,1,0,0,0
23714,13295,13295,0,0,0,0,0,30301,0,0,0,1,0,1,0,0,0,1,0,16,1,-1,1,1,0,0,0,1,1,0,1,0,1,1,1,0,1,1,223101,1,2027,1,1,1,0,0,1,1,1,0,180,0,0,-1,1,0,146600,16,0,0,1,2,1,0,0,75,0,0,0,0,1,0,26646,1,1,1,1,1,1,0,23,0,0,0,1,1,1,1,0,0,0,1,3,0,0,0,159640,0,0,14,1,0,3,27,2,0,1,26646,0,1,0,1,0,1,2,0,1,500,3,0,0,1,2,0,0,0,0,80,0,1,1,0,-1,1,0,0,0
23714,13295,13295,0,0,0,0,0,30301,0,0,0,1,0,1,0,0,0,1,0,16,1,-1,1,1,0,0,0,1,1,0,1,0,1,1,1,0,1,1,223101,1,2027,1,1,1,0,0,1,1,1,0,180,0,0,-1,1,0,146600,16,0,0,1,2,1,0,0,75,0,0,0,0,1,0,26647,1,1,1,1,1,1,0,24,0,0,0,1,1,1,1,0,0,0,1,1,0,0,0,159640,0,0,14,1,0,3,27,3,0,1,26647,0,1,0,1,0,1,2,0,1,500,3,0,0,1,2,0,0,0,0,80,0,1,1,0,-1,1,0,0,0
23714,13295,13295,0,0,0,0,0,30301,0,0,0,1,0,1,0,0,0,1,0,16,1,-1,1,1,0,0,0,1,1,0,1,0,1,1,1,0,1,1,223101,1,2027,1,1,1,0,0,1,1,1,0,180,0,0,-1,1,0,146600,16,0,0,1,2,1,0,0,75,0,0,0,0,1,0,26648,1,1,1,1,1,1,0,25,0,0,0,1,1,1,1,0,0,0,1,9,0,0,0,159640,0,0,14,1,0,3,27,3,0,1,26648,0,1,0,1,0,1,2,0,1,500,3,0,0,1,2,0,0,0,0,80,0,1,1,0,-1,1,0,0,0
23714,13295,13295,0,0,0,0,0,30301,0,0,0,1,0,1,0,0,0,1,0,16,1,-1,1,1,0,0,0,1,1,0,1,0,1,1,1,0,1,1,223101,1,2027,1,1,1,0,0,1,1,1,0,180,0,0,-1,1,0,146600,16,0,0,1,2,1,0,0,75,0,0,0,0,1,0,26650,1,1,1,1,1,1,0,26,0,0,0,1,1,1,1,0,0,0,1,5,0,0,0,159640,0,0,14,1,0,3,27,4,0,1,26650,0,1,0,1,0,1,2,0,1,500,3,0,0,1,2,0,0,0,0,80,0,1,1,0,-1,1,0,0,0
23714,13295,13295,0,0,0,0,0,30301,0,0,0,1,0,1,0,0,0,1,0,16,1,-1,1,1,0,0,0,1,1,0,1,0,1,1,1,0,1,1,223101,1,2027,1,1,1,0,0,1,1,1,0,180,0,0,-1,1,0,146600,16,0,0,1,2,1,0,0,75,0,0,0,0,1,0,26651,1,1,1,1,1,1,0,27,0,0,0,1,1,1,1,0,0,0,1,3,0,0,0,159640,0,0,14,1,0,3,27,2,0,1,26651,0,1,0,1,0,1,2,0,1,500,3,0,0,1,2,0,0,0,0,80,0,1,1,0,-1,1,0,0,0
37962,7012,7012,0,0,0,0,0,30301,0,0,0,1,0,1,0,0,0,1,0,16,1,-1,1,1,0,0,0,1,1,0,1,0,1,1,1,0,1,1,223101,1,2027,1,1,1,0,0,1,1,1,0,180,0,0,-1,1,0,146600,16,0,0,1,2,1,0,0,75,1,0,0,0,1,0,26669,1,1,1,1,1,1,0,28,0,0,0,1,1,1,1,0,0,0,1,4,0,0,0,161134,0,0,14,1,0,3,27,3,0,1,26669,0,1,0,1,0,1,2,0,1,500,3,0,0,1,2,0,0,0,0,80,0,1,1,0,-1,1,0,0,0
5333,13296,13296,0,0,0,0,0,30301,0,0,0,1,1,1,0,0,0,1,0,16,1,-1,1,1,0,0,0,1,1,0,1,0,1,1,1,0,1,1,223101,1,2027,1,1,1,0,0,1,1,1,0,135,1,0,-1,1,0,157192,16,0,0,1,2,1,0,0,45,0,0,0,0,1,0,26688,1,1,1,1,1,1,0,29,0,0,0,1,1,1,1,0,0,0,1,2,1,0,0,160252,0,0,14,1,0,3,27,2,0,1,26688,0,1,0,1,0,1,1,0,1,500,3,0,0,1,2,0,0,0,0,100,0,1,1,0,-1,1,0,0,0
5333,13297,13297,0,0,0,0,0,30301,0,0,0,1,1,1,0,0,0,1,0,16,1,-1,1,1,0,0,0,1,1,0,1,0,1,1,1,0,1,1,223101,1,2027,1,1,1,0,0,1,1,1,0,133,1,0,-1,1,0,157192,16,0,0,1,2,1,0,0,45,0,0,0,0,1,0,26689,1,1,1,1,1,1,0,30,0,0,0,1,1,1,1,0,0,0,1,9,1,0,0,160252,0,0,14,1,0,3,27,2,0,1,26689,0,1,0,1,0,1,4,0,1,500,3,0,0,1,2,0,0,0,0,103,0,1,1,0,-1,1,0,0,0
5653,14860,14860,0,0,0,0,111,30301,0,0,0,80,1,81,0,0,0,81,0,16,92,-1,91,90,0,0,0,84,1,0,89,15,73,91,1,0,88,87,223101,85,2027,82,90,90,0,0,1,87,89,0,135,1,0,-1,93,0,157437,5,0,0,86,91,91,0,0,70,0,0,0,0,69,0,26690,1,91,5,89,82,4,0,31,0,0,0,92,86,85,86,0,0,0,1,9,1,0,0,161117,0,0,163,1,0,4,95,3,0,85,26690,0,1,0,4,0,84,9,0,91,500,3,0,0,1,2,0,0,0,0,90,0,88,94,0,-1,75,0,0,0
28847,12359,12359,0,0,0,0,35,30301,0,0,0,71,1,84,0,0,0,74,0,16,49,-1,81,69,0,0,0,80,1,0,55,25,75,80,1,0,80,82,223101,81,2027,75,84,48,0,0,1,84,77,0,135,1,0,-1,73,2,157498,23,0,0,85,71,77,0,0,65,0,0,0,0,91,0,26691,1,46,1,82,84,4,0,32,0,0,0,61,84,80,45,0,0,0,1,9,1,0,0,161117,0,0,54,1,0,4,72,3,0,75,26691,0,1,0,4,0,76,5,0,80,502,3,0,0,1,2,0,0,25,0,104,0,80,35,0,-1,76,0,0,0
13615,13296,13296,0,0,0,0,0,30301,0,0,0,1,1,1,0,0,0,1,0,16,1,-1,1,1,0,0,0,1,1,0,1,0,1,1,1,0,1,1,223101,1,2027,1,1,1,0,0,1,1,1,0,134,1,0,-1,1,0,157498,16,0,0,1,2,1,0,0,64,0,0,0,0,1,0,26692,1,1,1,1,1,1,0,33,0,0,0,1,1,1,1,0,0,0,1,9,1,0,0,160252,0,0,14,1,0,3,27,4,0,1,26692,0,1,0,1,0,1,5,0,1,500,3,0,0,1,2,0,0,0,0,102,0,1,1,0,-1,1,0,0,0
13615,13297,13297,0,0,0,0,0,30301,0,0,0,1,1,1,0,0,0,1,0,16,1,-1,1,1,0,0,0,1,1,0,1,0,1,1,1,0,1,1,223101,1,2027,1,1,1,0,0,1,1,1,0,132,1,0,-1,1,0,157192,16,0,0,1,2,1,0,0,66,0,0,0,0,1,0,26693,1,1,1,1,1,1,0,34,0,0,0,1,1,1,1,0,0,0,1,9,1,0,0,160252,0,0,14,1,0,3,27,4,0,1,26693,0,1,0,1,0,1,4,0,1,500,3,0,0,1,2,0,0,0,0,101,0,1,1,0,-1,1,0,0,0
13615,13298,13298,0,0,0,0,0,30301,0,0,0,1,1,1,0,0,0,1,0,16,1,-1,1,1,0,0,0,1,1,0,1,0,1,1,1,0,1,1,223101,1,2027,1,1,1,0,0,1,1,1,0,136,1,0,-1,1,0,157498,16,0,0,1,2,1,0,0,62,0,0,0,0,1,0,26694,1,1,1,1,1,1,0,35,0,0,0,1,1,1,1,0,0,0,1,1,1,0,0,160252,0,0,14,1,0,3,27,2,0,1,26694,0,1,0,1,0,1,2,0,1,500,3,0,0,1,2,0,0,0,0,90,0,1,1,0,-1,1,0,0,0
16633,32128,32128,0,0,0,0,38,30301,0,0,0,72,1,84,0,0,0,79,0,16,50,-1,84,77,0,0,0,82,1,0,55,15,74,82,1,0,80,92,223101,90,2027,77,84,58,0,0,1,85,77,0,132,1,0,-1,73,2,157345,27,0,0,86,72,75,0,0,64,0,0,0,0,91,0,26695,1,53,3,83,86,4,0,36,0,0,0,66,84,82,50,0,0,0,1,9,1,0,0,161117,0,0,54,2,0,4,75,2,0,75,26695,0,1,0,4,0,78,8,0,82,500,3,0,0,1,2,0,0,0,0,105,0,80,55,0,-1,75,0,0,0
13615,13299,13299,0,0,0,0,0,30301,0,0,0,1,1,1,0,0,0,1,0,16,1,-1,1,1,0,0,0,1,1,0,1,0,1,1,1,0,1,1,223101,1,2027,1,1,1,0,0,1,1,1,0,133,1,0,-1,1,0,157192,16,0,0,1,2,1,0,0,65,0,0,0,0,1,0,26697,1,1,1,1,1,1,0,37,0,0,0,1,1,1,1,0,0,0,1,2,1,0,0,160252,0,0,14,1,0,3,27,4,0,1,26697,0,1,0,1,0,1,1,0,1,500,3,0,0,1,2,0,0,0,0,102,0,1,1,0,-1,1,0,0,0
31874,41509,19034,19034,0,0,0,131,2150301,0,3,0,94,0,94,0,0,0,93,0,158,69,-1,92,93,0,0,0,93,1,0,74,14,93,95,1,0,95,97,223101,95,2027,92,96,68,0,0,2508,96,95,0,186,1,0,-1,89,1,145922,18,0,0,96,87,93,262145,0,78,1,2,0,131072,93,0,27018,1,72,5,95,91,4,0,38,0,0,0,74,96,94,80,0,0,0,1,3,0,0,0,159661,0,0,54,1,0,4,93,3,0,93,27018,0,1,0,4,0,93,4,0,95,501,2,0,0,2,0,0,0,14,0,5,0,95,72,0,-1,93,0,0,0
31874,41509,19034,19034,0,0,0,131,2150301,0,3,0,94,0,94,0,0,0,93,0,158,69,-1,92,93,0,0,0,93,1,0,74,0,93,95,1,0,95,97,223101,95,2027,92,96,68,0,0,2508,96,95,0,186,1,0,-1,89,0,145922,18,0,0,96,87,93,262145,0,78,0,2,0,131072,93,0,27020,1,72,5,95,91,4,0,39,0,0,0,74,96,94,80,0,0,0,1,3,0,0,0,159853,1,0,54,1,0,4,93,4,0,93,27020,0,1,0,4,0,93,2,0,95,500,2,0,0,2,0,0,0,0,0,5,0,95,72,0,-1,93,0,0,0
30312,30312,30312,0,0,0,0,0,30301,0,0,0,1,0,1,0,0,0,1,0,16,1,-1,1,1,0,0,0,1,1,0,1,0,1,1,1,0,1,1,223101,1,2027,1,1,1,0,0,1,1,1,0,180,0,0,-1,1,0,146600,16,0,0,1,2,1,0,0,75,0,0,0,0,1,0,27026,1,1,1,1,1,1,0,40,0,0,0,1,1,1,1,0,0,0,1,1,0,0,0,161235,1,0,14,1,0,3,27,4,0,1,27026,0,1,0,1,0,1,2,0,1,500,3,0,0,1,2,0,0,0,0,3,0,1,1,0,-1,1,0,0,0
30313,30313,30313,0,0,0,0,0,30301,0,0,0,1,1,1,0,0,0,1,0,16,1,-1,1,1,0,0,0,1,1,0,1,0,1,1,1,0,1,1,223101,1,2027,1,1,1,0,0,1,1,1,0,134,1,0,-1,1,0,157498,16,0,0,1,2,1,0,0,44,1,0,0,0,1,0,27086,1,1,1,1,1,1,0,41,0,0,0,1,1,1,1,0,0,0,1,9,1,0,0,161117,0,0,14,1,0,3,27,2,0,1,27086,0,1,0,1,0,1,3,0,1,500,3,0,0,1,2,0,0,0,0,102,0,1,1,0,-1,1,0,0,0
30314,30314,30314,0,0,0,0,0,30301,0,0,0,1,1,1,0,0,0,1,0,16,1,-1,1,1,0,0,0,1,1,0,1,0,1,1,1,0,1,1,223101,1,2027,1,1,1,0,0,1,1,1,0,132,1,0,-1,1,0,157498,16,0,0,1,2,1,0,0,51,1,0,0,0,1,0,27087,1,1,1,1,1,1,0,42,0,0,0,1,1,1,1,0,0,0,1,9,1,0,0,161117,0,0,14,1,0,3,27,3,0,1,27087,0,1,0,1,0,1,4,0,1,500,3,0,0,1,2,0,0,0,0,105,0,1,1,0,-1,1,0,0,0
30315,30315,30315,0,0,0,0,0,30301,0,0,0,1,1,1,0,0,0,1,0,16,1,-1,1,1,0,0,0,1,1,0,1,0,1,1,1,0,1,1,223101,1,2027,1,1,1,0,0,1,1,1,0,132,1,0,-1,1,0,157498,16,0,0,1,2,1,0,0,49,1,0,0,0,1,0,27088,1,1,1,1,1,1,0,43,0,0,0,1,1,1,1,0,0,0,1,2,1,0,0,161117,0,0,14,1,0,3,27,3,0,1,27088,0,1,0,1,0,1,2,0,1,500,3,0,0,1,2,0,0,0,0,99,0,1,1,0,-1,1,0,0,0
30316,30316,30316,0,0,0,0,0,30301,0,0,0,1,1,1,0,0,0,1,0,16,1,-1,1,1,0,0,0,1,1,0,1,0,1,1,1,0,1,1,223101,1,2027,1,1,1,0,0,1,1,1,0,132,1,0,-1,1,0,157498,16,0,0,1,2,1,0,0,49,1,0,0,0,1,0,27089,1,1,1,1,1,1,0,44,0,0,0,1,1,1,1,0,0,0,1,3,1,0,0,161117,0,0,14,1,0,3,27,4,0,1,27089,0,1,0,1,0,1,2,0,1,500,3,0,0,1,2,0,0,0,0,101,0,1,1,0,-1,1,0,0,0
30317,30317,30317,0,0,0,0,0,30301,0,0,0,1,1,1,0,0,0,1,0,16,1,-1,1,1,0,0,0,1,1,0,1,0,1,1,1,0,1,1,223101,1,2027,1,1,1,0,0,1,1,1,0,135,1,0,-1,1,0,157498,16,0,0,1,2,1,0,0,49,1,0,0,0,1,0,27090,1,1,1,1,1,1,0,45,0,0,0,1,1,1,1,0,0,0,1,9,1,0,0,161117,0,0,14,1,0,3,27,4,0,1,27090,0,1,0,1,0,1,7,0,1,500,3,0,0,1,2,0,0,0,0,102,0,1,1,0,-1,1,0,0,0
30318,30318,30318,0,0,0,0,0,30301,0,0,0,1,1,1,0,0,0,1,0,16,1,-1,1,1,0,0,0,1,1,0,1,0,1,1,1,0,1,1,223101,1,2027,1,1,1,0,0,1,1,1,0,132,1,0,-1,1,0,157498,16,0,0,1,2,1,0,0,49,1,0,0,0,1,0,27091,1,1,1,1,1,1,0,46,0,0,0,1,1,1,1,0,0,0,1,3,1,0,0,161117,0,0,14,1,0,3,27,2,0,1,27091,0,1,0,1,0,1,2,0,1,500,3,0,0,1,2,0,0,0,0,99,0,1,1,0,-1,1,0,0,0
30500,10048,10048,0,0,0,0,0,30301,0,0,0,1,0,1,0,0,0,1,0,16,1,-1,1,1,0,0,0,1,1,0,1,0,1,1,1,0,1,1,223101,1,2027,1,1,1,0,0,1,1,1,0,180,0,0,-1,1,0,146600,16,0,0,1,2,1,0,0,75,1,0,0,0,1,0,27094,1,1,1,1,1,1,0,47,0,0,0,1,1,1,1,0,0,0,1,9,0,0,0,161134,0,0,14,1,0,3,27,4,0,1,27094,0,1,0,1,0,1,4,0,1,500,3,0,0,1,2,0,0,0,0,88,0,1,1,0,-1,1,0,0,0
30500,10049,10049,0,0,0,0,0,30301,0,0,0,1,0,1,0,0,0,1,0,16,1,-1,1,1,0,0,0,1,1,0,1,0,1,1,1,0,1,1,223101,1,2027,1,1,1,0,0,1,1,1,0,180,0,0,-1,1,0,146600,16,0,0,1,2,1,0,0,75,1,0,0,0,1,0,27095,1,1,1,1,1,1,0,48,0,0,0,1,1,1,1,0,0,0,1,9,0,0,0,161134,0,0,14,1,0,3,27,4,0,1,27095,0,1,0,1,0,1,3,0,1,500,3,0,0,1,2,0,0,0,0,81,0,1,1,0,-1,1,0,0,0
30500,10050,10050,0,0,0,0,0,30301,0,0,0,1,0,1,0,0,0,1,0,16,1,-1,1,1,0,0,0,1,1,0,1,0,1,1,1,0,1,1,223101,1,2027,1,1,1,0,0,1,1,1,0,180,0,0,-1,1,0,146600,16,0,0,1,2,1,0,0,75,1,0,0,0,1,0,27096,1,1,1,1,1,1,0,49,0,0,0,1,1,1,1,0,0,0,1,3,0,0,0,161134,0,0,14,1,0,3,27,2,0,1,27096,0,1,0,1,0,1,3,0,1,500,3,0,0,1,2,0,0,0,0,82,0,1,1,0,-1,1,0,0,0
30302,30302,30302,0,0,0,0,0,30301,0,0,0,1,0,1,0,0,0,1,0,16,1,-1,1,1,0,0,0,1,1,0,1,0,1,1,1,0,1,1,223101,1,2027,1,1,1,0,0,1,1,1,0,180,0,0,-1,1,0,146600,16,0,0,1,2,1,0,0,75,0,0,0,0,1,0,27102,1,1,1,1,1,1,0,50,0,0,0,1,1,1,1,0,0,0,1,1,0,0,0,161235,1,0,14,1,0,3,27,2,0,1,27102,0,1,0,1,0,1,2,0,1,500,3,0,0,1,2,0,0,0,0,3,0,1,1,0,-1,1,0,0,0
30303,30303,30303,0,0,0,0,0,30301,0,0,0,1,0,1,0,0,0,1,0,16,1,-1,1,1,0,0,0,1,1,0,1,0,1,1,1,0,1,1,223101,1,2027,1,1,1,0,0,1,1,1,0,180,0,0,-1,1,0,146600,16,0,0,1,2,1,0,0,75,1,0,0,0,1,0,27103,1,1,1,1,1,1,0,51,0,0,0,1,1,1,1,0,0,0,1,1,0,0,0,161235,0,0,14,1,0,3,27,3,0,1,27103,0,1,0,1,0,1,2,0,1,500,3,0,0,1,2,0,0,0,0,2,0,1,1,0,-1,1,0,0,0
30304,30304,30304,0,0,0,0,0,30301,0,0,0,1,0,1,0,0,0,1,0,16,1,-1,1,1,0,0,0,1,1,0,1,0,1,1,1,0,1,1,223101,1,2027,1,1,1,0,0,1,1,1,0,180,0,0,-1,1,0,146600,16,0,0,1,2,1,0,0,75,0,0,0,0,1,0,27105,1,1,1,1,1,1,0,52,0,0,0,1,1,1,1,0,0,0,1,1,0,0,0,161235,1,0,14,1,0,3,27,4,0,1,27105,0,1,0,1,0,1,2,0,1,500,3,0,0,1,2,0,0,0,0,3,0,1,1,0,-1,1,0,0,0
11177,6337,6337,0,0,0,0,0,30301,0,0,0,1,0,1,0,0,0,1,0,16,1,-1,1,1,0,0,0,1,1,0,1,0,1,1,1,0,1,1,223101,1,2027,1,1,1,0,0,1,1,1,0,188,0,0,-1,1,0,140110,16,0,0,1,2,1,0,0,82,1,0,0,0,1,0,167198,1,1,1,1,1,1,0,53,0,0,0,1,1,1,1,0,0,0,1,4,0,0,0,159325,0,0,18,1,0,3,27,4,0,1,27116,0,1,1,1,0,1,3,0,1,500,3,0,0,1,2,0,0,0,0,3,0,1,1,0,-1,1,0,0,0
11177,6337,6337,0,0,0,0,0,30301,0,0,0,1,0,1,0,0,0,1,0,16,1,-1,1,1,0,0,0,1,1,0,1,0,1,1,1,0,1,1,223101,1,2027,1,1,1,0,0,1,1,1,0,188,0,0,-1,1,0,140110,16,0,0,1,2,1,0,0,82,1,0,0,0,1,0,167198,1,1,1,1,1,1,0,54,0,0,0,1,1,1,1,0,0,0,1,4,0,0,0,160222,0,0,18,1,0,3,27,3,0,1,27126,0,1,2,1,0,1,3,0,1,500,3,0,0,1,2,0,0,0,0,3,0,1,1,0,-1,1,0,0,0
30310,30310,30310,0,0,0,0,0,1140503,0,0,0,1,0,1,0,0,0,1,0,501,1,-1,1,1,0,0,0,1,1,0,1,0,1,1,1,0,1,1,223101,1,2027,1,1,1,0,0,5500,1,1,0,180,0,0,-1,1,0,146600,16,0,0,1,2,1,0,0,75,0,0,0,0,1,1,27201,1,1,1,1,1,1,0,55,0,0,0,1,1,1,1,0,0,0,1,1,0,0,0,161235,1,0,14,1,0,3,27,3,0,1,27201,0,1,0,1,0,1,2,0,1,500,3,0,0,1,0,0,0,0,0,3,0,1,1,0,-1,1,0,0,0
30311,30311,30311,0,0,0,0,0,1140503,0,0,0,1,0,1,0,0,0,1,0,501,1,-1,1,1,0,0,0,1,1,0,1,0,1,1,1,0,1,1,223101,1,2027,1,1,1,0,0,5500,1,1,0,180,0,0,-1,1,0,146600,16,0,0,1,2,1,0,0,75,0,0,0,0,1,1,27202,1,1,1,1,1,1,0,56,0,0,0,1,1,1,1,0,0,0,1,1,0,0,0,161235,1,0,14,1,0,3,27,4,0,1,27202,0,1,0,1,0,1,2,0,1,500,3,0,0,1,0,0,0,0,0,3,0,1,1,0,-1,1,0,0,0
934,16834,16834,0,0,0,0,18,1140503,0,0,0,45,0,66,0,0,0,59,0,501,59,-1,67,55,0,0,0,59,1,0,54,0,46,66,1,0,66,59,223101,67,2027,60,62,62,0,0,5500,65,72,0,165,0,0,-1,54,0,146600,14,0,0,67,61,63,0,0,75,0,0,0,0,80,1,27255,1,55,1,72,49,4,0,57,0,0,0,66,69,63,56,0,0,0,1,1,0,0,0,161235,1,0,163,2,0,3,61,4,0,69,27255,0,1,0,4,0,59,2,0,66,500,3,0,0,1,0,0,0,0,0,9,0,71,49,0,-1,47,0,0,0
29479,9230,9230,0,0,0,0,18,1140503,0,0,0,69,0,71,0,0,0,62,0,501,73,-1,74,51,0,0,0,70,8,0,74,0,66,75,9,0,75,69,223101,74,2027,55,75,64,0,0,5500,75,64,0,162,0,0,-1,80,0,146600,14,0,0,79,79,78,0,0,75,0,0,0,0,65,1,27256,9,69,1,79,70,2,0,58,0,0,0,78,65,74,60,0,0,0,9,1,0,0,0,161235,1,0,18,1,0,3,75,4,0,80,27256,0,9,0,4,0,63,2,0,75,500,3,0,0,1,0,0,0,0,0,9,0,64,66,0,-1,60,0,0,0
13340,4162,4162,0,0,0,0,18,1140503,0,0,0,73,0,61,0,0,0,69,0,501,44,-1,76,55,0,0,0,72,1,0,58,0,77,73,1,0,74,74,223101,79,2027,55,71,45,0,0,5500,72,69,0,166,0,0,-1,75,0,146600,14,0,0,77,76,75,0,0,75,0,0,0,0,70,1,27257,1,50,1,79,60,4,0,59,0,0,0,74,68,77,51,0,0,0,1,1,0,0,0,161235,1,0,14,1,0,3,69,2,0,82,27257,0,1,0,4,0,63,2,0,73,500,3,0,0,1,0,0,0,0,0,9,0,69,52,0,-1,50,0,0,0
31817,11955,11955,0,0,0,0,0,1140503,0,0,0,1,0,1,0,0,0,1,0,501,1,-1,1,1,0,0,0,1,1,0,1,0,1,1,1,0,1,1,223101,1,2027,1,1,1,0,0,5500,1,1,0,184,0,0,-1,1,0,146600,16,0,0,1,2,1,0,0,75,1,0,0,0,1,1,27262,1,1,1,1,1,1,0,60,0,0,0,1,1,1,1,0,0,0,1,1,0,0,0,161235,0,0,14,1,0,3,27,4,0,1,27262,0,1,0,1,0,1,2,0,1,500,3,0,0,1,0,0,0,0,0,202,0,1,1,0,-1,1,0,0,0
11592,29390,13295,0,0,0,0,0,60201,0,0,0,1,0,1,0,0,0,1,0,16,1,-1,1,1,0,0,0,1,1,0,1,0,1,1,1,0,1,1,223101,1,2028,1,1,1,0,0,5500,1,1,0,180,0,0,-1,1,0,146600,16,0,0,1,2,1,0,0,75,0,2,0,0,1,0,40007,1,1,1,1,1,1,0,61,0,0,0,1,1,1,1,0,0,0,1,4,0,0,0,161235,0,0,14,1,0,3,27,2,0,1,40007,0,1,0,1,0,1,2,0,1,500,3,0,0,2,2,0,0,0,0,2,0,1,1,0,-1,1,0,0,0
11592,35039,13295,0,0,0,0,0,2150301,0,3,0,1,0,1,0,0,0,1,0,78,1,-1,1,1,0,0,0,1,1,0,1,0,1,1,1,0,1,1,232001,1,2028,1,1,1,0,0,5500,1,1,0,178,0,0,-1,1,0,142745,16,0,0,1,2,1,0,0,74,0,2,0,0,1,0,40016,1,1,1,1,1,1,0,62,0,0,0,1,1,1,1,0,0,0,1,1,0,0,0,161235,0,0,14,1,0,3,27,4,0,1,40016,0,1,0,1,0,1,2,0,1,500,3,0,0,2,0,0,0,0,0,2,0,1,1,0,-1,1,0,0,3
8174,8174,8174,0,0,0,0,0,30301,0,0,0,1,0,1,0,0,0,1,0,16,1,-1,1,1,0,0,0,1,1,0,1,0,1,1,1,0,1,1,223101,1,2028,1,1,1,0,0,1,1,1,0,180,0,0,-1,1,0,146600,16,0,0,1,2,1,0,0,75,1,0,0,0,1,0,40030,1,1,1,1,1,1,0,63,0,0,0,1,1,1,1,0,0,0,1,3,0,0,0,160231,0,0,14,1,0,3,27,2,0,1,40030,0,1,0,1,0,1,6,0,1,500,3,0,0,1,2,0,0,0,0,2,0,1,1,0,-1,1,0,0,0
8175,8175,8175,0,0,0,0,0,30301,0,0,0,1,0,1,0,0,0,1,0,16,1,-1,1,1,0,0,0,1,1,0,1,0,1,1,1,0,1,1,223101,1,2028,1,1,1,0,0,1,1,1,0,180,0,0,-1,1,0,146600,16,0,0,1,2,1,0,0,75,1,0,0,0,1,0,40031,1,1,1,1,1,1,0,64,0,0,0,1,1,1,1,0,0,0,1,2,0,0,0,160231,0,0,14,1,0,3,27,3,0,1,40031,0,1,0,1,0,1,2,0,1,500,3,0,0,1,2,0,0,0,0,2,0,1,1,0,-1,1,0,0,0
11592,29390,13295,0,0,0,0,0,60201,0,0,0,1,0,1,0,0,0,1,0,16,1,-1,1,1,0,0,0,1,1,0,1,0,1,1,1,0,1,1,223101,1,2028,1,1,1,0,0,5500,1,1,0,180,0,0,-1,1,0,146600,16,0,0,1,2,1,0,0,75,1,2,0,0,1,0,40032,1,1,1,1,1,1,0,65,0,0,0,1,1,1,1,0,0,0,1,4,0,0,0,161235,0,0,14,1,0,3,27,4,0,1,40032,0,1,0,1,0,1,2,0,1,500,3,0,0,2,2,0,0,0,0,2,0,1,1,0,-1,1,0,0,0
8176,8176,8176,0,0,0,0,0,30301,0,0,0,1,0,1,0,0,0,1,0,16,1,-1,1,1,0,0,0,1,1,0,1,0,1,1,1,0,1,1,223101,1,2028,1,1,1,0,0,1,1,1,0,180,0,0,-1,1,0,146600,16,0,0,1,2,1,0,0,75,1,0,0,0,1,0,40033,1,1,1,1,1,1,0,66,0,0,0,1,1,1,1,0,0,0,1,4,0,0,0,160231,0,0,14,1,0,3,27,4,0,1,40033,0,1,0,1,0,1,2,0,1,500,3,0,0,1,2,0,0,0,0,2,0,1,1,0,-1,1,0,0,0
8177,8177,8177,0,0,0,0,0,30301,0,0,0,1,0,1,0,0,0,1,0,16,1,-1,1,1,0,0,0,1,1,0,1,0,1,1,1,0,1,1,223101,1,2028,1,1,1,0,0,1,1,1,0,180,0,0,-1,1,0,146600,16,0,0,1,2,1,0,0,75,1,0,0,0,1,0,40034,1,1,1,1,1,1,0,67,0,0,0,1,1,1,1,0,0,0,1,2,0,0,0,160231,0,0,14,1,0,3,27,2,0,1,40034,0,1,0,1,0,1,3,0,1,500,3,0,0,1,2,0,0,0,0,2,0,1,1,0,-1,1,0,0,0
8178,8178,8178,0,0,0,0,0,30301,0,0,0,1,0,1,0,0,0,1,0,16,1,-1,1,1,0,0,0,1,1,0,1,0,1,1,1,0,1,1,223101,1,2028,1,1,1,0,0,1,1,1,0,180,0,0,-1,1,0,146600,16,0,0,1,2,1,0,0,75,1,0,0,0,1,0,40035,1,1,1,1,1,1,0,68,0,0,0,1,1,1,1,0,0,0,1,4,0,0,0,160231,0,0,14,1,0,3,27,2,0,1,40035,0,1,0,1,0,1,4,0,1,500,3,0,0,1,2,0,0,0,0,2,0,1,1,0,-1,1,0,0,0
8179,8179,8179,0,0,0,0,0,30301,0,0,0,1,0,1,0,0,0,1,0,16,1,-1,1,1,0,0,0,1,1,0,1,0,1,1,1,0,1,1,223101,1,2028,1,1,1,0,0,1,1,1,0,180,0,0,-1,1,0,146600,16,0,0,1,2,1,0,0,75,1,0,0,0,1,0,40036,1,1,1,1,1,1,0,69,0,0,0,1,1,1,1,0,0,0,1,3,0,0,0,160231,0,0,14,1,0,3,27,3,0,1,40036,0,1,0,1,0,1,4,0,1,500,3,0,0,1,2,0,0,0,0,2,0,1,1,0,-1,1,0,0,0
8180,8180,8180,0,0,0,0,0,30301,0,0,0,1,0,1,0,0,0,1,0,16,1,-1,1,1,0,0,0,1,1,0,1,0,1,1,1,0,1,1,223101,1,2028,1,1,1,0,0,1,1,1,0,180,0,0,-1,1,0,146600,16,0,0,1,2,1,0,0,75,1,0,0,0,1,0,40037,1,1,1,1,1,1,0,70,0,0,0,1,1,1,1,0,0,0,1,3,0,0,0,160231,0,0,14,1,0,3,27,3,0,1,40037,0,1,0,1,0,1,8,0,1,500,3,0,0,1,2,0,0,0,0,2,0,1,1,0,-1,1,0,0,0
11592,35039,13295,0,0,0,0,0,60201,0,0,0,1,0,1,0,0,0,1,0,16,1,-1,1,1,0,0,0,1,1,0,1,0,1,1,1,0,1,1,223101,1,2028,1,1,1,0,0,5500,1,1,0,184,0,0,-1,1,0,146600,16,0,0,1,2,1,0,0,82,0,2,0,0,1,0,40038,1,1,1,1,1,1,0,71,0,0,0,1,1,1,1,0,0,0,1,9,0,0,0,161235,0,0,14,1,0,3,27,4,0,1,40038,0,1,0,1,0,1,9,0,1,500,3,0,0,2,2,0,0,0,0,2,0,1,1,0,-1,1,0,0,0
11592,29390,13295,0,0,0,0,0,60201,0,0,0,1,0,1,0,0,0,1,0,16,1,-1,1,1,0,0,0,1,1,0,1,0,1,1,1,0,1,1,223101,1,2028,1,1,1,0,0,5500,1,1,0,180,0,0,-1,1,0,146600,16,0,0,1,2,1,0,0,75,1,2,0,0,1,0,40039,1,1,1,1,1,1,0,72,0,0,0,1,1,1,1,0,0,0,1,3,0,0,0,161235,0,0,14,1,0,3,27,4,0,1,40039,0,1,0,1,0,1,4,0,1,500,3,0,0,2,2,0,0,0,0,2,0,1,1,0,-1,1,0,0,0
8181,8181,8181,0,0,0,0,0,30301,0,0,0,1,0,1,0,0,0,1,0,16,1,-1,1,1,0,0,0,1,1,0,1,0,1,1,1,0,1,1,223101,1,2028,1,1,1,0,0,1,1,1,0,180,0,0,-1,1,0,146600,16,0,0,1,2,1,0,0,75,1,0,0,0,1,0,40040,1,1,1,1,1,1,0,73,0,0,0,1,1,1,1,0,0,0,1,3,0,0,0,160231,0,0,14,1,0,3,27,2,0,1,40040,0,1,0,1,0,1,5,0,1,500,3,0,0,1,2,0,0,0,0,2,0,1,1,0,-1,1,0,0,0
11592,35039,13295,0,0,0,0,0,60201,0,0,0,1,0,1,0,0,0,1,0,16,1,-1,1,1,0,0,0,1,1,0,1,0,1,1,1,0,1,1,223101,1,2028,1,1,1,0,0,5500,1,1,0,180,0,0,-1,1,0,146600,16,0,0,1,2,1,0,0,75,1,2,0,0,1,0,40041,1,1,1,1,1,1,0,74,0,0,0,1,1,1,1,0,0,0,1,4,0,0,0,161235,0,0,14,1,0,3,27,3,0,1,40041,0,1,0,1,0,1,5,0,1,500,3,0,0,2,2,0,0,0,0,2,0,1,1,0,-1,1,0,0,0
11592,35039,13295,0,0,0,0,0,60201,0,6,0,1,0,1,0,0,0,1,0,12,1,-1,1,1,0,0,0,1,1,0,1,0,1,1,1,0,1,1,232001,1,2028,1,1,1,0,0,5500,1,1,0,177,0,0,-1,1,0,144853,16,0,0,1,2,1,0,0,67,1,2,0,0,1,0,40042,1,1,1,1,1,1,0,75,0,0,0,1,1,1,1,0,0,0,1,3,0,0,0,161235,0,0,14,1,0,3,27,3,0,1,40042,0,1,0,1,0,1,5,0,1,500,3,0,0,2,0,0,0,0,0,2,0,1,1,0,-1,1,0,0,0
8182,8182,8182,0,0,0,0,0,30301,0,0,0,1,0,1,0,0,0,1,0,16,1,-1,1,1,0,0,0,1,1,0,1,0,1,1,1,0,1,1,223101,1,2028,1,1,1,0,0,1,1,1,0,180,0,0,-1,1,0,146600,16,0,0,1,2,1,0,0,75,1,0,0,0,1,0,40043,1,1,1,1,1,1,0,76,0,0,0,1,1,1,1,0,0,0,1,5,0,0,0,160231,0,0,14,1,0,3,27,4,0,1,40043,0,1,0,1,0,1,2,0,1,500,3,0,0,1,2,0,0,0,0,2,0,1,1,0,-1,1,0,0,0
11592,35039,13295,0,0,0,0,0,60201,0,0,287,1,0,1,0,0,0,1,0,16,1,-1,1,1,0,0,0,1,1,0,1,0,1,1,1,0,1,1,223101,1,2028,1,1,1,0,0,5500,1,1,0,188,0,0,-1,1,0,143888,16,0,0,1,2,1,0,0,85,1,2,0,0,1,0,40044,1,1,1,1,1,1,0,77,0,0,0,1,1,1,1,0,0,0,1,3,0,0,0,161235,0,0,14,1,0,3,27,4,0,1,40044,0,1,0,1,0,1,3,0,1,500,3,0,0,2,0,0,0,0,0,2,0,1,1,0,-1,1,0,0,0
8183,8183,8183,0,0,0,0,0,30301,0,0,0,1,0,1,0,0,0,1,0,16,1,-1,1,1,0,0,0,1,1,0,1,0,1,1,1,0,1,1,223101,1,2028,1,1,1,0,0,1,1,1,0,180,0,0,-1,1,0,146600,16,0,0,1,2,1,0,0,75,1,0,0,0,1,0,40045,1,1,1,1,1,1,0,78,0,0,0,1,1,1,1,0,0,0,1,8,0,0,0,160231,0,0,14,1,0,3,27,2,0,1,40045,0,1,0,1,0,1,2,0,1,500,3,0,0,1,2,0,0,0,0,2,0,1,1,0,-1,1,0,0,0
11592,35039,13295,0,0,0,0,0,60201,0,0,287,1,0,1,0,0,0,1,0,129,1,-1,1,1,0,0,0,1,1,0,1,0,1,1,1,0,1,1,224001,1,2028,1,1,1,0,0,5500,1,1,0,180,0,0,-1,1,0,142466,16,0,0,1,2,1,0,0,75,1,2,0,0,1,0,40046,1,1,1,1,1,1,0,79,0,0,0,1,1,1,1,0,0,0,1,4,0,0,0,161235,0,0,14,1,0,3,27,2,0,1,40046,0,1,0,1,0,1,3,0,1,500,3,0,0,4,0,0,0,0,0,2,0,1,1,0,-1,1,0,0,0
8184,8184,8184,0,0,0,0,0,30301,0,0,0,1,0,1,0,0,0,1,0,16,1,-1,1,1,0,0,0,1,1,0,1,0,1,1,1,0,1,1,223101,1,2028,1,1,1,0,0,1,1,1,0,180,0,0,-1,1,0,146600,16,0,0,1,2,1,0,0,75,1,0,0,0,1,0,40047,1,1,1,1,1,1,0,80,0,0,0,1,1,1,1,0,0,0,1,4,0,0,0,160231,0,0,14,1,0,3,27,3,0,1,40047,0,1,0,1,0,1,3,0,1,500,3,0,0,1,2,0,0,0,0,2,0,1,1,0,-1,1,0,0,0
29390,23720,23720,0,0,0,0,0,30301,0,0,0,1,0,1,0,0,0,1,0,16,1,-1,1,1,0,0,0,1,1,0,1,0,1,1,1,0,1,1,223101,1,2028,1,1,1,0,0,1,1,1,0,180,0,0,-1,1,0,146600,16,0,0,1,2,1,0,0,75,1,0,0,0,1,0,40048,1,1,1,1,1,1,0,81,0,0,0,1,1,1,1,0,0,0,1,3,0,0,0,161235,0,0,14,1,0,3,27,3,0,1,40048,0,1,0,1,0,1,5,0,1,500,3,0,0,1,2,0,0,0,0,2,0,1,1,0,-1,1,0,0,0
11592,35039,13295,0,0,0,0,0,70000,0,3,27,1,0,1,0,0,0,1,0,6,1,-1,1,1,0,0,0,1,1,0,1,0,1,1,1,0,1,1,224001,1,2028,1,1,1,0,0,5500,1,1,0,189,0,0,-1,1,0,144660,16,0,0,1,2,1,0,0,87,1,2,0,0,1,0,40049,1,1,1,1,1,1,0,82,0,0,0,1,1,1,1,0,0,0,1,3,0,0,0,161235,0,0,14,1,0,3,27,4,0,1,40049,0,1,0,1,0,1,7,0,1,500,3,0,0,4,0,0,0,0,0,2,0,1,1,0,-1,1,0,0,0
11592,35039,13295,0,0,0,0,0,60201,0,0,0,1,0,1,0,0,0,1,0,16,1,-1,1,1,0,0,0,1,1,0,1,0,1,1,1,0,1,1,223101,1,2028,1,1,1,0,0,5500,1,1,0,180,0,0,-1,1,0,146600,16,0,0,1,2,1,0,0,75,1,2,0,0,1,0,40050,1,1,1,1,1,1,0,83,0,0,0,1,1,1,1,0,0,0,1,9,0,0,0,161235,0,0,14,1,0,3,27,2,0,1,40050,0,1,0,1,0,1,9,0,1,500,3,0,0,2,2,0,0,0,0,2,0,1,1,0,-1,1,0,0,0
8185,8185,8185,0,0,0,0,0,30301,0,0,0,1,0,1,0,0,0,1,0,16,1,-1,1,1,0,0,0,1,1,0,1,0,1,1,1,0,1,1,223101,1,2028,1,1,1,0,0,1,1,1,0,180,0,0,-1,1,0,146600,16,0,0,1,2,1,0,0,75,1,0,0,0,1,0,40051,1,1,1,1,1,1,0,84,0,0,0,1,1,1,1,0,0,0,1,3,0,0,0,160231,0,0,14,1,0,3,27,2,0,1,40051,0,1,0,1,0,1,4,0,1,500,3,0,0,1,2,0,0,0,0,2,0,1,1,0,-1,1,0,0,0
8186,8186,8186,0,0,0,0,0,30301,0,0,0,1,0,1,0,0,0,1,0,16,1,-1,1,1,0,0,0,1,1,0,1,0,1,1,1,0,1,1,223101,1,2028,1,1,1,0,0,1,1,1,0,180,0,0,-1,1,0,146600,16,0,0,1,2,1,0,0,75,1,0,0,0,1,0,40052,1,1,1,1,1,1,0,85,0,0,0,1,1,1,1,0,0,0,1,3,0,0,0,160231,0,0,14,1,0,3,27,3,0,1,40052,0,1,0,1,0,1,3,0,1,500,3,0,0,1,2,0,0,0,0,2,0,1,1,0,-1,1,0,0,0
8187,8187,8187,0,0,0,0,0,30301,0,0,0,1,0,1,0,0,0,1,0,16,1,-1,1,1,0,0,0,1,1,0,1,0,1,1,1,0,1,1,223101,1,2028,1,1,1,0,0,1,1,1,0,180,0,0,-1,1,0,146600,16,0,0,1,2,1,0,0,75,1,0,0,0,1,0,40053,1,1,1,1,1,1,0,86,0,0,0,1,1,1,1,0,0,0,1,5,0,0,0,160231,0,0,14,1,0,3,27,3,0,1,40053,0,1,0,1,0,1,2,0,1,500,3,0,0,1,2,0,0,0,0,2,0,1,1,0,-1,1,0,0,0
8188,8188,8188,0,0,0,0,0,30301,0,0,0,1,0,1,0,0,0,1,0,16,1,-1,1,1,0,0,0,1,1,0,1,0,1,1,1,0,1,1,223101,1,2028,1,1,1,0,0,1,1,1,0,180,0,0,-1,1,0,146600,16,0,0,1,2,1,0,0,75,1,0,0,0,1,0,40054,1,1,1,1,1,1,0,87,0,0,0,1,1,1,1,0,0,0,1,7,0,0,0,160231,0,0,14,1,0,3,27,4,0,1,40054,0,1,0,1,0,1,4,0,1,500,3,0,0,1,2,0,0,0,0,2,0,1,1,0,-1,1,0,0,0
8189,8189,8189,0,0,0,0,0,30301,0,0,0,1,0,1,0,0,0,1,0,16,1,-1,1,1,0,0,0,1,1,0,1,0,1,1,1,0,1,1,223101,1,2028,1,1,1,0,0,1,1,1,0,180,0,0,-1,1,0,146600,16,0,0,1,2,1,0,0,75,1,0,0,0,1,0,40055,1,1,1,1,1,1,0,88,0,0,0,1,1,1,1,0,0,0,1,2,0,0,0,160231,0,0,14,1,0,3,27,4,0,1,40055,0,1,0,1,0,1,3,0,1,500,3,0,0,1,2,0,0,0,0,2,0,1,1,0,-1,1,0,0,0
8190,8190,8190,0,0,0,0,0,30301,0,0,0,1,0,1,0,0,0,1,0,16,1,-1,1,1,0,0,0,1,1,0,1,0,1,1,1,0,1,1,223101,1,2028,1,1,1,0,0,1,1,1,0,180,0,0,-1,1,0,146600,16,0,0,1,2,1,0,0,75,1,0,0,0,1,0,40056,1,1,1,1,1,1,0,89,0,0,0,1,1,1,1,0,0,0,1,4,0,0,0,160231,0,0,14,1,0,3,27,2,0,1,40056,0,1,0,1,0,1,9,0,1,500,3,0,0,1,2,0,0,0,0,2,0,1,1,0,-1,1,0,0,0
11592,35039,13295,0,0,0,0,0,60201,0,0,0,1,0,1,0,0,0,1,0,16,1,-1,1,1,0,0,0,1,1,0,1,0,1,1,1,0,1,1,223101,1,2028,1,1,1,0,0,5500,1,1,0,177,0,0,-1,1,0,155342,16,0,0,1,2,1,0,0,67,1,2,0,0,1,0,40057,1,1,1,1,1,1,0,90,0,0,0,1,1,1,1,0,0,0,1,5,1,0,0,161235,0,0,14,1,0,3,27,3,0,1,40057,0,1,0,1,0,1,4,0,1,500,3,0,0,2,2,0,0,0,0,2,0,1,1,0,-1,1,0,0,0
8191,8191,8191,0,0,0,0,0,30301,0,0,0,1,0,1,0,0,0,1,0,16,1,-1,1,1,0,0,0,1,1,0,1,0,1,1,1,0,1,1,223101,1,2028,1,1,1,0,0,1,1,1,0,180,0,0,-1,1,0,146600,16,0,0,1,2,1,0,0,75,1,0,0,0,1,0,40058,1,1,1,1,1,1,0,91,0,0,0,1,1,1,1,0,0,0,1,3,0,0,0,160231,0,0,14,1,0,3,27,3,0,1,40058,0,1,0,1,0,1,4,0,1,500,3,0,0,1,2,0,0,0,0,2,0,1,1,0,-1,1,0,0,0
8192,8192,8192,0,0,0,0,0,30301,0,0,0,1,0,1,0,0,0,1,0,16,1,-1,1,1,0,0,0,1,1,0,1,0,1,1,1,0,1,1,223101,1,2028,1,1,1,0,0,1,1,1,0,180,0,0,-1,1,0,146600,16,0,0,1,2,1,0,0,75,1,0,0,0,1,0,40059,1,1,1,1,1,1,0,92,0,0,0,1,1,1,1,0,0,0,1,3,0,0,0,160231,0,0,14,1,0,3,27,4,0,1,40059,0,1,0,1,0,1,5,0,1,500,3,0,0,1,2,0,0,0,0,2,0,1,1,0,-1,1,0,0,0
8193,8193,8193,0,0,0,0,0,30301,0,0,0,1,0,1,0,0,0,1,0,16,1,-1,1,1,0,0,0,1,1,0,1,0,1,1,1,0,1,1,223101,1,2028,1,1,1,0,0,1,1,1,0,180,0,0,-1,1,0,146600,16,0,0,1,2,1,0,0,75,1,0,0,0,1,0,40060,1,1,1,1,1,1,0,93,0,0,0,1,1,1,1,0,0,0,1,7,0,0,0,160231,0,0,14,1,0,3,27,4,0,1,40060,0,1,0,1,0,1,4,0,1,500,3,0,0,1,2,0,0,0,0,2,0,1,1,0,-1,1,0,0,0
8194,8194,8194,0,0,0,0,0,30301,0,0,0,1,0,1,0,0,0,1,0,16,1,-1,1,1,0,0,0,1,1,0,1,0,1,1,1,0,1,1,223101,1,2028,1,1,1,0,0,1,1,1,0,180,0,0,-1,1,0,146600,16,0,0,1,2,1,0,0,75,0,0,0,0,1,0,40061,1,1,1,1,1,1,0,94,0,0,0,1,1,1,1,0,0,0,1,1,0,0,0,160231,0,0,14,1,0,3,27,2,0,1,40061,0,1,0,1,0,1,2,0,1,500,3,0,0,1,2,0,0,0,0,2,0,1,1,0,-1,1,0,0,0
8195,8195,8195,0,0,0,0,0,30301,0,0,0,1,0,1,0,0,0,1,0,16,1,-1,1,1,0,0,0,1,1,0,1,0,1,1,1,0,1,1,223101,1,2028,1,1,1,0,0,1,1,1,0,180,0,0,-1,1,0,146600,16,0,0,1,2,1,0,0,75,1,0,0,0,1,0,40062,1,1,1,1,1,1,0,95,0,0,0,1,1,1,1,0,0,0,1,2,0,0,0,160231,0,0,14,1,0,3,27,2,0,1,40062,0,1,0,1,0,1,3,0,1,500,3,0,0,1,2,0,0,0,0,2,0,1,1,0,-1,1,0,0,0
8196,8196,8196,0,0,0,0,0,30301,0,0,0,1,0,1,0,0,0,1,0,16,1,-1,1,1,0,0,0,1,1,0,1,0,1,1,1,0,1,1,223101,1,2028,1,1,1,0,0,1,1,1,0,180,0,0,-1,1,0,146600,16,0,0,1,2,1,0,0,75,1,0,0,0,1,0,40063,1,1,1,1,1,1,0,96,0,0,0,1,1,1,1,0,0,0,1,5,0,0,0,160231,0,0,14,1,0,3,27,3,0,1,40063,0,1,0,1,0,1,2,0,1,500,3,0,0,1,2,0,0,0,0,2,0,1,1,0,-1,1,0,0,0
8197,8197,8197,0,0,0,0,0,30301,0,0,0,1,0,1,0,0,0,1,0,16,1,-1,1,1,0,0,0,1,1,0,1,0,1,1,1,0,1,1,223101,1,2028,1,1,1,0,0,1,1,1,0,180,0,0,-1,1,0,146600,16,0,0,1,2,1,0,0,75,1,0,0,0,1,0,40064,1,1,1,1,1,1,0,97,0,0,0,1,1,1,1,0,0,0,1,1,0,0,0,160231,0,0,14,1,0,3,27,3,0,1,40064,0,1,0,1,0,1,3,0,1,500,3,0,0,1,2,0,0,0,0,2,0,1,1,0,-1,1,0,0,0
8198,8198,8198,0,0,0,0,0,30301,0,0,0,1,0,1,0,0,0,1,0,16,1,-1,1,1,0,0,0,1,1,0,1,0,1,1,1,0,1,1,223101,1,2028,1,1,1,0,0,1,1,1,0,180,0,0,-1,1,0,146600,16,0,0,1,2,1,0,0,75,1,0,0,0,1,0,40065,1,1,1,1,1,1,0,98,0,0,0,1,1,1,1,0,0,0,1,9,0,0,0,160231,0,0,14,1,0,3,27,4,0,1,40065,0,1,0,1,0,1,10,0,1,500,3,0,0,1,2,0,0,0,0,2,0,1,1,0,-1,1,0,0,0
8199,8199,8199,0,0,0,0,0,30301,0,0,0,1,0,1,0,0,0,1,0,16,1,-1,1,1,0,0,0,1,1,0,1,0,1,1,1,0,1,1,223101,1,2028,1,1,1,0,0,1,1,1,0,180,0,0,-1,1,0,146600,16,0,0,1,2,1,0,0,75,1,0,0,0,1,0,40066,1,1,1,1,1,1,0,99,0,0,0,1,1,1,1,0,0,0,1,9,0,0,0,160231,0,0,14,1,0,3,27,2,0,1,40066,0,1,0,1,0,1,2,0,1,500,3,0,0,1,2,0,0,0,0,2,0,1,1,0,-1,1,0,0,0
11592,35039,13295,0,0,0,0,0,60201,0,0,28,1,0,1,0,0,0,1,0,45,1,-1,1,1,0,0,0,1,1,0,1,0,1,1,1,0,1,1,220001,1,2028,1,1,1,0,0,5500,1,1,0,173,0,0,-1,1,0,142749,16,0,0,1,2,1,0,0,70,1,2,0,0,1,0,40067,1,1,1,1,1,1,0,100,0,0,0,1,1,1,1,0,0,0,1,3,0,0,0,161235,0,0,14,1,0,3,27,2,0,1,40067,0,1,0,1,0,1,8,0,1,500,3,0,0,9,0,0,0,0,0,2,0,1,1,0,-1,1,0,0,0
8200,8200,8200,0,0,0,0,0,30301,0,0,0,1,0,1,0,0,0,1,0,16,1,-1,1,1,0,0,0,1,1,0,1,0,1,1,1,0,1,1,223101,1,2028,1,1,1,0,0,1,1,1,0,180,0,0,-1,1,0,146600,16,0,0,1,2,1,0,0,75,1,0,0,0,1,0,40068,1,1,1,1,1,1,0,101,0,0,0,1,1,1,1,0,0,0,1,1,0,0,0,160231,0,0,14,1,0,3,27,3,0,1,40068,0,1,0,1,0,1,2,0,1,500,3,0,0,1,2,0,0,0,0,2,0,1,1,0,-1,1,0,0,0
29390,23719,23719,0,0,0,0,0,30301,0,0,0,1,0,1,0,0,0,1,0,16,1,-1,1,1,0,0,0,1,1,0,1,0,1,1,1,0,1,1,223101,1,2028,1,1,1,0,0,1,1,1,0,180,0,0,-1,1,0,146600,16,0,0,1,2,1,0,0,75,1,0,0,0,1,0,40069,1,1,1,1,1,1,0,102,0,0,0,1,1,1,1,0,0,0,1,2,0,0,0,161235,0,0,14,1,0,3,27,3,0,1,40069,0,1,0,1,0,1,2,0,1,500,3,0,0,1,2,0,0,0,0,2,0,1,1,0,-1,1,0,0,0
8201,8201,8201,0,0,0,0,0,30301,0,0,0,1,0,1,0,0,0,1,0,16,1,-1,1,1,0,0,0,1,1,0,1,0,1,1,1,0,1,1,223101,1,2028,1,1,1,0,0,1,1,1,0,180,0,0,-1,1,0,146600,16,0,0,1,2,1,0,0,75,1,0,0,0,1,0,40070,1,1,1,1,1,1,0,103,0,0,0,1,1,1,1,0,0,0,1,9,0,0,0,160231,0,0,14,1,0,3,27,4,0,1,40070,0,1,0,1,0,1,5,0,1,500,3,0,0,1,2,0,0,0,0,2,0,1,1,0,-1,1,0,0,0
8202,8202,8202,0,0,0,0,0,30301,0,0,0,1,0,1,0,0,0,1,0,16,1,-1,1,1,0,0,0,1,1,0,1,0,1,1,1,0,1,1,223101,1,2028,1,1,1,0,0,1,1,1,0,180,0,0,-1,1,0,146600,16,0,0,1,2,1,0,0,75,1,0,0,0,1,0,40071,1,1,1,1,1,1,0,104,0,0,0,1,1,1,1,0,0,0,1,3,0,0,0,160231,0,0,14,1,0,3,27,4,0,1,40071,0,1,0,1,0,1,2,0,1,500,3,0,0,1,2,0,0,0,0,2,0,1,1,0,-1,1,0,0,0
8203,8203,8203,0,0,0,0,0,30301,0,0,0,1,0,1,0,0,0,1,0,16,1,-1,1,1,0,0,0,1,1,0,1,0,1,1,1,0,1,1,223101,1,2028,1,1,1,0,0,1,1,1,0,180,0,0,-1,1,0,146600,16,0,0,1,2,1,0,0,75,1,0,0,0,1,0,40072,1,1,1,1,1,1,0,105,0,0,0,1,1,1,1,0,0,0,1,3,0,0,0,160231,0,0,14,1,0,3,27,2,0,1,40072,0,1,0,1,0,1,5,0,1,500,3,0,0,1,2,0,0,0,0,2,0,1,1,0,-1,1,0,0,0
8204,8204,8204,0,0,0,0,0,30301,0,0,0,1,0,1,0,0,0,1,0,16,1,-1,1,1,0,0,0,1,1,0,1,0,1,1,1,0,1,1,223101,1,2028,1,1,1,0,0,1,1,1,0,180,0,0,-1,1,0,146600,16,0,0,1,2,1,0,0,75,1,0,0,0,1,0,40073,1,1,1,1,1,1,0,106,0,0,0,1,1,1,1,0,0,0,1,1,0,0,0,160231,0,0,14,1,0,3,27,2,0,1,40073,0,1,0,1,0,1,4,0,1,500,3,0,0,1,2,0,0,0,0,2,0,1,1,0,-1,1,0,0,0
8205,8205,8205,0,0,0,0,0,30301,0,0,0,1,0,1,0,0,0,1,0,16,1,-1,1,1,0,0,0,1,1,0,1,0,1,1,1,0,1,1,223101,1,2028,1,1,1,0,0,1,1,1,0,180,0,0,-1,1,0,146600,16,0,0,1,2,1,0,0,75,1,0,0,0,1,0,40074,1,1,1,1,1,1,0,107,0,0,0,1,1,1,1,0,0,0,1,5,0,0,0,160231,0,0,14,1,0,3,27,3,0,1,40074,0,1,0,1,0,1,3,0,1,500,3,0,0,1,2,0,0,0,0,2,0,1,1,0,-1,1,0,0,0
8206,8206,8206,0,0,0,0,0,30301,0,0,0,1,0,1,0,0,0,1,0,16,1,-1,1,1,0,0,0,1,1,0,1,0,1,1,1,0,1,1,223101,1,2028,1,1,1,0,0,1,1,1,0,180,0,0,-1,1,0,146600,16,0,0,1,2,1,0,0,75,1,0,0,0,1,0,40075,1,1,1,1,1,1,0,108,0,0,0,1,1,1,1,0,0,0,1,8,0,0,0,160231,0,0,14,1,0,3,27,4,0,1,40075,0,1,0,1,0,1,2,0,1,500,3,0,0,1,2,0,0,0,0,2,0,1,1,0,-1,1,0,0,0
8207,8207,8207,0,0,0,0,0,30301,0,0,0,1,0,1,0,0,0,1,0,16,1,-1,1,1,0,0,0,1,1,0,1,0,1,1,1,0,1,1,223101,1,2028,1,1,1,0,0,1,1,1,0,180,0,0,-1,1,0,146600,16,0,0,1,2,1,0,0,75,1,0,0,0,1,0,40076,1,1,1,1,1,1,0,109,0,0,0,1,1,1,1,0,0,0,1,3,0,0,0,160231,0,0,14,1,0,3,27,4,0,1,40076,0,1,0,1,0,1,4,0,1,500,3,0,0,1,2,0,0,0,0,2,0,1,1,0,-1,1,0,0,0
8208,8208,8208,0,0,0,0,0,30301,0,0,0,1,0,1,0,0,0,1,0,16,1,-1,1,1,0,0,0,1,1,0,1,0,1,1,1,0,1,1,223101,1,2028,1,1,1,0,0,1,1,1,0,180,0,0,-1,1,0,146600,16,0,0,1,2,1,0,0,75,1,0,0,0,1,0,40077,1,1,1,1,1,1,0,110,0,0,0,1,1,1,1,0,0,0,1,5,0,0,0,160231,0,0,14,1,0,3,27,2,0,1,40077,0,1,0,1,0,1,4,0,1,500,3,0,0,1,2,0,0,0,0,2,0,1,1,0,-1,1,0,0,0
8209,8209,8209,0,0,0,0,0,30301,0,0,0,1,0,1,0,0,0,1,0,16,1,-1,1,1,0,0,0,1,1,0,1,0,1,1,1,0,1,1,223101,1,2028,1,1,1,0,0,1,1,1,0,180,0,0,-1,1,0,146600,16,0,0,1,2,1,0,0,75,1,0,0,0,1,0,40078,1,1,1,1,1,1,0,111,0,0,0,1,1,1,1,0,0,0,1,4,0,0,0,160231,0,0,14,1,0,3,27,2,0,1,40078,0,1,0,1,0,1,4,0,1,500,3,0,0,1,2,0,0,0,0,2,0,1,1,0,-1,1,0,0,0
8210,8210,8210,0,0,0,0,0,30301,0,0,0,1,0,1,0,0,0,1,0,16,1,-1,1,1,0,0,0,1,1,0,1,0,1,1,1,0,1,1,223101,1,2028,1,1,1,0,0,1,1,1,0,180,0,0,-1,1,0,146600,16,0,0,1,2,1,0,0,75,1,0,0,0,1,0,40079,1,1,1,1,1,1,0,112,0,0,0,1,1,1,1,0,0,0,1,4,0,0,0,160231,0,0,14,1,0,3,27,3,0,1,40079,0,1,0,1,0,1,4,0,1,500,3,0,0,1,2,0,0,0,0,2,0,1,1,0,-1,1,0,0,0
8211,8211,8211,0,0,0,0,0,30301,0,0,0,1,0,1,0,0,0,1,0,16,1,-1,1,1,0,0,0,1,1,0,1,0,1,1,1,0,1,1,223101,1,2028,1,1,1,0,0,1,1,1,0,180,0,0,-1,1,0,146600,16,0,0,1,2,1,0,0,75,1,0,0,0,1,0,40080,1,1,1,1,1,1,0,113,0,0,0,1,1,1,1,0,0,0,1,3,0,0,0,160231,0,0,14,1,0,3,27,3,0,1,40080,0,1,0,1,0,1,4,0,1,500,3,0,0,1,2,0,0,0,0,2,0,1,1,0,-1,1,0,0,0
8212,8212,8212,0,0,0,0,0,30301,0,0,0,1,0,1,0,0,0,1,0,16,1,-1,1,1,0,0,0,1,1,0,1,0,1,1,1,0,1,1,223101,1,2028,1,1,1,0,0,1,1,1,0,180,0,0,-1,1,0,146600,16,0,0,1,2,1,0,0,75,1,0,0,0,1,0,40081,1,1,1,1,1,1,0,114,0,0,0,1,1,1,1,0,0,0,1,3,0,0,0,160231,0,0,14,1,0,3,27,4,0,1,40081,0,1,0,1,0,1,2,0,1,500,3,0,0,1,2,0,0,0,0,2,0,1,1,0,-1,1,0,0,0
8213,8213,8213,0,0,0,0,0,30301,0,0,0,1,0,1,0,0,0,1,0,16,1,-1,1,1,0,0,0,1,1,0,1,0,1,1,1,0,1,1,223101,1,2028,1,1,1,0,0,1,1,1,0,180,0,0,-1,1,0,146600,16,0,0,1,2,1,0,0,75,1,0,0,0,1,0,40082,1,1,1,1,1,1,0,115,0,0,0,1,1,1,1,0,0,0,1,5,0,0,0,160231,0,0,14,1,0,3,27,4,0,1,40082,0,1,0,1,0,1,2,0,1,500,3,0,0,1,2,0,0,0,0,2,0,1,1,0,-1,1,0,0,0
8214,8214,8214,0,0,0,0,0,30301,0,0,0,1,0,1,0,0,0,1,0,16,1,-1,1,1,0,0,0,1,1,0,1,0,1,1,1,0,1,1,223101,1,2028,1,1,1,0,0,1,1,1,0,180,0,0,-1,1,0,146600,16,0,0,1,2,1,0,0,75,1,0,0,0,1,0,40083,1,1,1,1,1,1,0,116,0,0,0,1,1,1,1,0,0,0,1,2,0,0,0,160231,0,0,14,1,0,3,27,2,0,1,40083,0,1,0,1,0,1,3,0,1,500,3,0,0,1,2,0,0,0,0,2,0,1,1,0,-1,1,0,0,0
8215,8215,8215,0,0,0,0,0,30301,0,0,0,1,0,1,0,0,0,1,0,16,1,-1,1,1,0,0,0,1,1,0,1,0,1,1,1,0,1,1,223101,1,2028,1,1,1,0,0,1,1,1,0,180,0,0,-1,1,0,146600,16,0,0,1,2,1,0,0,75,1,0,0,0,1,0,40084,1,1,1,1,1,1,0,117,0,0,0,1,1,1,1,0,0,0,1,2,0,0,0,160231,0,0,14,1,0,3,27,3,0,1,40084,0,1,0,1,0,1,3,0,1,500,3,0,0,1,2,0,0,0,0,2,0,1,1,0,-1,1,0,0,0
8216,8216,8216,0,0,0,0,0,30301,0,0,0,1,0,1,0,0,0,1,0,16,1,-1,1,1,0,0,0,1,1,0,1,0,1,1,1,0,1,1,223101,1,2028,1,1,1,0,0,1,1,1,0,180,0,0,-1,1,0,146600,16,0,0,1,2,1,0,0,75,1,0,0,0,1,0,40085,1,1,1,1,1,1,0,118,0,0,0,1,1,1,1,0,0,0,1,4,0,0,0,160231,0,0,14,1,0,3,27,3,0,1,40085,0,1,0,1,0,1,6,0,1,500,3,0,0,1,2,0,0,0,0,2,0,1,1,0,-1,1,0,0,0
8217,8217,8217,0,0,0,0,0,30301,0,0,0,1,0,1,0,0,0,1,0,16,1,-1,1,1,0,0,0,1,1,0,1,0,1,1,1,0,1,1,223101,1,2028,1,1,1,0,0,1,1,1,0,180,0,0,-1,1,0,146600,16,0,0,1,2,1,0,0,75,1,0,0,0,1,0,40086,1,1,1,1,1,1,0,119,0,0,0,1,1,1,1,0,0,0,1,1,0,0,0,160231,0,0,14,1,0,3,27,4,0,1,40086,0,1,0,1,0,1,2,0,1,500,3,0,0,1,2,0,0,0,0,2,0,1,1,0,-1,1,0,0,0
8218,8218,8218,0,0,0,0,0,30301,0,0,0,1,0,1,0,0,0,1,0,16,1,-1,1,1,0,0,0,1,1,0,1,0,1,1,1,0,1,1,223101,1,2028,1,1,1,0,0,1,1,1,0,180,0,0,-1,1,0,146600,16,0,0,1,2,1,0,0,75,1,0,0,0,1,0,40087,1,1,1,1,1,1,0,120,0,0,0,1,1,1,1,0,0,0,1,2,0,0,0,160231,0,0,14,1,0,3,27,4,0,1,40087,0,1,0,1,0,1,2,0,1,500,3,0,0,1,2,0,0,0,0,2,0,1,1,0,-1,1,0,0,0
8219,8219,8219,0,0,0,0,0,30301,0,0,0,1,0,1,0,0,0,1,0,16,1,-1,1,1,0,0,0,1,1,0,1,0,1,1,1,0,1,1,223101,1,2028,1,1,1,0,0,1,1,1,0,180,0,0,-1,1,0,146600,16,0,0,1,2,1,0,0,75,1,0,0,0,1,0,40088,1,1,1,1,1,1,0,121,0,0,0,1,1,1,1,0,0,0,1,2,0,0,0,160231,0,0,14,1,0,3,27,2,0,1,40088,0,1,0,1,0,1,2,0,1,500,3,0,0,1,2,0,0,0,0,2,0,1,1,0,-1,1,0,0,0
8220,8220,8220,0,0,0,0,0,30301,0,0,0,1,0,1,0,0,0,1,0,16,1,-1,1,1,0,0,0,1,1,0,1,0,1,1,1,0,1,1,223101,1,2028,1,1,1,0,0,1,1,1,0,180,0,0,-1,1,0,146600,16,0,0,1,2,1,0,0,75,1,0,0,0,1,0,40089,1,1,1,1,1,1,0,122,0,0,0,1,1,1,1,0,0,0,1,8,0,0,0,160231,0,0,14,1,0,3,27,2,0,1,40089,0,1,0,1,0,1,4,0,1,500,3,0,0,1,2,0,0,0,0,2,0,1,1,0,-1,1,0,0,0
36796,36796,36796,0,0,0,0,0,30301,0,0,0,1,0,1,0,0,0,1,0,16,1,-1,1,1,0,0,0,1,1,0,1,0,1,1,1,0,1,1,223101,1,2028,1,1,1,0,0,1,1,1,0,180,0,0,-1,1,0,146600,16,0,0,1,2,1,0,0,75,0,0,0,0,1,0,40104,1,1,1,1,1,1,0,123,0,0,0,1,1,1,1,0,0,0,1,1,0,0,0,161232,0,0,14,1,0,3,27,2,0,1,40104,0,1,0,1,0,1,2,0,1,500,3,0,0,1,2,0,0,0,0,2,0,1,1,0,-1,1,0,0,0
36798,36798,36798,0,0,0,0,0,30301,0,0,0,1,0,1,0,0,0,1,0,16,1,-1,1,1,0,0,0,1,1,0,1,0,1,1,1,0,1,1,223101,1,2028,1,1,1,0,0,1,1,1,0,180,0,0,-1,1,0,146600,16,0,0,1,2,1,0,0,75,1,0,0,0,1,0,40130,1,1,1,1,1,1,0,124,0,0,0,1,1,1,1,0,0,0,1,4,0,0,0,161235,0,0,14,1,0,3,27,4,0,1,40130,0,1,0,1,0,1,7,0,1,500,3,0,0,1,2,0,0,0,0,2,0,1,1,0,-1,1,0,0,0
36797,36797,36797,0,0,0,0,0,30301,0,0,0,1,0,1,0,0,0,1,0,16,1,-1,1,1,0,0,0,1,1,0,1,0,1,1,1,0,1,1,223101,1,2028,1,1,1,0,0,1,1,1,0,180,0,0,-1,1,0,146600,16,0,0,1,2,1,0,0,75,1,0,0,0,1,0,40135,1,1,1,1,1,1,0,125,0,0,0,1,1,1,1,0,0,0,1,1,0,0,0,161235,0,0,14,1,0,3,27,4,0,1,40135,0,1,0,1,0,1,3,0,1,500,3,0,0,1,2,0,0,0,0,2,0,1,1,0,-1,1,0,0,0
30301,30301,30301,0,0,0,0,0,30301,0,0,0,1,0,1,0,0,0,1,0,16,1,-1,1,1,0,0,0,1,1,0,1,0,1,1,1,0,1,1,223101,1,2028,1,1,1,0,0,1,1,1,0,180,0,0,-1,1,0,146600,16,0,0,1,2,1,0,0,75,0,0,0,0,1,0,40400,1,1,1,1,1,1,0,126,0,0,0,1,1,1,1,0,0,0,1,1,0,0,0,161235,0,0,14,1,0,3,27,2,0,1,40400,0,1,0,1,0,1,2,0,1,500,3,0,0,1,2,0,0,0,0,2,0,1,1,0,-1,1,0,0,0
30309,30309,30309,0,0,0,0,0,30301,0,0,0,1,0,1,0,0,0,1,0,16,1,-1,1,1,0,0,0,1,1,0,1,0,1,1,1,0,1,1,223101,1,2028,1,1,1,0,0,1,1,1,0,180,0,0,-1,1,0,146600,16,0,0,1,2,1,0,0,75,0,0,0,0,1,0,40401,1,1,1,1,1,1,0,127,0,0,0,1,1,1,1,0,0,0,1,1,0,0,0,161235,0,0,14,1,0,3,27,3,0,1,40401,0,1,0,1,0,1,2,0,1,500,3,0,0,1,2,0,0,0,0,2,0,1,1,0,-1,1,0,0,0
11592,39278,13295,0,0,0,0,0,60201,0,0,0,1,0,1,0,0,0,1,0,16,1,-1,1,1,0,0,0,1,1,0,1,0,1,1,1,0,1,1,223101,1,2028,1,1,1,0,0,5500,1,1,0,180,0,0,-1,1,0,146600,16,0,0,1,2,1,0,0,75,1,2,0,0,1,0,40402,1,1,1,1,1,1,0,128,0,0,0,1,1,1,1,0,0,0,1,9,0,0,0,161235,0,0,14,1,0,3,27,3,0,1,40402,0,1,0,1,0,1,3,0,1,500,3,0,0,2,2,0,0,0,0,2,0,1,1,0,-1,1,0,0,0
11592,33957,13295,0,0,0,0,0,60201,0,0,0,1,0,1,0,0,0,1,0,16,1,-1,1,1,0,0,0,1,1,0,1,0,1,1,1,0,1,1,223101,1,2028,1,1,1,0,0,5500,1,1,0,180,0,0,-1,1,0,146600,16,0,0,1,2,1,0,0,75,1,2,0,0,1,0,40405,1,1,1,1,1,1,0,129,0,0,0,1,1,1,1,0,0,0,1,9,0,0,0,161235,0,0,14,1,0,3,27,2,0,1,40405,0,1,0,1,0,1,9,0,1,500,3,0,0,2,2,0,0,0,0,2,0,1,1,0,-1,1,0,0,0
30305,30305,30305,0,0,0,0,0,30301,0,0,0,1,0,1,0,0,0,1,0,16,1,-1,1,1,0,0,0,1,1,0,1,0,1,1,1,0,1,1,223101,1,2028,1,1,1,0,0,1,1,1,0,180,0,0,-1,1,0,146600,16,0,0,1,2,1,0,0,75,1,0,0,0,1,0,40410,1,1,1,1,1,1,0,130,0,0,0,1,1,1,1,0,0,0,1,3,0,0,0,161235,0,0,14,1,0,3,27,2,0,1,40410,0,1,0,1,0,1,5,0,1,500,3,0,0,1,2,0,0,0,0,2,0,1,1,0,-1,1,0,0,0
30306,30306,30306,0,0,0,0,0,30301,0,0,0,1,0,1,0,0,0,1,0,16,1,-1,1,1,0,0,0,1,1,0,1,0,1,1,1,0,1,1,223101,1,2028,1,1,1,0,0,1,1,1,0,180,0,0,-1,1,0,146600,16,0,0,1,2,1,0,0,75,0,0,0,0,1,0,40411,1,1,1,1,1,1,0,131,0,0,0,1,1,1,1,0,0,0,1,1,0,0,0,161235,0,0,14,1,0,3,27,2,0,1,40411,0,1,0,1,0,1,2,0,1,500,3,0,0,1,2,0,0,0,0,2,0,1,1,0,-1,1,0,0,0
30307,30307,30307,0,0,0,0,0,30301,0,0,0,1,0,1,0,0,0,1,0,16,1,-1,1,1,0,0,0,1,1,0,1,0,1,1,1,0,1,1,223101,1,2028,1,1,1,0,0,1,1,1,0,180,0,0,-1,1,0,146600,16,0,0,1,2,1,0,0,75,0,0,0,0,1,0,40412,1,1,1,1,1,1,0,132,0,0,0,1,1,1,1,0,0,0,1,9,0,0,0,161235,0,0,14,1,0,3,27,3,0,1,40412,0,1,0,1,0,1,3,0,1,500,3,0,0,1,2,0,0,0,0,2,0,1,1,0,-1,1,0,0,0
30308,30308,30308,0,0,0,0,0,30301,0,0,0,1,0,1,0,0,0,1,0,16,1,-1,1,1,0,0,0,1,1,0,1,0,1,1,1,0,1,1,223101,1,2028,1,1,1,0,0,1,1,1,0,180,0,0,-1,1,0,146600,16,0,0,1,2,1,0,0,75,1,0,0,0,1,0,40413,1,1,1,1,1,1,0,133,0,0,0,1,1,1,1,0,0,0,1,9,0,0,0,161235,0,0,14,1,0,3,27,4,0,1,40413,0,1,0,1,0,1,8,0,1,500,3,0,0,1,2,0,0,0,0,2,0,1,1,0,-1,1,0,0,0
11592,35039,13295,0,0,0,0,0,60201,0,0,0,1,0,1,0,0,0,1,0,16,1,-1,1,1,0,0,0,1,1,0,1,0,1,1,1,0,1,1,223101,1,2028,1,1,1,0,0,5500,1,1,0,180,0,0,-1,1,0,146600,16,0,0,1,2,1,0,0,75,1,2,0,0,1,0,40419,1,1,1,1,1,1,0,134,0,0,0,1,1,1,1,0,0,0,1,3,0,0,0,161235,0,0,14,1,0,3,27,4,0,1,40419,0,1,0,1,0,1,2,0,1,500,3,0,0,2,2,0,0,0,0,2,0,1,1,0,-1,1,0,0,0
11592,35039,13295,0,0,0,0,0,60201,0,0,0,1,0,1,0,0,0,1,0,16,1,-1,1,1,0,0,0,1,1,0,1,0,1,1,1,0,1,1,223101,1,2028,1,1,1,0,0,5500,1,1,0,180,0,0,-1,1,0,146600,16,0,0,1,2,1,0,0,75,0,2,0,0,1,0,40422,1,1,1,1,1,1,0,135,0,0,0,1,1,1,1,0,0,0,1,1,0,0,0,161235,0,0,14,1,0,3,27,3,0,1,40422,0,1,0,1,0,1,2,0,1,500,3,0,0,2,2,0,0,0,0,2,0,1,1,0,-1,1,0,0,0
11592,35039,13295,0,0,0,0,0,60201,0,0,0,1,0,1,0,0,0,1,0,16,1,-1,1,1,0,0,0,1,1,0,1,0,1,1,1,0,1,1,223101,1,2028,1,1,1,0,0,5500,1,1,0,180,0,0,-1,1,0,146600,16,0,0,1,2,1,0,0,75,1,2,0,0,1,0,40438,1,1,1,1,1,1,0,136,0,0,0,1,1,1,1,0,0,0,1,9,0,0,0,161235,0,0,14,1,0,3,27,3,0,1,40438,0,1,0,1,0,1,9,0,1,500,3,0,0,2,2,0,0,0,0,2,0,1,1,0,-1,1,0,0,0
11592,35039,13295,0,0,0,0,0,60201,0,0,0,1,0,1,0,0,0,1,0,16,1,-1,1,1,0,0,0,1,1,0,1,0,1,1,1,0,1,1,223101,1,2028,1,1,1,0,0,5500,1,1,0,180,0,0,-1,1,0,146600,16,0,0,1,2,1,0,0,75,1,2,0,0,1,0,40455,1,1,1,1,1,1,0,137,0,0,0,1,1,1,1,0,0,0,1,3,0,0,0,161235,0,0,14,1,0,3,27,3,0,1,40455,0,1,0,1,0,1,1,0,1,500,3,0,0,2,2,0,0,0,0,2,0,1,1,0,-1,1,0,0,0
11592,35080,13295,0,0,0,0,0,60201,0,0,0,1,0,1,0,0,0,1,0,16,1,-1,1,1,0,0,0,1,1,0,1,0,1,1,1,0,1,1,223101,1,2028,1,1,1,0,0,5500,1,1,0,175,0,0,-1,1,0,152416,16,0,0,1,2,1,0,0,68,0,2,0,0,1,0,40458,1,1,1,1,1,1,0,138,0,0,0,1,1,1,1,0,0,0,1,1,0,0,0,161235,0,0,14,1,0,3,27,2,0,1,40458,0,1,0,1,0,1,2,0,1,500,3,0,0,2,2,0,0,0,0,2,0,1,1,0,-1,1,0,0,0
8221,8221,8221,0,0,0,0,0,1140503,0,0,0,1,0,1,0,0,0,1,0,501,1,-1,1,1,0,0,0,1,1,0,1,0,1,1,1,0,1,1,223101,1,2028,1,1,1,0,0,5500,1,1,0,180,0,0,-1,1,0,146600,16,0,0,1,2,1,0,0,75,1,0,0,0,1,1,40750,1,1,1,1,1,1,0,139,0,0,0,1,1,1,1,0,0,0,1,3,0,0,0,160231,0,0,14,1,0,3,27,3,0,1,40750,0,1,0,1,0,1,5,0,1,500,3,0,0,1,0,0,0,0,0,2,0,1,1,0,-1,1,0,0,0
8222,8222,8222,0,0,0,0,0,1140503,0,0,0,1,0,1,0,0,0,1,0,501,1,-1,1,1,0,0,0,1,1,0,1,0,1,1,1,0,1,1,223101,1,2028,1,1,1,0,0,5500,1,1,0,180,0,0,-1,1,0,146600,16,0,0,1,2,1,0,0,75,1,0,0,0,1,1,40751,1,1,1,1,1,1,0,140,0,0,0,1,1,1,1,0,0,0,1,4,0,0,0,160231,0,0,14,1,0,3,27,3,0,1,40751,0,1,0,1,0,1,3,0,1,500,3,0,0,1,0,0,0,0,0,2,0,1,1,0,-1,1,0,0,0
8223,8223,8223,0,0,0,0,0,1140503,0,0,0,1,0,1,0,0,0,1,0,501,1,-1,1,1,0,0,0,1,1,0,1,0,1,1,1,0,1,1,223101,1,2028,1,1,1,0,0,5500,1,1,0,180,0,0,-1,1,0,146600,16,0,0,1,2,1,0,0,75,1,0,0,0,1,1,40752,1,1,1,1,1,1,0,141,0,0,0,1,1,1,1,0,0,0,1,5,0,0,0,160231,0,0,14,1,0,3,27,4,0,1,40752,0,1,0,1,0,1,4,0,1,500,3,0,0,1,0,0,0,0,0,2,0,1,1,0,-1,1,0,0,0
8224,8224,8224,0,0,0,0,0,1140503,0,0,0,1,0,1,0,0,0,1,0,501,1,-1,1,1,0,0,0,1,1,0,1,0,1,1,1,0,1,1,223101,1,2028,1,1,1,0,0,5500,1,1,0,180,0,0,-1,1,0,146600,16,0,0,1,2,1,0,0,75,1,0,0,0,1,1,40753,1,1,1,1,1,1,0,142,0,0,0,1,1,1,1,0,0,0,1,9,0,0,0,160231,0,0,14,1,0,3,27,2,0,1,40753,0,1,0,1,0,1,4,0,1,500,3,0,0,1,0,0,0,0,0,2,0,1,1,0,-1,1,0,0,0
8225,8225,8225,0,0,0,0,0,1140503,0,0,0,1,0,1,0,0,0,1,0,501,1,-1,1,1,0,0,0,1,1,0,1,0,1,1,1,0,1,1,223101,1,2028,1,1,1,0,0,5500,1,1,0,180,0,0,-1,1,0,146600,16,0,0,1,2,1,0,0,75,1,0,0,0,1,1,40755,1,1,1,1,1,1,0,143,0,0,0,1,1,1,1,0,0,0,1,9,0,0,0,160231,0,0,14,1,0,3,27,3,0,1,40755,0,1,0,1,0,1,9,0,1,500,3,0,0,1,0,0,0,0,0,2,0,1,1,0,-1,1,0,0,0
8226,8226,8226,0,0,0,0,0,1140503,0,0,0,1,0,1,0,0,0,1,0,501,1,-1,1,1,0,0,0,1,1,0,1,0,1,1,1,0,1,1,223101,1,2028,1,1,1,0,0,5500,1,1,0,180,0,0,-1,1,0,146600,16,0,0,1,2,1,0,0,75,1,0,0,0,1,1,40758,1,1,1,1,1,1,0,144,0,0,0,1,1,1,1,0,0,0,1,4,0,0,0,160231,0,0,14,1,0,3,27,4,0,1,40758,0,1,0,1,0,1,2,0,1,500,3,0,0,1,0,0,0,0,0,2,0,1,1,0,-1,1,0,0,0
8227,8227,8227,0,0,0,0,0,1140503,0,0,0,1,0,1,0,0,0,1,0,501,1,-1,1,1,0,0,0,1,1,0,1,0,1,1,1,0,1,1,223101,1,2028,1,1,1,0,0,5500,1,1,0,180,0,0,-1,1,0,146600,16,0,0,1,2,1,0,0,75,1,0,0,0,1,1,40759,1,1,1,1,1,1,0,145,0,0,0,1,1,1,1,0,0,0,1,9,0,0,0,160231,0,0,14,1,0,3,27,2,0,1,40759,0,1,0,1,0,1,2,0,1,500,3,0,0,1,0,0,0,0,0,2,0,1,1,0,-1,1,0,0,0
8228,8228,8228,0,0,0,0,0,1140503,0,0,0,1,0,1,0,0,0,1,0,501,1,-1,1,1,0,0,0,1,1,0,1,0,1,1,1,0,1,1,223101,1,2028,1,1,1,0,0,5500,1,1,0,180,0,0,-1,1,0,146600,16,0,0,1,2,1,0,0,75,1,0,0,0,1,1,40760,1,1,1,1,1,1,0,146,0,0,0,1,1,1,1,0,0,0,1,9,0,0,0,160231,0,0,14,1,0,3,27,3,0,1,40760,0,1,0,1,0,1,7,0,1,500,3,0,0,1,0,0,0,0,0,2,0,1,1,0,-1,1,0,0,0
8229,8229,8229,0,0,0,0,0,1140503,0,0,0,1,0,1,0,0,0,1,0,501,1,-1,1,1,0,0,0,1,1,0,1,0,1,1,1,0,1,1,223101,1,2028,1,1,1,0,0,5500,1,1,0,180,0,0,-1,1,0,146600,16,0,0,1,2,1,0,0,75,1,0,0,0,1,1,40781,1,1,1,1,1,1,0,147,0,0,0,1,1,1,1,0,0,0,1,6,0,0,0,160495,0,0,14,1,0,3,27,2,0,1,40781,0,1,0,1,0,1,2,0,1,500,3,0,0,1,0,0,0,0,0,2,0,1,1,0,-1,1,0,0,0
8230,8230,8230,0,0,0,0,0,1140503,0,0,0,1,0,1,0,0,0,1,0,501,1,-1,1,1,0,0,0,1,1,0,1,0,1,1,1,0,1,1,223101,1,2028,1,1,1,0,0,5500,1,1,0,180,0,0,-1,1,0,146600,16,0,0,1,2,1,0,0,75,1,0,0,0,1,1,40790,1,1,1,1,1,1,0,148,0,0,0,1,1,1,1,0,0,0,1,9,0,0,0,160522,0,0,14,1,0,3,27,4,0,1,40790,0,1,0,1,0,1,9,0,1,500,3,0,0,1,0,0,0,0,0,2,0,1,1,0,-1,1,0,0,0
13300,15260,15260,0,0,0,0,0,1140503,0,0,0,1,0,1,0,0,0,1,0,501,1,-1,1,1,0,0,0,1,1,0,1,0,1,1,1,0,1,1,223101,1,2028,1,1,1,0,0,5500,1,1,0,180,0,0,-1,1,0,146600,16,0,0,1,2,1,0,0,75,1,0,0,0,1,1,40800,1,1,1,1,1,1,0,149,0,0,0,1,1,1,1,0,0,0,1,3,0,0,0,160522,0,0,14,1,0,3,27,4,0,1,40800,0,1,0,1,0,1,5,0,1,500,3,0,0,1,0,0,0,0,0,2,0,1,1,0,-1,1,0,0,0
8231,8231,8231,0,0,0,0,0,1140503,0,0,0,1,0,1,0,0,0,1,0,501,1,-1,1,1,0,0,0,1,1,0,1,0,1,1,1,0,1,1,223101,1,2028,1,1,1,0,0,5500,1,1,0,180,0,0,-1,1,0,146600,16,0,0,1,2,1,0,0,75,1,0,0,0,1,1,40801,1,1,1,1,1,1,0,150,0,0,0,1,1,1,1,0,0,0,1,3,0,0,0,160495,0,0,14,1,0,3,27,4,0,1,40801,0,1,0,1,0,1,10,0,1,500,3,0,0,1,0,0,0,0,0,2,0,1,1,0,-1,1,0,0,0
8232,8232,8232,0,0,0,0,0,1140503,0,0,0,1,0,1,0,0,0,1,0,501,1,-1,1,1,0,0,0,1,1,0,1,0,1,1,1,0,1,1,223101,1,2028,1,1,1,0,0,5500,1,1,0,180,0,0,-1,1,0,146600,16,0,0,1,2,1,0,0,75,0,0,0,0,1,1,40802,1,1,1,1,1,1,0,151,0,0,0,1,1,1,1,0,0,0,1,1,0,0,0,160522,1,0,14,1,0,3,27,2,0,1,40802,0,1,0,1,0,1,2,0,1,500,3,0,0,1,0,0,0,0,0,3,0,1,1,0,-1,1,0,0,0
31874,41509,19034,19034,0,0,32,131,2150301,0,3,0,87,0,86,0,0,0,84,0,158,37,-1,82,84,0,0,0,84,3,0,46,15,85,89,3,0,88,93,223101,89,2027,84,91,35,0,0,2508,90,88,0,186,1,0,-1,76,1,145922,18,0,0,90,71,86,4194337,0,78,1,2,0,131072,84,0,138449,5,43,5,88,80,4,0,152,0,0,0,47,90,86,60,0,0,0,5,3,0,0,0,160432,0,0,54,1,0,4,55,2,0,85,138449,0,3,0,4,512,84,4,0,89,500,2,0,0,2,0,0,0,0,0,296,0,89,44,18,-1,84,0,0,0
26956,19750,19750,0,0,0,31,121,1170502,0,3,0,83,1,76,0,0,0,87,0,519,82,-1,89,82,2,0,0,85,11,0,86,18,82,88,9,0,89,85,122101,91,2029,87,87,67,0,0,9500,86,79,0,169,1,0,18,76,0,148096,14,0,1,91,77,83,17564672,0,61,0,2,0,32,74,1,226373,9,78,4,91,80,3,0,153,0,0,0,76,83,88,76,0,0,0,15,4,0,0,0,160942,0,0,21,1,0,3,69,2,0,81,226373,0,9,0,3,1536,85,2,0,88,503,3,0,0,2,0,0,0,18,0,8,0,81,74,0,-1,78,0,0,3
15800,33689,33689,0,31,0,21,118,70102,0,6,0,86,0,88,0,0,0,91,0,583,86,-1,93,81,0,0,0,89,14,0,83,0,86,91,12,0,91,93,122101,91,2029,92,91,68,0,0,6006,91,81,0,165,4,0,18,69,3,144598,14,0,1,92,76,79,6815904,0,54,0,1,0,8388608,82,1,227006,13,83,5,94,79,3,0,154,0,0,0,71,88,91,87,0,0,0,8,9,0,0,0,160942,0,0,163,1,0,4,78,5,0,92,227006,0,14,0,3,1152,87,4,0,91,502,2,0,0,4,0,0,0,4,0,2,0,84,82,0,-1,74,0,0,20
6255,339,339,0,31,0,22,121,60302,0,2,0,90,1,84,0,0,0,88,0,568,82,-1,90,78,2,0,0,93,13,0,83,7,83,90,14,0,88,90,132101,92,2029,88,88,79,0,0,7007,89,80,0,168,1,0,18,77,2,146880,14,0,1,93,78,88,33882123,0,59,1,2,0,256,82,1,227324,6,80,5,93,93,3,0,155,0,0,0,75,84,90,67,0,0,0,8,4,0,0,0,160942,0,0,18,1,0,4,65,3,0,85,227324,0,15,0,3,0,89,2,0,90,502,4,0,0,2,0,0,0,6,0,2,0,82,80,1,-1,92,0,0,6
20957,24884,24884,0,39,0,43,141,60201,0,0,0,80,1,93,0,0,0,91,0,227,34,-1,74,82,0,0,0,83,13,0,38,31,78,93,6,51,91,88,224001,83,2029,92,93,32,0,0,1016,92,97,0,182,1,0,27,77,131,152008,25,0,0,92,77,90,50724865,2,75,0,2,0,4194304,82,0,231747,7,36,5,85,69,4,0,156,0,0,102,61,97,81,72,0,0,0,5,9,0,0,8,161333,0,0,18,1,0,4,88,2,0,87,231747,0,11,0,4,64,89,7,0,90,502,3,0,0,7,0,0,0,30,0,343,13,97,26,0,-1,84,0,0,0
2110,34518,34518,0,0,0,0,41,1140000,0,6,287,89,0,78,0,0,0,91,0,65,30,-1,66,87,0,0,0,86,12,0,40,15,61,88,7,44,89,87,232001,77,2027,90,85,24,0,0,3505,85,85,0,183,1,0,23,80,1,143891,25,0,0,87,76,89,1,0,73,0,0,0,0,80,0,13128,7,35,4,75,86,2,0,157,0,0,0,65,82,73,84,0,0,0,7,3,0,0,0,160937,0,0,49,1,0,4,90,2,0,73,239420,0,10,0,2,0,89,2,0,88,500,2,0,0,1,0,0,0,0,0,2,2,84,25,17,-1,86,0,0,6
32042,5121,32040,32040,0,0,0,131,60201,0,0,0,95,0,93,0,0,0,94,0,1,45,-1,86,88,0,0,0,94,12,0,39,3,90,93,12,0,97,97,244101,90,2027,96,96,41,0,0,1514,95,90,0,186,1,0,27,83,1,142267,18,0,0,97,80,95,262144,0,75,1,2,0,1,83,0,4231,15,46,5,90,92,3,0,158,0,0,0,63,88,90,78,0,3,0,10,9,0,0,0,160937,0,0,54,2,0,3,89,4,0,87,246477,0,11,2,3,0,95,5,0,93,501,3,0,0,6,0,0,0,15,0,2,0,89,41,2,-1,92,0,0,0
8787,4055,4055,0,0,0,0,118,240401,0,5,287,99,0,90,0,0,0,96,0,70,85,-1,99,96,2,0,0,99,6,0,86,15,99,96,6,0,98,98,232001,98,2028,92,94,82,0,0,1505,95,92,0,182,1,0,12,89,3,143375,14,0,0,97,92,95,16777217,0,75,0,0,0,128,93,0,250,12,85,5,97,99,2,0,159,0,0,0,92,89,98,87,0,0,0,15,7,1,0,0,159968,0,0,14,1,0,3,93,3,0,97,259138,0,13,0,2,0,94,3,0,96,500,4,0,0,1,0,0,0,0,0,391,0,91,85,3,-1,93,0,0,6
8787,4055,4055,0,0,0,0,23,30301,0,0,0,35,0,54,0,0,0,47,0,16,37,-1,46,49,0,0,0,37,12,0,44,0,45,48,11,0,46,43,223101,46,2028,32,48,43,0,0,1,46,56,0,182,0,0,-1,55,0,143375,12,0,0,39,53,48,0,0,74,1,0,0,0,63,0,250,9,39,1,52,35,1,0,160,0,0,0,45,56,47,45,0,0,0,7,5,0,0,0,159325,0,0,14,1,0,3,49,2,0,56,261581,0,9,3,1,0,38,3,0,48,500,3,0,0,1,2,0,0,0,0,391,0,56,33,0,-1,36,0,0,0
11613,6318,6318,0,0,0,0,111,2150301,0,3,0,63,0,84,0,0,0,36,0,25,93,-1,71,51,0,0,0,51,11,0,95,15,58,91,13,0,91,82,224001,50,2029,35,57,92,0,0,3501,67,77,0,176,1,0,-1,86,1,142779,5,0,0,69,84,58,0,0,74,1,2,0,0,81,0,1183,14,93,5,73,37,1,0,161,0,0,0,85,83,63,88,0,0,0,6,8,0,0,0,160978,0,0,27,1,0,3,92,4,0,77,270419,0,13,0,1,64,44,3,0,91,500,2,0,0,4,0,0,0,0,0,2,0,80,94,0,-1,44,0,0,0
9208,31137,31137,0,0,0,0,41,30301,0,0,0,32,0,57,0,0,0,52,0,16,10,-1,28,59,0,0,0,44,12,0,17,0,31,50,13,0,52,41,223101,43,2029,54,50,12,0,0,1,50,64,0,177,0,0,-1,55,0,140430,25,0,0,45,49,43,0,0,75,1,0,0,0,65,0,272691,14,18,1,36,32,1,0,162,0,0,0,31,56,35,54,0,0,0,12,10,0,0,0,159325,0,0,42,1,0,3,54,2,0,51,272691,0,13,0,1,0,49,1,0,50,500,3,0,0,1,2,0,0,0,0,9,0,60,15,0,-1,34,0,0,0
14468,26393,26393,0,0,0,0,18,30301,0,0,0,44,0,57,0,0,0,49,0,16,30,-1,59,45,0,0,0,30,11,0,25,0,40,51,5,0,51,58,223101,54,2029,43,59,41,0,0,1,58,66,0,180,0,0,-1,55,0,142204,14,0,0,57,51,48,0,0,75,1,0,0,0,65,0,272692,13,34,1,53,35,1,0,163,0,0,0,44,64,50,37,0,0,0,12,1,0,0,0,159325,0,0,14,1,0,3,46,3,0,49,272692,0,5,0,1,0,41,3,0,51,500,3,0,0,1,2,0,0,0,0,2,0,65,39,0,-1,35,0,0,0
35688,32114,32114,0,0,0,0,18,30301,0,0,0,31,0,50,0,0,0,34,0,16,48,-1,57,43,0,0,0,31,10,0,46,0,40,47,15,0,50,38,223101,41,2029,28,45,51,0,0,1,46,62,0,180,0,0,-1,55,0,139546,14,0,0,43,53,43,0,0,75,1,0,0,0,65,0,272693,13,47,1,55,33,1,0,164,0,0,0,55,63,47,49,0,0,0,12,5,0,0,0,159325,0,0,14,1,0,3,52,3,0,47,272693,0,14,0,1,0,33,3,0,47,500,3,0,0,1,2,0,0,0,0,2,0,62,45,0,-1,32,0,0,0
35855,35119,35119,0,0,0,0,35,1140503,0,0,0,43,0,50,0,0,0,40,0,501,24,-1,31,50,0,0,0,35,13,0,16,0,48,49,10,0,37,41,223101,47,2029,51,52,29,0,0,5500,51,69,0,170,0,0,-1,33,0,145042,23,0,0,47,36,62,0,0,60,1,0,0,0,87,1,272694,6,24,1,40,34,1,0,165,0,0,0,30,65,42,33,0,0,0,14,5,0,0,0,160866,0,0,14,1,0,3,29,4,0,49,272694,0,7,0,1,0,49,4,0,49,500,3,0,0,1,0,0,0,0,0,8,0,67,24,0,-1,41,0,0,0
1476,33908,33908,0,0,0,0,3,1140503,0,0,0,30,0,55,0,0,0,42,0,501,57,-1,24,31,0,0,0,26,8,0,54,0,41,52,12,0,49,36,223101,39,2029,29,54,53,0,0,5500,48,63,0,170,0,0,-1,33,0,146828,4,0,0,33,43,23,0,0,60,1,0,0,0,87,1,272695,6,50,1,33,33,1,0,166,0,0,0,52,69,34,38,0,0,0,7,3,0,0,0,160866,0,0,14,1,0,3,33,4,0,59,272695,0,10,0,1,0,28,7,0,52,500,3,0,0,1,0,0,0,0,0,8,0,66,44,0,-1,26,0,0,0
